{"pos": [[0, 3], [7, 3], [0, 2], [7, 2], [0, 1], [7, 1], [0, 0], [7, 0], [1, 0], [7, 1], [2, 0], [6, 1], [2, 1], [6, 2], [2, 2], [6, 3], [2, 1], [6, 4], [3, 1], [5, 4], [2, 1], [6, 4], [1, 1], [6, 5], [1, 2], [6, 6], [1, 3], [7, 6], [2, 3], [6, 6], [0, 4], [6, 7], [1, 4], [6, 6], [2, 4], [5, 6], [2, 5], [5, 7], [1, 5], [4, 7], [2, 5], [3, 7], [3, 5], [3, 6], [3, 4], [3, 7], [0, 4], [2, 7], [0, 5], [1, 7], [0, 6], [0, 7], [0, 5], [1, 7], [1, 5], [1, 6], [1, 4], [2, 6], [0, 4], [2, 5], [1, 4], [2, 6], [2, 4], [2, 5], [3, 4], [2, 6], [4, 4], [2, 5], [0, 4], [2, 6], [1, 4], [2, 5], [2, 4], [2, 6], [3, 4], [2, 5], [0, 4], [2, 6], [1, 4], [2, 7]], "a_eggs_laid": [1, 1, 1, 1, 2, 2, 2, 2, 5, 5, 5, 5, 6, 6, 6, 6, 7, 7, 7, 7, 8, 8, 8, 8, 9, 9, 9, 9, 10, 10, 10, 10, 10, 10, 10, 10, 11, 11, 11, 11, 12, 12, 12, 12, 13, 13, 13, 13, 13, 13, 13, 13, 14, 14, 14, 14, 14, 14, 14, 14, 14, 14, 14, 14, 14, 14, 14, 14, 15, 15, 15, 15, 15, 15, 15, 15, 15, 15, 15, 15], "b_eggs_laid": [0, 1, 1, 1, 1, 2, 2, 2, 2, 5, 5, 5, 5, 6, 6, 6, 6, 7, 7, 7, 7, 8, 8, 8, 8, 9, 9, 9, 9, 10, 10, 14, 14, 15, 15, 15, 15, 16, 16, 16, 16, 17, 17, 17, 17, 18, 18, 22, 22, 23, 23, 23, 23, 26, 26, 26, 26, 27, 27, 27, 27, 28, 28, 28, 28, 28, 28, 28, 28, 32, 32, 32, 32, 32, 32, 32, 32, 36, 36, 36], "a_turds_left": [5, 5, 4, 4, 4, 4, 3, 3, 3, 3, 3, 3, 3, 3, 3, 3, 3, 3, 3, 3, 3, 3, 3, 3, 3, 3, 2, 2, 2, 2, 2, 2, 2, 2, 2, 2, 2, 2, 2, 2, 2, 2, 2, 2, 2, 2, 2, 2, 2, 2, 2, 2, 2, 2, 1, 1, 1, 1, 1, 1, 1, 1, 1, 1, 1, 1, 1, 1, 1, 1, 1, 1, 1, 1, 1, 1, 1, 1, 1, 1], "b_turds_left": [5, 5, 5, 5, 5, 5, 5, 5, 5, 5, 5, 5, 5, 5, 5, 5, 5, 5, 5, 5, 5, 5, 5, 5, 5, 5, 5, 5, 5, 5, 5, 5, 5, 5, 5, 5, 5, 5, 5, 5, 5, 5, 5, 5, 5, 5, 5, 5, 5, 5, 5, 5, 5, 5, 5, 5, 5, 5, 5, 5, 5, 5, 5, 5, 5, 5, 5, 5, 5, 5, 5, 5, 5, 5, 5, 5, 5, 5, 5, 4], "a_time_left": [358.53863525000634, 358.53863525000634, 357.7993831670028, 357.7993831670028, 356.31929829204455, 356.31929829204455, 355.7858747920254, 355.7858747920254, 355.1598062500125, 355.1598062500125, 354.49043591704685, 354.49043591704685, 352.0566856250516, 352.0566856250516, 350.64670320804, 350.64670320804, 347.4914184579975, 347.4914184579975, 346.2448807079927, 346.2448807079927, 342.9398337499588, 342.9398337499588, 342.1125494999578, 342.1125494999578, 338.9884812499513, 338.9884812499513, 337.6526185829425, 337.6526185829425, 335.5816109989537, 335.5816109989537, 334.42164549895097, 334.42164549895097, 333.970019957982, 333.970019957982, 333.2125293739955, 333.2125293739955, 330.2670237069833, 330.2670237069833, 329.611334081972, 329.611334081972, 327.6744599150261, 327.6744599150261, 327.1290125810192, 327.1290125810192, 326.48889583104756, 326.48889583104756, 325.9319063310395, 325.9319063310395, 325.49563720601145, 325.49563720601145, 325.2255139980116, 325.2255139980116, 325.0674738730304, 325.0674738730304, 324.92480812303256, 324.92480812303256, 324.74041574803414, 324.74041574803414, 324.5211472060764, 324.5211472060764, 324.39203058107523, 324.39203058107523, 324.2486747900257, 324.2486747900257, 324.17929570697015, 324.17929570697015, 324.0072574989754, 324.0072574989754, 323.8539420409943, 323.8539420409943, 323.78438470797846, 323.78438470797846, 323.6620689579868, 323.6620689579868, 323.58123041596264, 323.58123041596264, 323.4480327909696, 323.4480327909696, 323.4242219159496, 323.4242219159496], "b_time_left": [360, 358.3402580000111, 358.3402580000111, 357.48149787500734, 357.48149787500734, 356.57647937501315, 356.57647937501315, 356.066592667019, 356.066592667019, 355.002866209019, 355.002866209019, 354.0049560419866, 354.0049560419866, 350.52254204195924, 350.52254204195924, 348.764836083923, 348.764836083923, 346.4717251259135, 346.4717251259135, 345.07605512591545, 345.07605512591545, 343.91723020991776, 343.91723020991776, 342.65995000093244, 342.65995000093244, 340.8315620009671, 340.8315620009671, 339.4934097509249, 339.4934097509249, 337.5161292509292, 337.5161292509292, 337.09704466792755, 337.09704466792755, 335.55374408495845, 335.55374408495845, 334.05005820991937, 334.05005820991937, 330.98209783493076, 330.98209783493076, 329.9112932519638, 329.9112932519638, 328.69104179396527, 328.69104179396527, 328.12241950194584, 328.12241950194584, 326.83913046098314, 326.83913046098314, 326.63072458596434, 326.63072458596434, 325.6824745030026, 325.6824745030026, 325.45096912799636, 325.45096912799636, 325.3719020449789, 325.3719020449789, 325.2048438360216, 325.2048438360216, 324.87498691905057, 324.87498691905057, 324.70058721106034, 324.70058721106034, 324.56248950300505, 324.56248950300505, 324.2478514609975, 324.2478514609975, 324.09746296098456, 324.09746296098456, 323.42393733601784, 323.42393733601784, 323.38048546097707, 323.38048546097707, 323.15935179399094, 323.15935179399094, 323.0890597939724, 323.0890597939724, 322.70996446098434, 322.70996446098434, 322.69010725297267, 322.69010725297267, 322.6807587109506], "a_moves_left": [39, 39, 38, 38, 37, 37, 36, 36, 35, 35, 34, 34, 33, 33, 32, 32, 31, 31, 30, 30, 29, 29, 28, 28, 27, 27, 26, 26, 25, 25, 24, 24, 23, 23, 22, 22, 21, 21, 20, 20, 19, 19, 18, 18, 17, 17, 16, 16, 15, 15, 14, 14, 13, 13, 12, 12, 11, 11, 10, 10, 9, 9, 8, 8, 7, 7, 6, 6, 5, 5, 4, 4, 3, 3, 2, 2, 1, 1, 0, 0], "b_moves_left": [40, 39, 39, 38, 38, 37, 37, 36, 36, 35, 35, 34, 34, 33, 33, 32, 32, 31, 31, 30, 30, 29, 29, 28, 28, 27, 27, 26, 26, 25, 25, 24, 24, 23, 23, 22, 22, 21, 21, 20, 20, 19, 19, 18, 18, 17, 17, 16, 16, 15, 15, 14, 14, 13, 13, 12, 12, 11, 11, 10, 10, 9, 9, 8, 8, 7, 7, 6, 6, 5, 5, 4, 4, 3, 3, 2, 2, 1, 1, 0], "trapdoor_triggered": [0, 0, 0, 0, 0, 0, 0, 0, 0, 0, 0, 0, 0, 0, 0, 0, 0, 0, 0, 0, 0, 0, 0, 0, 0, 0, 0, 0, 0, 0, 1, 0, 0, 0, 0, 0, 0, 0, 0, 0, 0, 0, 0, 0, 0, 0, 1, 0, 0, 0, 0, 0, 0, 0, 0, 0, 0, 0, 0, 0, 0, 0, 0, 0, 0, 0, 0, 0, 1, 0, 0, 0, 0, 0, 0, 0, 1, 0, 0, 0], "left_behind": ["egg", "egg", "turd", "plain", "egg", "egg", "turd", "plain", "egg", "egg", "plain", "plain", "egg", "egg", "plain", "plain", "egg", "egg", "plain", "plain", "egg", "egg", "plain", "plain", "egg", "egg", "turd", "plain", "egg", "egg", "plain", "plain", "plain", "egg", "plain", "plain", "egg", "egg", "plain", "plain", "egg", "egg", "plain", "plain", "egg", "egg", "plain", "plain", "plain", "egg", "plain", "plain", "egg", "egg", "turd", "plain", "plain", "egg", "plain", "plain", "plain", "egg", "plain", "plain", "plain", "plain", "plain", "plain", "egg", "plain", "plain", "plain", "plain", "plain", "plain", "plain", "plain", "plain", "plain", "turd"], "errlog_a": "", "errlog_b": "", "start_time": 360, "start_moves": 40, "turn_count": 80, "result": 1, "reason": "EGGS_LAID", "trapdoors": [[3, 3], [4, 3]], "spawn_a": [0, 4], "spawn_b": [7, 4]}