{"pos": [[7, 2], [1, 1], [7, 3], [1, 0], [7, 2], [2, 0], [6, 2], [3, 0], [6, 3], [4, 0], [6, 4], [5, 0], [6, 5], [5, 1], [7, 5], [6, 1], [7, 6], [5, 1], [7, 7], [5, 2], [7, 6], [5, 1], [6, 6], [4, 1], [5, 6], [3, 1], [5, 5], [3, 2], [5, 6], [3, 1], [5, 7], [2, 1], [5, 6], [2, 2], [4, 6], [2, 3], [3, 6], [2, 2], [2, 6], [1, 2], [2, 5], [1, 3], [1, 5], [1, 4], [1, 6], [1, 3], [1, 7], [0, 3], [2, 7], [0, 4], [3, 7], [0, 5], [3, 6], [0, 4], [3, 5], [1, 4], [4, 5], [1, 3], [4, 4], [2, 3], [5, 4], [3, 3], [5, 3], [4, 3], [6, 3], [0, 1], [6, 2], [1, 1], [6, 3], [1, 0], [6, 2], [2, 0], [6, 3], [3, 0], [6, 2], [4, 0], [6, 3], [5, 0], [6, 4], [4, 0]], "a_eggs_laid": [1, 1, 1, 1, 2, 2, 2, 2, 3, 3, 3, 3, 4, 4, 4, 4, 5, 5, 5, 5, 8, 8, 8, 8, 9, 9, 9, 9, 10, 10, 10, 10, 11, 11, 11, 11, 12, 12, 12, 12, 13, 13, 13, 13, 14, 14, 14, 14, 15, 15, 15, 15, 16, 16, 16, 16, 17, 17, 17, 17, 18, 18, 18, 18, 19, 19, 23, 23, 23, 23, 23, 23, 23, 23, 23, 23, 23, 23, 23, 23], "b_eggs_laid": [0, 1, 1, 1, 1, 2, 2, 2, 2, 3, 3, 3, 3, 4, 4, 4, 4, 5, 5, 5, 5, 6, 6, 6, 6, 7, 7, 7, 7, 8, 8, 8, 8, 9, 9, 9, 9, 10, 10, 10, 10, 11, 11, 11, 11, 12, 12, 12, 12, 13, 13, 13, 13, 14, 14, 14, 14, 14, 14, 14, 14, 14, 14, 14, 14, 15, 15, 15, 15, 15, 15, 15, 15, 15, 15, 15, 15, 15, 15, 15], "a_turds_left": [5, 5, 5, 5, 5, 5, 5, 5, 5, 5, 5, 5, 5, 5, 5, 5, 5, 5, 5, 5, 5, 5, 5, 5, 5, 5, 5, 5, 5, 5, 5, 5, 5, 5, 5, 5, 5, 5, 5, 5, 5, 5, 5, 5, 5, 5, 5, 5, 5, 5, 5, 5, 5, 5, 5, 5, 5, 5, 5, 5, 5, 5, 5, 5, 5, 5, 5, 5, 5, 5, 5, 5, 5, 5, 5, 5, 5, 5, 5, 5], "b_turds_left": [5, 5, 5, 5, 5, 5, 5, 5, 5, 5, 5, 5, 5, 5, 5, 5, 5, 5, 5, 5, 5, 5, 5, 5, 5, 5, 5, 5, 5, 5, 5, 5, 5, 5, 5, 5, 5, 5, 5, 5, 5, 5, 5, 5, 5, 5, 5, 5, 5, 5, 5, 5, 5, 5, 5, 5, 5, 5, 5, 5, 5, 5, 5, 5, 5, 5, 5, 5, 5, 5, 5, 5, 5, 5, 5, 5, 5, 5, 5, 5], "a_time_left": [358.4467233750038, 358.4467233750038, 357.1530245000031, 357.1530245000031, 355.78289079200476, 355.78289079200476, 354.8811507920036, 354.8811507920036, 352.43137950001983, 352.43137950001983, 350.78678254201077, 350.78678254201077, 348.05765837500803, 348.05765837500803, 346.5419328340213, 346.5419328340213, 345.0663491250016, 345.0663491250016, 344.19016695802566, 344.19016695802566, 343.1140856250422, 343.1140856250422, 342.5276115000597, 342.5276115000597, 338.782390041044, 338.782390041044, 337.3966183330631, 337.3966183330631, 333.81671791605186, 333.81671791605186, 332.85640945803607, 332.85640945803607, 330.61335162399337, 330.61335162399337, 329.547443124, 329.547443124, 326.07410887401784, 326.07410887401784, 324.978271748987, 324.978271748987, 321.81700179103063, 321.81700179103063, 320.9382436250453, 320.9382436250453, 319.9674341250211, 319.9674341250211, 319.3437688749982, 319.3437688749982, 317.9614416669938, 317.9614416669938, 317.68696466699475, 317.68696466699475, 316.99602054199204, 316.99602054199204, 316.7518261669902, 316.7518261669902, 316.1626652919804, 316.1626652919804, 315.7625145839993, 315.7625145839993, 314.8790452089743, 314.8790452089743, 314.34678816696396, 314.34678816696396, 313.8554136669263, 313.8554136669263, 313.6768182499218, 313.6768182499218, 313.5733081669314, 313.5733081669314, 313.4084955418948, 313.4084955418948, 313.33372325089294, 313.33372325089294, 313.1218514589127, 313.1218514589127, 313.05066354293376, 313.05066354293376, 313.03300850093365, 313.03300850093365], "b_time_left": [360, 358.552915541979, 358.552915541979, 357.2231994579779, 357.2231994579779, 356.175910248945, 356.175910248945, 354.7728895819746, 354.7728895819746, 352.71418416599045, 352.71418416599045, 351.0301224999712, 351.0301224999712, 348.0304065839737, 348.0304065839737, 346.8012650839519, 346.8012650839519, 346.071184624976, 346.071184624976, 345.30089070799295, 345.30089070799295, 343.9729360410129, 343.9729360410129, 342.86300674901577, 342.86300674901577, 338.8882475820137, 338.8882475820137, 337.2607599160401, 337.2607599160401, 334.468081833038, 334.468081833038, 333.54907395807095, 333.54907395807095, 331.86493220808916, 331.86493220808916, 330.13146754109766, 330.13146754109766, 327.42199800006347, 327.42199800006347, 326.26073266606545, 326.26073266606545, 323.3292469580774, 323.3292469580774, 322.3584243330988, 322.3584243330988, 320.8465152080753, 320.8465152080753, 320.01345820806455, 320.01345820806455, 319.30547583306907, 319.30547583306907, 318.81022308307, 318.81022308307, 318.32396237406647, 318.32396237406647, 317.66935879102675, 317.66935879102675, 317.465745916008, 317.465745916008, 316.6092763330089, 316.6092763330089, 316.3401842910098, 316.3401842910098, 315.798648957978, 315.798648957978, 315.59354974899907, 315.59354974899907, 315.5176008740091, 315.5176008740091, 315.3112654570141, 315.3112654570141, 315.2355969150085, 315.2355969150085, 315.07290941505926, 315.07290941505926, 314.9922860810184, 314.9922860810184, 314.94036999798845, 314.94036999798845, 314.93744999798946], "a_moves_left": [39, 39, 38, 38, 37, 37, 36, 36, 35, 35, 34, 34, 33, 33, 32, 32, 31, 31, 30, 30, 29, 29, 28, 28, 27, 27, 26, 26, 25, 25, 24, 24, 23, 23, 22, 22, 21, 21, 20, 20, 19, 19, 18, 18, 17, 17, 16, 16, 15, 15, 14, 14, 13, 13, 12, 12, 11, 11, 10, 10, 9, 9, 8, 8, 7, 7, 6, 6, 5, 5, 4, 4, 3, 3, 2, 2, 1, 1, 0, 0], "b_moves_left": [40, 39, 39, 38, 38, 37, 37, 36, 36, 35, 35, 34, 34, 33, 33, 32, 32, 31, 31, 30, 30, 29, 29, 28, 28, 27, 27, 26, 26, 25, 25, 24, 24, 23, 23, 22, 22, 21, 21, 20, 20, 19, 19, 18, 18, 17, 17, 16, 16, 15, 15, 14, 14, 13, 13, 12, 12, 11, 11, 10, 10, 9, 9, 8, 8, 7, 7, 6, 6, 5, 5, 4, 4, 3, 3, 2, 2, 1, 1, 0], "trapdoor_triggered": [0, 0, 0, 0, 0, 0, 0, 0, 0, 0, 0, 0, 0, 0, 0, 0, 0, 0, 0, 0, 0, 0, 0, 0, 0, 0, 0, 0, 0, 0, 0, 0, 0, 0, 0, 0, 0, 0, 0, 0, 0, 0, 0, 0, 0, 0, 0, 0, 0, 0, 0, 0, 0, 0, 0, 0, 0, 0, 0, 0, 0, 0, 0, 0, 0, 1, 0, 0, 0, 0, 0, 0, 0, 0, 0, 0, 0, 0, 0, 0], "left_behind": ["egg", "egg", "plain", "plain", "egg", "egg", "plain", "plain", "egg", "egg", "plain", "plain", "egg", "egg", "plain", "plain", "egg", "egg", "plain", "plain", "egg", "egg", "plain", "plain", "egg", "egg", "plain", "plain", "egg", "egg", "plain", "plain", "egg", "egg", "plain", "plain", "egg", "egg", "plain", "plain", "egg", "egg", "plain", "plain", "egg", "egg", "plain", "plain", "egg", "egg", "plain", "plain", "egg", "egg", "plain", "plain", "egg", "plain", "plain", "plain", "egg", "plain", "plain", "plain", "egg", "egg", "plain", "plain", "plain", "plain", "plain", "plain", "plain", "plain", "plain", "plain", "plain", "plain", "plain", "plain"], "errlog_a": "", "errlog_b": "", "start_time": 360, "start_moves": 40, "turn_count": 80, "result": 0, "reason": "EGGS_LAID", "trapdoors": [[4, 2], [3, 4]], "spawn_a": [7, 1], "spawn_b": [0, 1]}