{"pos": [[0, 5], [7, 5], [1, 5], [7, 4], [2, 5], [7, 3], [2, 6], [7, 2], [3, 6], [7, 1], [3, 7], [7, 0], [3, 6], [7, 1], [3, 5], [6, 1], [4, 5], [6, 2], [5, 5], [6, 3], [5, 6], [6, 2], [6, 6], [5, 2], [6, 5], [6, 2], [6, 4], [6, 3], [6, 5], [6, 2], [6, 6], [6, 1], [6, 7], [5, 1], [7, 7], [5, 0], [6, 7], [5, 1], [5, 7], [4, 1], [4, 7], [3, 1], [4, 6], [3, 2], [3, 6], [3, 3], [3, 5], [2, 3], [3, 6], [2, 4], [2, 6], [1, 4], [1, 6], [1, 3], [1, 7], [1, 2], [1, 6], [1, 3], [1, 7], [0, 3], [2, 7], [0, 2], [3, 7], [0, 1], [2, 7], [1, 1], [3, 7], [1, 0], [3, 6], [2, 0], [2, 6], [3, 0], [1, 6], [3, 1], [0, 6], [2, 1], [1, 6], [2, 2], [1, 7], [2, 3]], "a_eggs_laid": [1, 1, 1, 1, 2, 2, 2, 2, 3, 3, 3, 3, 4, 4, 4, 4, 5, 5, 5, 5, 6, 6, 6, 6, 7, 7, 7, 7, 8, 8, 8, 8, 8, 8, 8, 8, 11, 11, 11, 11, 12, 12, 12, 12, 13, 13, 13, 13, 13, 13, 13, 13, 13, 13, 13, 13, 14, 14, 14, 14, 14, 14, 14, 14, 14, 14, 14, 14, 14, 14, 14, 14, 14, 14, 14, 14, 14, 14, 14, 14], "b_eggs_laid": [0, 1, 1, 1, 1, 2, 2, 2, 2, 3, 3, 3, 3, 6, 6, 6, 6, 7, 7, 7, 7, 8, 8, 8, 8, 9, 9, 9, 9, 9, 9, 9, 9, 9, 9, 9, 9, 10, 10, 10, 10, 11, 11, 11, 11, 12, 12, 12, 12, 13, 13, 13, 13, 14, 14, 14, 14, 15, 15, 15, 15, 16, 16, 16, 16, 17, 17, 17, 17, 18, 18, 18, 18, 19, 19, 19, 19, 19, 19, 19], "a_turds_left": [5, 5, 5, 5, 5, 5, 5, 5, 5, 5, 5, 5, 5, 5, 5, 5, 5, 5, 4, 4, 4, 4, 3, 3, 3, 3, 3, 3, 3, 3, 2, 2, 2, 2, 2, 2, 2, 2, 1, 1, 1, 1, 1, 1, 1, 1, 1, 1, 1, 1, 1, 1, 1, 1, 1, 1, 1, 1, 1, 1, 1, 1, 1, 1, 1, 1, 1, 1, 1, 1, 1, 1, 1, 1, 1, 1, 1, 1, 1, 1], "b_turds_left": [5, 5, 5, 5, 5, 5, 5, 5, 5, 5, 5, 5, 5, 5, 5, 5, 5, 5, 5, 5, 5, 5, 5, 5, 5, 5, 5, 5, 5, 5, 5, 5, 5, 5, 5, 5, 5, 5, 5, 5, 5, 5, 5, 5, 5, 5, 5, 4, 4, 4, 4, 3, 3, 3, 3, 3, 3, 3, 3, 3, 3, 3, 3, 3, 3, 3, 3, 3, 3, 3, 3, 3, 3, 3, 3, 3, 3, 3, 3, 2], "a_time_left": [358.8540370420087, 358.8540370420087, 358.11540908401366, 358.11540908401366, 356.25149325001985, 356.25149325001985, 355.2948181250249, 355.2948181250249, 353.19697112502763, 353.19697112502763, 352.23202104103984, 352.23202104103984, 351.2214543330483, 351.2214543330483, 350.3047886660788, 350.3047886660788, 347.78956745704636, 347.78956745704636, 346.2131413320312, 346.2131413320312, 343.54752337303944, 343.54752337303944, 342.58270358206937, 342.58270358206937, 340.4662472070777, 340.4662472070777, 340.0357517070952, 340.0357517070952, 339.65743016509805, 339.65743016509805, 339.2100354571012, 339.2100354571012, 338.9478238321026, 338.9478238321026, 338.15435612312285, 338.15435612312285, 337.408999414125, 337.408999414125, 336.7612640391453, 336.7612640391453, 334.3362369981478, 334.3362369981478, 333.3366089981864, 333.3366089981864, 330.18203028920107, 330.18203028920107, 329.21499078918714, 329.21499078918714, 328.5467735811835, 328.5467735811835, 328.0002340391511, 328.0002340391511, 327.50493120611645, 327.50493120611645, 326.83072241506306, 326.83072241506306, 324.86128604004625, 324.86128604004625, 324.39392037299694, 324.39392037299694, 324.0609670819831, 324.0609670819831, 323.9025107490015, 323.9025107490015, 323.1752870400087, 323.1752870400087, 322.8328248320613, 322.8328248320613, 322.62443904101383, 322.62443904101383, 322.32065212499583, 322.32065212499583, 321.94604658399476, 321.94604658399476, 321.7053796679829, 321.7053796679829, 321.33250012598, 321.33250012598, 321.29967533494346, 321.29967533494346], "b_time_left": [360, 358.6203206250211, 358.6203206250211, 357.2942918750341, 357.2942918750341, 354.59573325002566, 354.59573325002566, 353.3227316670236, 353.3227316670236, 351.1197904590517, 351.1197904590517, 350.25353166804416, 350.25353166804416, 348.89727975201095, 348.89727975201095, 347.46797900204547, 347.46797900204547, 343.465911543055, 343.465911543055, 341.7734857510077, 341.7734857510077, 338.78613362601027, 338.78613362601027, 337.709822083998, 337.709822083998, 336.56166983401636, 336.56166983401636, 335.8866932510282, 335.8866932510282, 335.65568191802595, 335.65568191802595, 335.477124459052, 335.477124459052, 335.2184933760436, 335.2184933760436, 334.8392687920132, 334.8392687920132, 334.2127524590469, 334.2127524590469, 333.8299636670272, 333.8299636670272, 332.95302762504434, 332.95302762504434, 332.1504160830518, 332.1504160830518, 331.2860422920785, 331.2860422920785, 330.7897124590818, 330.7897124590818, 329.96379729209, 329.96379729209, 329.5454512090655, 329.5454512090655, 329.00229108403437, 329.00229108403437, 328.26013858400984, 328.26013858400984, 327.66316550102783, 327.66316550102783, 327.3171132510761, 327.3171132510761, 327.11287308408646, 327.11287308408646, 326.9066927920794, 326.9066927920794, 326.47447979205754, 326.47447979205754, 326.1890299170627, 326.1890299170627, 325.87148133304436, 325.87148133304436, 325.5871551250457, 325.5871551250457, 325.18146925006295, 325.18146925006295, 324.80747216701275, 324.80747216701275, 324.6756975000608, 324.6756975000608, 324.6705356670427], "a_moves_left": [39, 39, 38, 38, 37, 37, 36, 36, 35, 35, 34, 34, 33, 33, 32, 32, 31, 31, 30, 30, 29, 29, 28, 28, 27, 27, 26, 26, 25, 25, 24, 24, 23, 23, 22, 22, 21, 21, 20, 20, 19, 19, 18, 18, 17, 17, 16, 16, 15, 15, 14, 14, 13, 13, 12, 12, 11, 11, 10, 10, 9, 9, 8, 8, 7, 7, 6, 6, 5, 5, 4, 4, 3, 3, 2, 2, 1, 1, 0, 0], "b_moves_left": [40, 39, 39, 38, 38, 37, 37, 36, 36, 35, 35, 34, 34, 33, 33, 32, 32, 31, 31, 30, 30, 29, 29, 28, 28, 27, 27, 26, 26, 25, 25, 24, 24, 23, 23, 22, 22, 21, 21, 20, 20, 19, 19, 18, 18, 17, 17, 16, 16, 15, 15, 14, 14, 13, 13, 12, 12, 11, 11, 10, 10, 9, 9, 8, 8, 7, 7, 6, 6, 5, 5, 4, 4, 3, 3, 2, 2, 1, 1, 0], "trapdoor_triggered": [0, 0, 0, 0, 0, 0, 0, 0, 0, 0, 0, 0, 0, 0, 0, 0, 0, 0, 0, 0, 0, 0, 0, 0, 0, 0, 0, 0, 0, 0, 0, 0, 0, 0, 0, 0, 0, 0, 0, 0, 0, 0, 0, 0, 0, 0, 0, 0, 0, 0, 0, 0, 0, 0, 0, 0, 0, 0, 0, 0, 0, 0, 0, 0, 0, 0, 0, 0, 0, 0, 0, 0, 0, 0, 0, 0, 0, 0, 0, 0], "left_behind": ["egg", "egg", "plain", "plain", "egg", "egg", "plain", "plain", "egg", "egg", "plain", "plain", "egg", "egg", "plain", "plain", "egg", "egg", "turd", "plain", "egg", "egg", "turd", "plain", "egg", "egg", "plain", "plain", "egg", "plain", "turd", "plain", "plain", "plain", "plain", "plain", "egg", "egg", "turd", "plain", "egg", "egg", "plain", "plain", "egg", "egg", "plain", "turd", "plain", "egg", "plain", "turd", "plain", "egg", "plain", "plain", "egg", "egg", "plain", "plain", "plain", "egg", "plain", "plain", "plain", "egg", "plain", "plain", "plain", "egg", "plain", "plain", "plain", "egg", "plain", "plain", "plain", "plain", "plain", "turd"], "errlog_a": "", "errlog_b": "", "start_time": 360, "start_moves": 40, "turn_count": 80, "result": 1, "reason": "EGGS_LAID", "trapdoors": [[4, 4], [3, 4]], "spawn_a": [0, 6], "spawn_b": [7, 6]}