{"pos": [[0, 5], [7, 5], [0, 4], [7, 4], [0, 3], [7, 3], [0, 2], [7, 2], [0, 1], [7, 1], [0, 0], [7, 0], [1, 0], [7, 1], [2, 0], [6, 1], [2, 1], [6, 2], [2, 2], [6, 3], [2, 3], [6, 4], [0, 6], [6, 5], [1, 6], [6, 6], [1, 5], [6, 7], [2, 5], [6, 6], [0, 6], [5, 6], [1, 6], [4, 6], [1, 7], [3, 6], [1, 6], [2, 6], [1, 5], [2, 5], [1, 4], [7, 6], [1, 3], [7, 5], [1, 2], [7, 4], [1, 1], [7, 3], [2, 1], [7, 2], [3, 1], [7, 3], [4, 1], [7, 4], [4, 0], [7, 3], [4, 1], [7, 4], [4, 2], [7, 5], [4, 3], [7, 6], [3, 3], [7, 5], [4, 3], [7, 6], [5, 3], [7, 5], [0, 6], [7, 4], [1, 6], [7, 5], [2, 6], [7, 4], [2, 7], [7, 5], [1, 7], [7, 4], [1, 6], [7, 5]], "a_eggs_laid": [1, 1, 1, 1, 2, 2, 2, 2, 3, 3, 3, 3, 6, 6, 6, 6, 7, 7, 7, 7, 8, 8, 8, 8, 8, 8, 8, 8, 9, 9, 9, 9, 9, 9, 9, 9, 10, 10, 10, 10, 10, 10, 14, 14, 15, 15, 15, 15, 16, 16, 16, 16, 17, 17, 17, 17, 18, 18, 18, 18, 19, 19, 19, 19, 20, 20, 20, 20, 21, 21, 21, 21, 21, 21, 22, 22, 22, 22, 22, 22], "b_eggs_laid": [0, 1, 1, 1, 1, 2, 2, 2, 2, 3, 3, 3, 3, 6, 6, 6, 6, 7, 7, 7, 7, 8, 8, 12, 12, 13, 13, 13, 13, 14, 14, 18, 18, 19, 19, 19, 19, 20, 20, 20, 20, 21, 21, 21, 21, 21, 21, 21, 21, 21, 21, 21, 21, 21, 21, 21, 21, 21, 21, 21, 21, 21, 21, 21, 21, 21, 21, 21, 21, 25, 25, 25, 25, 25, 25, 25, 25, 25, 25, 25], "a_turds_left": [5, 5, 5, 5, 5, 5, 5, 5, 5, 5, 5, 5, 5, 5, 5, 5, 5, 5, 5, 5, 5, 5, 5, 5, 5, 5, 5, 5, 5, 5, 5, 5, 5, 5, 5, 5, 5, 5, 5, 5, 5, 5, 5, 5, 5, 5, 5, 5, 5, 5, 5, 5, 5, 5, 5, 5, 5, 5, 5, 5, 5, 5, 5, 5, 5, 5, 5, 5, 5, 5, 5, 5, 5, 5, 5, 5, 5, 5, 5, 5], "b_turds_left": [5, 5, 5, 5, 5, 5, 5, 5, 5, 5, 5, 5, 5, 5, 5, 5, 5, 5, 5, 5, 5, 5, 5, 5, 5, 5, 5, 5, 5, 5, 5, 5, 5, 5, 5, 4, 4, 4, 4, 4, 4, 4, 4, 4, 4, 4, 4, 4, 4, 4, 4, 4, 4, 4, 4, 4, 4, 4, 4, 4, 4, 4, 4, 4, 4, 4, 4, 4, 4, 4, 4, 4, 4, 4, 4, 4, 4, 3, 3, 3], "a_time_left": [359.1609860000317, 359.1609860000317, 358.67787404201226, 358.67787404201226, 357.6158165829838, 357.6158165829838, 357.15454679197865, 357.15454679197865, 356.0896337509621, 356.0896337509621, 355.7480748349917, 355.7480748349917, 355.28075691801496, 355.28075691801496, 354.8960402520024, 354.8960402520024, 353.1188479180564, 353.1188479180564, 352.13137308502337, 352.13137308502337, 349.494214210019, 349.494214210019, 348.5732947100187, 348.5732947100187, 348.0744377510273, 348.0744377510273, 347.3555371260154, 347.3555371260154, 346.2390378760174, 346.2390378760174, 345.5516798350145, 345.5516798350145, 345.055010502052, 345.055010502052, 344.3094756270875, 344.3094756270875, 343.5713763771346, 343.5713763771346, 343.48347266810015, 343.48347266810015, 343.3084870840539, 343.3084870840539, 343.173240793054, 343.173240793054, 342.7503887930652, 342.7503887930652, 342.40260862605646, 342.40260862605646, 341.8520578760654, 341.8520578760654, 341.55058275104966, 341.55058275104966, 341.07196987606585, 341.07196987606585, 340.7376466260175, 340.7376466260175, 340.26932375103934, 340.26932375103934, 339.962465418037, 339.962465418037, 339.397120085021, 339.397120085021, 339.2007765020244, 339.2007765020244, 338.7290886270348, 338.7290886270348, 338.4571899190196, 338.4571899190196, 338.0975455029984, 338.0975455029984, 337.9680300030159, 337.9680300030159, 337.8410432530218, 337.8410432530218, 337.4650458780234, 337.4650458780234, 337.3290771700558, 337.3290771700558, 337.32382971205516, 337.32382971205516], "b_time_left": [360, 359.21740600001067, 359.21740600001067, 358.6271632499993, 358.6271632499993, 357.7226492910413, 357.7226492910413, 357.1276426240802, 357.1276426240802, 356.59794229007093, 356.59794229007093, 356.2038294560625, 356.2038294560625, 355.5674509970704, 355.5674509970704, 354.95457908010576, 354.95457908010576, 352.4084903721232, 352.4084903721232, 350.94758391409414, 350.94758391409414, 348.7045099560637, 348.7045099560637, 348.46187999803806, 348.46187999803806, 346.4194579150062, 346.4194579150062, 345.5924163319869, 345.5924163319869, 344.1501738730003, 344.1501738730003, 343.7461023729993, 343.7461023729993, 342.06416224798886, 342.06416224798886, 341.21464712300804, 341.21464712300804, 340.82053508097306, 340.82053508097306, 340.63834637298714, 340.63834637298714, 339.9053799979738, 339.9053799979738, 339.6288780400064, 339.6288780400064, 339.3122059980524, 339.3122059980524, 338.67455795704154, 338.67455795704154, 338.3179349990096, 338.3179349990096, 337.8013510820456, 337.8013510820456, 337.241852457053, 337.241852457053, 337.0039939151029, 337.0039939151029, 336.55298270710045, 336.55298270710045, 336.13352412410313, 336.13352412410313, 335.59273295715684, 335.59273295715684, 335.23845095717115, 335.23845095717115, 334.8519564991584, 334.8519564991584, 334.6134034161805, 334.6134034161805, 334.45435874914983, 334.45435874914983, 334.33966104115825, 334.33966104115825, 334.07968720811186, 334.07968720811186, 334.0002809580765, 334.0002809580765, 333.9677112500649, 333.9677112500649, 333.96533341606846], "a_moves_left": [39, 39, 38, 38, 37, 37, 36, 36, 35, 35, 34, 34, 33, 33, 32, 32, 31, 31, 30, 30, 29, 29, 28, 28, 27, 27, 26, 26, 25, 25, 24, 24, 23, 23, 22, 22, 21, 21, 20, 20, 19, 19, 18, 18, 17, 17, 16, 16, 15, 15, 14, 14, 13, 13, 12, 12, 11, 11, 10, 10, 9, 9, 8, 8, 7, 7, 6, 6, 5, 5, 4, 4, 3, 3, 2, 2, 1, 1, 0, 0], "b_moves_left": [40, 39, 39, 38, 38, 37, 37, 36, 36, 35, 35, 34, 34, 33, 33, 32, 32, 31, 31, 30, 30, 29, 29, 28, 28, 27, 27, 26, 26, 25, 25, 24, 24, 23, 23, 22, 22, 21, 21, 20, 20, 19, 19, 18, 18, 17, 17, 16, 16, 15, 15, 14, 14, 13, 13, 12, 12, 11, 11, 10, 10, 9, 9, 8, 8, 7, 7, 6, 6, 5, 5, 4, 4, 3, 3, 2, 2, 1, 1, 0], "trapdoor_triggered": [0, 0, 0, 0, 0, 0, 0, 0, 0, 0, 0, 0, 0, 0, 0, 0, 0, 0, 0, 0, 0, 0, 1, 0, 0, 0, 0, 0, 0, 0, 1, 0, 0, 0, 0, 0, 0, 0, 0, 0, 0, 1, 0, 0, 0, 0, 0, 0, 0, 0, 0, 0, 0, 0, 0, 0, 0, 0, 0, 0, 0, 0, 0, 0, 0, 0, 0, 0, 1, 0, 0, 0, 0, 0, 0, 0, 0, 0, 0, 0], "left_behind": ["egg", "egg", "plain", "plain", "egg", "egg", "plain", "plain", "egg", "egg", "plain", "plain", "egg", "egg", "plain", "plain", "egg", "egg", "plain", "plain", "egg", "egg", "plain", "plain", "plain", "egg", "plain", "plain", "egg", "egg", "plain", "plain", "plain", "egg", "plain", "turd", "egg", "egg", "plain", "plain", "plain", "egg", "plain", "plain", "egg", "plain", "plain", "plain", "egg", "plain", "plain", "plain", "egg", "plain", "plain", "plain", "egg", "plain", "plain", "plain", "egg", "plain", "plain", "plain", "egg", "plain", "plain", "plain", "egg", "plain", "plain", "plain", "plain", "plain", "egg", "plain", "plain", "turd", "plain", "plain"], "errlog_a": "", "errlog_b": "", "start_time": 360, "start_moves": 40, "turn_count": 80, "result": 1, "reason": "EGGS_LAID", "trapdoors": [[2, 4], [5, 4]], "spawn_a": [0, 6], "spawn_b": [7, 6]}