{"pos": [[7, 2], [1, 1], [7, 3], [1, 0], [7, 4], [2, 0], [7, 5], [3, 0], [7, 6], [4, 0], [7, 7], [5, 0], [7, 6], [5, 1], [6, 6], [6, 1], [5, 6], [5, 1], [5, 5], [5, 2], [4, 5], [4, 2], [3, 5], [0, 1], [2, 5], [1, 1], [2, 4], [2, 1], [2, 5], [3, 1], [1, 5], [4, 1], [1, 4], [4, 2], [1, 3], [3, 2], [1, 4], [2, 2], [0, 4], [1, 2], [0, 5], [1, 1], [0, 6], [1, 0], [1, 6], [2, 0], [2, 6], [3, 0], [3, 6], [4, 0], [4, 6], [5, 0], [5, 6], [6, 0], [5, 7], [7, 0], [4, 7], [6, 0], [3, 7], [6, 1], [2, 7], [6, 2], [1, 7], [7, 2], [1, 6], [6, 2], [1, 5], [6, 3], [1, 4], [6, 2], [1, 5], [6, 1], [2, 5], [6, 0], [3, 5], [6, 1], [4, 5], [6, 0], [4, 6], [7, 0]], "a_eggs_laid": [1, 1, 1, 1, 2, 2, 2, 2, 3, 3, 3, 3, 6, 6, 6, 6, 7, 7, 7, 7, 8, 8, 8, 8, 13, 13, 13, 13, 14, 14, 14, 14, 15, 15, 15, 15, 16, 16, 16, 16, 17, 17, 17, 17, 18, 18, 18, 18, 19, 19, 19, 19, 20, 20, 20, 20, 21, 21, 21, 21, 22, 22, 22, 22, 23, 23, 23, 23, 23, 23, 23, 23, 23, 23, 23, 23, 23, 23, 23, 23], "b_eggs_laid": [0, 1, 1, 1, 1, 2, 2, 2, 2, 3, 3, 3, 3, 4, 4, 4, 4, 5, 5, 5, 5, 6, 6, 6, 6, 6, 6, 6, 6, 7, 7, 7, 7, 8, 8, 8, 8, 9, 9, 9, 9, 10, 10, 10, 10, 10, 10, 10, 10, 10, 10, 10, 10, 10, 10, 10, 10, 13, 13, 13, 13, 13, 13, 13, 13, 14, 14, 14, 14, 15, 15, 15, 15, 15, 15, 15, 15, 15, 15, 15], "a_turds_left": [5, 5, 5, 5, 5, 5, 5, 5, 5, 5, 5, 5, 5, 5, 5, 5, 5, 5, 5, 5, 5, 5, 5, 5, 5, 5, 5, 5, 5, 5, 5, 5, 5, 5, 5, 5, 5, 5, 5, 5, 5, 5, 5, 5, 5, 5, 5, 5, 5, 5, 5, 5, 5, 5, 5, 5, 5, 5, 5, 5, 5, 5, 5, 5, 5, 5, 5, 5, 5, 5, 5, 5, 5, 5, 5, 5, 5, 5, 5, 5], "b_turds_left": [5, 5, 5, 5, 5, 5, 5, 5, 5, 5, 5, 5, 5, 5, 5, 5, 5, 5, 5, 5, 5, 5, 5, 5, 5, 5, 5, 5, 5, 5, 5, 5, 5, 5, 5, 4, 4, 4, 4, 3, 3, 3, 3, 3, 3, 3, 3, 3, 3, 3, 3, 3, 3, 3, 3, 3, 3, 3, 3, 3, 3, 3, 3, 3, 3, 3, 3, 3, 3, 3, 3, 3, 3, 3, 3, 3, 3, 3, 3, 2], "a_time_left": [358.77959983301116, 358.77959983301116, 358.0061882910086, 358.0061882910086, 356.5690005830256, 356.5690005830256, 355.94020170805743, 355.94020170805743, 354.31299200007925, 354.31299200007925, 353.6902027920587, 353.6902027920587, 352.8355899590533, 352.8355899590533, 351.9605900840834, 351.9605900840834, 349.96360120910686, 349.96360120910686, 349.0769752091146, 349.0769752091146, 346.2360455010785, 346.2360455010785, 345.03819066804135, 345.03819066804135, 344.24987279303605, 344.24987279303605, 343.2823497100035, 343.2823497100035, 340.4749868349754, 340.4749868349754, 339.6051288759918, 339.6051288759918, 336.98132346000057, 336.98132346000057, 336.13071770995157, 336.13071770995157, 334.1402352509904, 334.1402352509904, 333.6345840009744, 333.6345840009744, 332.71809462597594, 332.71809462597594, 332.51654575101566, 332.51654575101566, 332.19055962603306, 332.19055962603306, 331.93686350103235, 331.93686350103235, 331.5053925010143, 331.5053925010143, 331.35217858402757, 331.35217858402757, 330.81084866804304, 330.81084866804304, 330.6204261680832, 330.6204261680832, 330.2426265840768, 330.2426265840768, 330.1310312090791, 330.1310312090791, 329.645110917103, 329.645110917103, 329.3962000000756, 329.3962000000756, 329.1391940830508, 329.1391940830508, 328.8417767910869, 328.8417767910869, 328.36882108304417, 328.36882108304417, 328.1949089160771, 328.1949089160771, 328.04137508309213, 328.04137508309213, 327.92433758307016, 327.92433758307016, 327.74862816609675, 327.74862816609675, 327.73265395709313, 327.73265395709313], "b_time_left": [360, 359.0315807919833, 359.0315807919833, 358.1353184169857, 358.1353184169857, 357.180545124982, 357.180545124982, 356.4592966249911, 356.4592966249911, 355.80960308399517, 355.80960308399517, 355.37493354297476, 355.37493354297476, 354.50931187701644, 354.50931187701644, 353.56782612699317, 353.56782612699317, 352.6180596270133, 352.6180596270133, 351.7814343769569, 351.7814343769569, 350.5331502519548, 350.5331502519548, 349.58165566896787, 349.58165566896787, 349.2801211279584, 349.2801211279584, 348.38793700298993, 348.38793700298993, 347.30765137798153, 347.30765137798153, 346.47698058595415, 346.47698058595415, 345.3754617939703, 345.3754617939703, 344.75838704395574, 344.75838704395574, 343.8769162099343, 343.8769162099343, 343.2617226259317, 343.2617226259317, 342.75062745896867, 342.75062745896867, 342.235175958951, 342.235175958951, 341.98453316796804, 341.98453316796804, 341.40074245998403, 341.40074245998403, 341.2924201269634, 341.2924201269634, 340.84705983597087, 340.84705983597087, 340.773213294975, 340.773213294975, 340.48011312796734, 340.48011312796734, 340.3921701280051, 340.3921701280051, 340.12693000299623, 340.12693000299623, 340.0158551699715, 340.0158551699715, 339.71099804498954, 339.71099804498954, 339.59951400302816, 339.59951400302816, 339.38031587802107, 339.38031587802107, 339.13560258602956, 339.13560258602956, 338.9226430860581, 338.9226430860581, 338.8626777950558, 338.8626777950558, 338.7191003370681, 338.7191003370681, 338.69740333704976, 338.69740333704976, 338.69325587904314], "a_moves_left": [39, 39, 38, 38, 37, 37, 36, 36, 35, 35, 34, 34, 33, 33, 32, 32, 31, 31, 30, 30, 29, 29, 28, 28, 27, 27, 26, 26, 25, 25, 24, 24, 23, 23, 22, 22, 21, 21, 20, 20, 19, 19, 18, 18, 17, 17, 16, 16, 15, 15, 14, 14, 13, 13, 12, 12, 11, 11, 10, 10, 9, 9, 8, 8, 7, 7, 6, 6, 5, 5, 4, 4, 3, 3, 2, 2, 1, 1, 0, 0], "b_moves_left": [40, 39, 39, 38, 38, 37, 37, 36, 36, 35, 35, 34, 34, 33, 33, 32, 32, 31, 31, 30, 30, 29, 29, 28, 28, 27, 27, 26, 26, 25, 25, 24, 24, 23, 23, 22, 22, 21, 21, 20, 20, 19, 19, 18, 18, 17, 17, 16, 16, 15, 15, 14, 14, 13, 13, 12, 12, 11, 11, 10, 10, 9, 9, 8, 8, 7, 7, 6, 6, 5, 5, 4, 4, 3, 3, 2, 2, 1, 1, 0], "trapdoor_triggered": [0, 0, 0, 0, 0, 0, 0, 0, 0, 0, 0, 0, 0, 0, 0, 0, 0, 0, 0, 0, 0, 0, 0, 1, 0, 0, 0, 0, 0, 0, 0, 0, 0, 0, 0, 0, 0, 0, 0, 0, 0, 0, 0, 0, 0, 0, 0, 0, 0, 0, 0, 0, 0, 0, 0, 0, 0, 0, 0, 0, 0, 0, 0, 0, 0, 0, 0, 0, 0, 0, 0, 0, 0, 0, 0, 0, 0, 0, 0, 0], "left_behind": ["egg", "egg", "plain", "plain", "egg", "egg", "plain", "plain", "egg", "egg", "plain", "plain", "egg", "egg", "plain", "plain", "egg", "egg", "plain", "plain", "egg", "egg", "plain", "plain", "egg", "plain", "plain", "plain", "egg", "egg", "plain", "plain", "egg", "egg", "plain", "turd", "egg", "egg", "plain", "turd", "egg", "egg", "plain", "plain", "egg", "plain", "plain", "plain", "egg", "plain", "plain", "plain", "egg", "plain", "plain", "plain", "egg", "egg", "plain", "plain", "egg", "plain", "plain", "plain", "egg", "egg", "plain", "plain", "plain", "egg", "plain", "plain", "plain", "plain", "plain", "plain", "plain", "plain", "plain", "turd"], "errlog_a": "", "errlog_b": "", "start_time": 360, "start_moves": 40, "turn_count": 80, "result": 0, "reason": "EGGS_LAID", "trapdoors": [[4, 4], [4, 3]], "spawn_a": [7, 1], "spawn_b": [0, 1]}