{"pos": [[0, 1], [7, 1], [0, 0], [7, 0], [1, 0], [7, 1], [1, 1], [6, 1], [2, 1], [6, 2], [2, 2], [6, 3], [2, 3], [6, 4], [1, 3], [7, 4], [1, 4], [7, 5], [1, 5], [7, 6], [0, 2], [7, 5], [0, 3], [6, 5], [0, 4], [6, 4], [1, 4], [5, 4], [2, 4], [5, 5], [3, 4], [5, 6], [3, 5], [6, 6], [3, 6], [6, 7], [4, 6], [6, 6], [4, 5], [6, 5], [0, 2], [6, 4], [0, 1], [6, 3], [1, 1], [6, 2], [2, 1], [5, 2], [3, 1], [5, 1], [4, 1], [6, 1], [4, 2], [6, 0], [4, 1], [5, 0], [4, 0], [6, 0], [4, 1], [6, 1], [4, 2], [6, 2], [3, 2], [6, 1], [3, 3], [6, 2], [4, 3], [6, 1], [0, 2], [6, 0], [0, 1], [6, 1], [1, 1], [6, 0], [2, 1], [6, 1], [2, 0], [6, 0], [1, 0], [7, 0]], "a_eggs_laid": [1, 1, 1, 1, 4, 4, 4, 4, 5, 5, 5, 5, 6, 6, 6, 6, 7, 7, 7, 7, 8, 8, 8, 8, 8, 8, 9, 9, 9, 9, 10, 10, 10, 10, 11, 11, 11, 11, 12, 12, 12, 12, 12, 12, 12, 12, 12, 12, 12, 12, 13, 13, 13, 13, 14, 14, 14, 14, 15, 15, 15, 15, 15, 15, 15, 15, 16, 16, 16, 16, 16, 16, 16, 16, 16, 16, 16, 16, 17, 17], "b_eggs_laid": [0, 1, 1, 1, 1, 4, 4, 4, 4, 5, 5, 5, 5, 6, 6, 6, 6, 7, 7, 7, 7, 12, 12, 12, 12, 13, 13, 13, 13, 14, 14, 14, 14, 15, 15, 15, 15, 16, 16, 16, 16, 20, 20, 20, 20, 20, 20, 20, 20, 21, 21, 21, 21, 21, 21, 21, 21, 22, 22, 22, 22, 22, 22, 22, 22, 22, 22, 22, 22, 26, 26, 26, 26, 26, 26, 26, 26, 26, 26, 26], "a_turds_left": [5, 5, 5, 5, 5, 5, 5, 5, 5, 5, 4, 4, 4, 4, 4, 4, 4, 4, 4, 4, 4, 4, 4, 4, 4, 4, 4, 4, 3, 3, 3, 3, 3, 3, 3, 3, 2, 2, 2, 2, 1, 1, 1, 1, 1, 1, 1, 1, 1, 1, 1, 1, 1, 1, 1, 1, 1, 1, 1, 1, 1, 1, 1, 1, 1, 1, 1, 1, 1, 1, 1, 1, 1, 1, 1, 1, 1, 1, 1, 1], "b_turds_left": [5, 5, 5, 5, 5, 5, 5, 5, 5, 5, 5, 5, 5, 5, 5, 5, 5, 5, 5, 5, 5, 5, 5, 5, 5, 5, 5, 5, 5, 5, 5, 5, 5, 5, 5, 5, 5, 5, 5, 5, 5, 5, 5, 5, 5, 5, 5, 5, 5, 5, 5, 5, 5, 5, 5, 5, 5, 5, 5, 5, 5, 5, 5, 5, 5, 5, 5, 5, 5, 5, 5, 5, 5, 5, 5, 5, 5, 5, 5, 4], "a_time_left": [358.3886788749951, 358.3886788749951, 357.7497412500088, 357.7497412500088, 356.5489548339974, 356.5489548339974, 355.7521236669854, 355.7521236669854, 352.2327497500228, 352.2327497500228, 350.20888041704893, 350.20888041704893, 346.01442862604745, 346.01442862604745, 344.31651196005987, 344.31651196005987, 341.74330696009565, 341.74330696009565, 340.7477461271337, 340.7477461271337, 339.0098264191183, 339.0098264191183, 338.51943658612436, 338.51943658612436, 337.46173646114767, 337.46173646114767, 336.29520492017036, 336.29520492017036, 334.79951504518976, 334.79951504518976, 332.60430937923957, 332.60430937923957, 330.78443796228385, 330.78443796228385, 328.882689587248, 328.882689587248, 327.68778342125006, 327.68778342125006, 327.1951025882736, 327.1951025882736, 326.8274264212814, 326.8274264212814, 326.6690942962887, 326.6690942962887, 326.3482422133093, 326.3482422133093, 325.78075938031543, 325.78075938031543, 325.0286168382736, 325.0286168382736, 324.15167713025585, 324.15167713025585, 323.7534726722515, 323.7534726722515, 323.0091726722312, 323.0091726722312, 322.62692329724086, 322.62692329724086, 322.4235105882399, 322.4235105882399, 322.06265396327944, 322.06265396327944, 321.82840058824513, 321.82840058824513, 321.37799663026817, 321.37799663026817, 320.6076518802438, 320.6076518802438, 320.22764346323675, 320.22764346323675, 320.03084896324435, 320.03084896324435, 319.7244285462657, 319.7244285462657, 319.49734763026936, 319.49734763026936, 319.2569244632614, 319.2569244632614, 319.194197172299, 319.194197172299], "b_time_left": [360, 358.91214766696794, 358.91214766696794, 358.10481979197357, 358.10481979197357, 356.6084817919764, 356.6084817919764, 355.03312600095524, 355.03312600095524, 350.03670654294547, 350.03670654294547, 348.0693012099946, 348.0693012099946, 344.14102529303636, 344.14102529303636, 341.5316421680618, 341.5316421680618, 338.72745171008864, 338.72745171008864, 337.65287916810485, 337.65287916810485, 336.9655060431105, 336.9655060431105, 336.46380446013063, 336.46380446013063, 334.2726704601082, 334.2726704601082, 333.5774932100903, 333.5774932100903, 331.31499262712896, 331.31499262712896, 330.29425479413476, 330.29425479413476, 327.0115115021472, 327.0115115021472, 326.0690510851564, 326.0690510851564, 325.2180822521332, 325.2180822521332, 324.7784441681579, 324.7784441681579, 324.65871579316445, 324.65871579316445, 324.4968931681942, 324.4968931681942, 324.33276321023004, 324.33276321023004, 323.8829237102764, 323.8829237102764, 322.436119252292, 322.436119252292, 322.24237596133025, 322.24237596133025, 321.75744521134766, 321.75744521134766, 321.53762208635453, 321.53762208635453, 321.2868790033972, 321.2868790033972, 321.1222468363703, 321.1222468363703, 320.8829362113611, 320.8829362113611, 320.4060363363824, 320.4060363363824, 319.7971922943834, 319.7971922943834, 319.4536318363971, 319.4536318363971, 319.30990054435097, 319.30990054435097, 319.1898811273277, 319.1898811273277, 319.0419898353284, 319.0419898353284, 318.91866079432657, 318.91866079432657, 318.8242475023144, 318.8242475023144, 318.81560216931393], "a_moves_left": [39, 39, 38, 38, 37, 37, 36, 36, 35, 35, 34, 34, 33, 33, 32, 32, 31, 31, 30, 30, 29, 29, 28, 28, 27, 27, 26, 26, 25, 25, 24, 24, 23, 23, 22, 22, 21, 21, 20, 20, 19, 19, 18, 18, 17, 17, 16, 16, 15, 15, 14, 14, 13, 13, 12, 12, 11, 11, 10, 10, 9, 9, 8, 8, 7, 7, 6, 6, 5, 5, 4, 4, 3, 3, 2, 2, 1, 1, 0, 0], "b_moves_left": [40, 39, 39, 38, 38, 37, 37, 36, 36, 35, 35, 34, 34, 33, 33, 32, 32, 31, 31, 30, 30, 29, 29, 28, 28, 27, 27, 26, 26, 25, 25, 24, 24, 23, 23, 22, 22, 21, 21, 20, 20, 19, 19, 18, 18, 17, 17, 16, 16, 15, 15, 14, 14, 13, 13, 12, 12, 11, 11, 10, 10, 9, 9, 8, 8, 7, 7, 6, 6, 5, 5, 4, 4, 3, 3, 2, 2, 1, 1, 0], "trapdoor_triggered": [0, 0, 0, 0, 0, 0, 0, 0, 0, 0, 0, 0, 0, 0, 0, 0, 0, 0, 0, 0, 1, 0, 0, 0, 0, 0, 0, 0, 0, 0, 0, 0, 0, 0, 0, 0, 0, 0, 0, 0, 1, 0, 0, 0, 0, 0, 0, 0, 0, 0, 0, 0, 0, 0, 0, 0, 0, 0, 0, 0, 0, 0, 0, 0, 0, 0, 0, 0, 1, 0, 0, 0, 0, 0, 0, 0, 0, 0, 0, 0], "left_behind": ["egg", "egg", "plain", "plain", "egg", "egg", "plain", "plain", "egg", "egg", "turd", "plain", "egg", "egg", "plain", "plain", "egg", "egg", "plain", "plain", "egg", "egg", "plain", "plain", "plain", "egg", "egg", "plain", "turd", "egg", "egg", "plain", "plain", "egg", "egg", "plain", "turd", "egg", "egg", "plain", "turd", "plain", "plain", "plain", "plain", "plain", "plain", "plain", "plain", "egg", "egg", "plain", "plain", "plain", "egg", "plain", "plain", "egg", "egg", "plain", "plain", "plain", "plain", "plain", "plain", "plain", "egg", "plain", "plain", "plain", "plain", "plain", "plain", "plain", "plain", "plain", "plain", "plain", "egg", "turd"], "errlog_a": "", "errlog_b": "", "start_time": 360, "start_moves": 40, "turn_count": 80, "result": 1, "reason": "EGGS_LAID", "trapdoors": [[4, 4], [2, 5]], "spawn_a": [0, 2], "spawn_b": [7, 2]}