{"pos": [[0, 1], [7, 1], [0, 0], [7, 0], [1, 0], [7, 1], [2, 0], [6, 1], [2, 1], [6, 2], [2, 2], [6, 3], [2, 3], [5, 3], [2, 4], [5, 2], [2, 5], [4, 2], [2, 6], [3, 2], [3, 6], [3, 3], [4, 6], [4, 3], [5, 6], [7, 2], [5, 5], [6, 2], [6, 5], [6, 3], [6, 4], [6, 2], [6, 5], [6, 3], [7, 5], [6, 2], [7, 6], [6, 1], [7, 7], [5, 1], [7, 6], [5, 0], [6, 6], [5, 1], [6, 7], [4, 1], [5, 7], [4, 0], [4, 7], [3, 0], [3, 7], [3, 1], [2, 7], [2, 1], [1, 7], [1, 1], [1, 6], [1, 0], [1, 5], [1, 1], [1, 4], [1, 0], [1, 3], [1, 1], [1, 4], [1, 2], [0, 4], [1, 1], [0, 5], [0, 1], [0, 6], [1, 1], [1, 6], [0, 1], [2, 6], [1, 1], [3, 6], [1, 0], [4, 6], [1, 1]], "a_eggs_laid": [1, 1, 1, 1, 4, 4, 4, 4, 5, 5, 5, 5, 6, 6, 6, 6, 7, 7, 7, 7, 8, 8, 8, 8, 8, 8, 12, 12, 13, 13, 13, 13, 14, 14, 14, 14, 15, 15, 15, 15, 18, 18, 18, 18, 19, 19, 19, 19, 20, 20, 20, 20, 21, 21, 21, 21, 22, 22, 22, 22, 23, 23, 23, 23, 24, 24, 24, 24, 25, 25, 25, 25, 26, 26, 26, 26, 26, 26, 26, 26], "b_eggs_laid": [0, 1, 1, 1, 1, 4, 4, 4, 4, 5, 5, 5, 5, 6, 6, 6, 6, 7, 7, 7, 7, 8, 8, 8, 8, 9, 9, 9, 9, 9, 9, 9, 9, 9, 9, 9, 9, 9, 9, 9, 9, 9, 9, 10, 10, 10, 10, 11, 11, 11, 11, 12, 12, 12, 12, 13, 13, 13, 13, 13, 13, 13, 13, 14, 14, 14, 14, 14, 14, 14, 14, 14, 14, 14, 14, 14, 14, 14, 14, 14], "a_turds_left": [5, 5, 5, 5, 5, 5, 5, 5, 5, 5, 5, 5, 5, 5, 5, 5, 5, 5, 5, 5, 5, 5, 5, 5, 4, 4, 4, 4, 4, 4, 4, 4, 4, 4, 4, 4, 4, 4, 4, 4, 4, 4, 4, 4, 4, 4, 4, 4, 4, 4, 4, 4, 4, 4, 4, 4, 4, 4, 4, 4, 4, 4, 4, 4, 4, 4, 4, 4, 4, 4, 4, 4, 4, 4, 4, 4, 4, 4, 4, 4], "b_turds_left": [5, 5, 5, 5, 5, 5, 5, 5, 5, 5, 5, 5, 5, 5, 5, 4, 4, 4, 4, 4, 4, 4, 4, 3, 3, 3, 3, 3, 3, 3, 3, 3, 3, 3, 3, 3, 3, 3, 3, 3, 3, 3, 3, 3, 3, 3, 3, 3, 3, 3, 3, 3, 3, 3, 3, 3, 3, 3, 3, 3, 3, 3, 3, 3, 3, 3, 3, 2, 2, 2, 2, 2, 2, 2, 2, 2, 2, 1, 1, 1], "a_time_left": [358.9329166249954, 358.9329166249954, 358.57015425001737, 358.57015425001737, 358.0635237080278, 358.0635237080278, 357.59880658303155, 357.59880658303155, 355.6552430000156, 355.6552430000156, 354.4342370830127, 354.4342370830127, 351.45625720801763, 351.45625720801763, 350.21155799902044, 350.21155799902044, 347.20329445705283, 347.20329445705283, 346.1494274150464, 346.1494274150464, 343.4485629980336, 343.4485629980336, 342.51058616500814, 342.51058616500814, 341.126206165005, 341.126206165005, 340.83072453999193, 340.83072453999193, 340.1671110809548, 340.1671110809548, 339.85864249797305, 339.85864249797305, 339.54827387293335, 339.54827387293335, 339.26681591389934, 339.26681591389934, 338.67041966388933, 338.67041966388933, 338.27875766385114, 338.27875766385114, 337.57018862187397, 337.57018862187397, 336.9802532888716, 336.9802532888716, 335.5640791229089, 335.5640791229089, 335.09445083193714, 335.09445083193714, 334.60295012395363, 334.60295012395363, 334.2180687909713, 334.2180687909713, 333.69978187500965, 333.69978187500965, 333.3269146659877, 333.3269146659877, 332.99942454101983, 332.99942454101983, 332.7102748330217, 332.7102748330217, 331.87560179102, 331.87560179102, 331.6276100820396, 331.6276100820396, 331.2849931650562, 331.2849931650562, 331.0749772070558, 331.0749772070558, 330.8702791230171, 330.8702791230171, 330.72160137299215, 330.72160137299215, 330.4987140810117, 330.4987140810117, 330.306396872038, 330.306396872038, 330.17999333003536, 330.17999333003536, 330.17569899599766, 330.17569899599766], "b_time_left": [360, 359.44110554200597, 359.44110554200597, 359.0204623339814, 359.0204623339814, 358.3432094179443, 358.3432094179443, 357.8109622509219, 357.8109622509219, 355.74869633390335, 355.74869633390335, 354.7797622089274, 354.7797622089274, 353.40916670893785, 353.40916670893785, 352.499991874909, 352.499991874909, 351.26181329088286, 351.26181329088286, 350.552734040888, 350.552734040888, 349.78860149986576, 349.78860149986576, 349.10745641583344, 349.10745641583344, 348.2304393738159, 348.2304393738159, 348.00893820781494, 348.00893820781494, 347.6048830828513, 347.6048830828513, 347.4726052908227, 347.4726052908227, 347.1093023327994, 347.1093023327994, 346.9339902907959, 346.9339902907959, 346.66408483177656, 346.66408483177656, 346.4738318318268, 346.4738318318268, 346.28751528984867, 346.28751528984867, 345.11728308181046, 345.11728308181046, 344.7847621658002, 344.7847621658002, 344.1124206248205, 344.1124206248205, 343.95186883280985, 343.95186883280985, 343.38017499877606, 343.38017499877606, 343.1750466647791, 343.1750466647791, 342.7234931237763, 342.7234931237763, 342.39679958182387, 342.39679958182387, 342.1778493318707, 342.1778493318707, 341.94915033190046, 341.94915033190046, 341.7782110819244, 341.7782110819244, 341.6473882069695, 341.6473882069695, 341.34552654001163, 341.34552654001163, 341.2347234149929, 341.2347234149929, 340.9991723319981, 340.9991723319981, 340.8943188729463, 340.8943188729463, 340.8125584979425, 340.8125584979425, 340.7780379149481, 340.7780379149481, 340.77722824789817], "a_moves_left": [39, 39, 38, 38, 37, 37, 36, 36, 35, 35, 34, 34, 33, 33, 32, 32, 31, 31, 30, 30, 29, 29, 28, 28, 27, 27, 26, 26, 25, 25, 24, 24, 23, 23, 22, 22, 21, 21, 20, 20, 19, 19, 18, 18, 17, 17, 16, 16, 15, 15, 14, 14, 13, 13, 12, 12, 11, 11, 10, 10, 9, 9, 8, 8, 7, 7, 6, 6, 5, 5, 4, 4, 3, 3, 2, 2, 1, 1, 0, 0], "b_moves_left": [40, 39, 39, 38, 38, 37, 37, 36, 36, 35, 35, 34, 34, 33, 33, 32, 32, 31, 31, 30, 30, 29, 29, 28, 28, 27, 27, 26, 26, 25, 25, 24, 24, 23, 23, 22, 22, 21, 21, 20, 20, 19, 19, 18, 18, 17, 17, 16, 16, 15, 15, 14, 14, 13, 13, 12, 12, 11, 11, 10, 10, 9, 9, 8, 8, 7, 7, 6, 6, 5, 5, 4, 4, 3, 3, 2, 2, 1, 1, 0], "trapdoor_triggered": [0, 0, 0, 0, 0, 0, 0, 0, 0, 0, 0, 0, 0, 0, 0, 0, 0, 0, 0, 0, 0, 0, 0, 0, 0, 1, 0, 0, 0, 0, 0, 0, 0, 0, 0, 0, 0, 0, 0, 0, 0, 0, 0, 0, 0, 0, 0, 0, 0, 0, 0, 0, 0, 0, 0, 0, 0, 0, 0, 0, 0, 0, 0, 0, 0, 0, 0, 0, 0, 0, 0, 0, 0, 0, 0, 0, 0, 0, 0, 0], "left_behind": ["egg", "egg", "plain", "plain", "egg", "egg", "plain", "plain", "egg", "egg", "plain", "plain", "egg", "egg", "plain", "turd", "egg", "egg", "plain", "plain", "egg", "egg", "plain", "turd", "turd", "egg", "plain", "plain", "egg", "plain", "plain", "plain", "egg", "plain", "plain", "plain", "egg", "plain", "plain", "plain", "egg", "plain", "plain", "egg", "egg", "plain", "plain", "egg", "egg", "plain", "plain", "egg", "egg", "plain", "plain", "egg", "egg", "plain", "plain", "plain", "egg", "plain", "plain", "egg", "egg", "plain", "plain", "turd", "egg", "plain", "plain", "plain", "egg", "plain", "plain", "plain", "plain", "turd", "plain", "plain"], "errlog_a": "", "errlog_b": "", "start_time": 360, "start_moves": 40, "turn_count": 80, "result": 0, "reason": "EGGS_LAID", "trapdoors": [[4, 4], [4, 5]], "spawn_a": [0, 2], "spawn_b": [7, 2]}