{"pos": [[0, 5], [7, 5], [0, 4], [7, 4], [0, 3], [7, 3], [0, 2], [7, 2], [0, 1], [7, 1], [0, 0], [7, 0], [1, 0], [7, 1], [2, 0], [6, 1], [2, 1], [6, 2], [2, 2], [5, 2], [2, 3], [4, 2], [2, 4], [3, 2], [0, 6], [3, 1], [1, 6], [2, 1], [2, 6], [3, 1], [3, 6], [3, 0], [4, 6], [4, 0], [4, 5], [4, 1], [5, 5], [4, 0], [5, 4], [5, 0], [5, 3], [6, 0], [6, 3], [5, 0], [6, 4], [5, 1], [6, 5], [6, 1], [6, 6], [5, 1], [6, 7], [4, 1], [5, 7], [4, 0], [4, 7], [4, 1], [3, 7], [4, 0], [2, 7], [4, 1], [1, 7], [4, 0], [1, 6], [5, 0], [1, 5], [5, 1], [1, 4], [5, 0], [1, 3], [6, 0], [1, 2], [7, 0], [1, 1], [7, 1], [1, 2], [7, 0], [1, 1], [7, 1], [1, 2], [7, 0]], "a_eggs_laid": [1, 1, 1, 1, 2, 2, 2, 2, 3, 3, 3, 3, 6, 6, 6, 6, 7, 7, 7, 7, 8, 8, 8, 8, 9, 9, 9, 9, 9, 9, 10, 10, 10, 10, 11, 11, 11, 11, 12, 12, 12, 12, 13, 13, 13, 13, 14, 14, 14, 14, 15, 15, 15, 15, 16, 16, 16, 16, 17, 17, 17, 17, 18, 18, 18, 18, 19, 19, 19, 19, 20, 20, 20, 20, 21, 21, 21, 21, 21, 21], "b_eggs_laid": [0, 1, 1, 1, 1, 2, 2, 2, 2, 3, 3, 3, 3, 6, 6, 6, 6, 7, 7, 7, 7, 8, 8, 8, 8, 13, 13, 13, 13, 14, 14, 14, 14, 15, 15, 15, 15, 16, 16, 16, 16, 17, 17, 17, 17, 17, 17, 17, 17, 17, 17, 17, 17, 17, 17, 17, 17, 17, 17, 17, 17, 17, 17, 17, 17, 17, 17, 17, 17, 17, 17, 17, 17, 17, 17, 17, 17, 17, 17, 17], "a_turds_left": [5, 5, 5, 5, 5, 5, 5, 5, 5, 5, 5, 5, 5, 5, 5, 5, 5, 5, 5, 5, 5, 5, 4, 4, 4, 4, 4, 4, 4, 4, 4, 4, 4, 4, 4, 4, 3, 3, 3, 3, 3, 3, 3, 3, 2, 2, 2, 2, 2, 2, 2, 2, 2, 2, 2, 2, 2, 2, 2, 2, 2, 2, 2, 2, 2, 2, 2, 2, 2, 2, 2, 2, 2, 2, 2, 2, 2, 2, 2, 2], "b_turds_left": [5, 5, 5, 5, 5, 5, 5, 5, 5, 5, 5, 5, 5, 5, 5, 5, 5, 5, 5, 5, 5, 5, 5, 4, 4, 4, 4, 4, 4, 4, 4, 4, 4, 4, 4, 4, 4, 4, 4, 4, 4, 4, 4, 4, 4, 4, 4, 4, 4, 4, 4, 4, 4, 4, 4, 4, 4, 4, 4, 4, 4, 4, 4, 4, 4, 4, 4, 4, 4, 4, 4, 4, 4, 4, 4, 4, 4, 4, 4, 3], "a_time_left": [359.14453570800833, 359.14453570800833, 358.64222958299797, 358.64222958299797, 357.47981908294605, 357.47981908294605, 356.92957712494535, 356.92957712494535, 355.7907830419135, 355.7907830419135, 355.43101779191056, 355.43101779191056, 354.9353657918982, 354.9353657918982, 354.5250977918622, 354.5250977918622, 352.59997900086455, 352.59997900086455, 351.581997292873, 351.581997292873, 348.87618916784413, 348.87618916784413, 347.93800820980687, 347.93800820980687, 346.8807921677944, 346.8807921677944, 346.6545556677738, 346.6545556677738, 346.02460083476035, 346.02460083476035, 344.99267758475617, 344.99267758475617, 344.40488754276885, 344.40488754276885, 343.7649425007985, 343.7649425007985, 342.8289719587774, 342.8289719587774, 342.4671134178061, 342.4671134178061, 341.8506468757987, 341.8506468757987, 341.6673821678269, 341.6673821678269, 341.5021864178125, 341.5021864178125, 341.0852157928166, 341.0852157928166, 340.8457317928551, 340.8457317928551, 340.5029497098876, 340.5029497098876, 340.29352820984786, 340.29352820984786, 340.0583612928749, 340.0583612928749, 339.85340337688103, 339.85340337688103, 339.6573507518624, 339.6573507518624, 339.46517312689684, 339.46517312689684, 339.3719231269206, 339.3719231269206, 339.2004871269455, 339.2004871269455, 338.8693993349443, 338.8693993349443, 338.69072258495726, 338.69072258495726, 338.43494629394263, 338.43494629394263, 338.3150580439833, 338.3150580439833, 338.1082591689774, 338.1082591689774, 338.0039916689857, 338.0039916689857, 337.99226333596744, 337.99226333596744], "b_time_left": [360, 359.06630525004584, 359.06630525004584, 358.450719125045, 358.450719125045, 357.24685341701843, 357.24685341701843, 356.5786921250401, 356.5786921250401, 355.76279095798964, 355.76279095798964, 355.26801820797846, 355.26801820797846, 354.4243388749892, 354.4243388749892, 353.7036914579803, 353.7036914579803, 351.1974352489924, 351.1974352489924, 350.2070059989928, 350.2070059989928, 348.7058829579619, 348.7058829579619, 348.1449051669915, 348.1449051669915, 348.03027958300663, 348.03027958300663, 347.4980075410567, 347.4980075410567, 347.13200054108165, 347.13200054108165, 346.6814326660824, 346.6814326660824, 346.00089137407485, 346.00089137407485, 345.6223242080887, 345.6223242080887, 344.8192241661018, 344.8192241661018, 344.5483757071197, 344.5483757071197, 344.0019476241432, 344.0019476241432, 343.85080491611734, 343.85080491611734, 343.6707608741126, 343.6707608741126, 343.4777082071523, 343.4777082071523, 343.27611629117746, 343.27611629117746, 343.1257370831445, 343.1257370831445, 342.87940770812565, 342.87940770812565, 342.76134116610046, 342.76134116610046, 342.6477585831308, 342.6477585831308, 342.541377875139, 342.541377875139, 342.43581537512364, 342.43581537512364, 342.3053362921346, 342.3053362921346, 342.1292742501246, 342.1292742501246, 341.9419007911347, 341.9419007911347, 341.79836991615593, 341.79836991615593, 341.7133527082042, 341.7133527082042, 341.57989108318, 341.57989108318, 341.5369442081428, 341.5369442081428, 341.52784087409964, 341.52784087409964, 341.5237226241152], "a_moves_left": [39, 39, 38, 38, 37, 37, 36, 36, 35, 35, 34, 34, 33, 33, 32, 32, 31, 31, 30, 30, 29, 29, 28, 28, 27, 27, 26, 26, 25, 25, 24, 24, 23, 23, 22, 22, 21, 21, 20, 20, 19, 19, 18, 18, 17, 17, 16, 16, 15, 15, 14, 14, 13, 13, 12, 12, 11, 11, 10, 10, 9, 9, 8, 8, 7, 7, 6, 6, 5, 5, 4, 4, 3, 3, 2, 2, 1, 1, 0, 0], "b_moves_left": [40, 39, 39, 38, 38, 37, 37, 36, 36, 35, 35, 34, 34, 33, 33, 32, 32, 31, 31, 30, 30, 29, 29, 28, 28, 27, 27, 26, 26, 25, 25, 24, 24, 23, 23, 22, 22, 21, 21, 20, 20, 19, 19, 18, 18, 17, 17, 16, 16, 15, 15, 14, 14, 13, 13, 12, 12, 11, 11, 10, 10, 9, 9, 8, 8, 7, 7, 6, 6, 5, 5, 4, 4, 3, 3, 2, 2, 1, 1, 0], "trapdoor_triggered": [0, 0, 0, 0, 0, 0, 0, 0, 0, 0, 0, 0, 0, 0, 0, 0, 0, 0, 0, 0, 0, 0, 0, 0, 1, 0, 0, 0, 0, 0, 0, 0, 0, 0, 0, 0, 0, 0, 0, 0, 0, 0, 0, 0, 0, 0, 0, 0, 0, 0, 0, 0, 0, 0, 0, 0, 0, 0, 0, 0, 0, 0, 0, 0, 0, 0, 0, 0, 0, 0, 0, 0, 0, 0, 0, 0, 0, 0, 0, 0], "left_behind": ["egg", "egg", "plain", "plain", "egg", "egg", "plain", "plain", "egg", "egg", "plain", "plain", "egg", "egg", "plain", "plain", "egg", "egg", "plain", "plain", "egg", "egg", "turd", "turd", "egg", "egg", "plain", "plain", "plain", "egg", "egg", "plain", "plain", "egg", "egg", "plain", "turd", "egg", "egg", "plain", "plain", "egg", "egg", "plain", "turd", "plain", "egg", "plain", "plain", "plain", "egg", "plain", "plain", "plain", "egg", "plain", "plain", "plain", "egg", "plain", "plain", "plain", "egg", "plain", "plain", "plain", "egg", "plain", "plain", "plain", "egg", "plain", "plain", "plain", "egg", "plain", "plain", "plain", "plain", "turd"], "errlog_a": "", "errlog_b": "", "start_time": 360, "start_moves": 40, "turn_count": 80, "result": 0, "reason": "EGGS_LAID", "trapdoors": [[3, 3], [3, 4]], "spawn_a": [0, 6], "spawn_b": [7, 6]}