{"pos": [[7, 4], [0, 2], [6, 4], [0, 1], [7, 4], [1, 1], [7, 3], [1, 0], [7, 2], [2, 0], [7, 1], [3, 0], [6, 1], [3, 1], [5, 1], [4, 1], [5, 0], [5, 1], [6, 0], [5, 0], [7, 0], [5, 1], [7, 1], [0, 3], [7, 2], [0, 2], [7, 3], [1, 2], [6, 3], [1, 1], [6, 2], [2, 1], [7, 2], [3, 1], [7, 3], [3, 2], [7, 2], [3, 3], [6, 2], [2, 3], [7, 2], [2, 4], [6, 2], [2, 5], [7, 2], [2, 4], [6, 2], [1, 4], [6, 3], [1, 5], [5, 3], [1, 6], [6, 3], [2, 6], [5, 3], [3, 6], [6, 3], [4, 6], [7, 3], [5, 6], [6, 3], [5, 5], [6, 4], [6, 5], [7, 4], [5, 5], [7, 3], [4, 5], [6, 3], [4, 4], [6, 2], [3, 4], [7, 2], [0, 3], [7, 1], [0, 4], [7, 2], [0, 5], [7, 3], [0, 4]], "a_eggs_laid": [0, 0, 0, 0, 0, 0, 0, 0, 1, 1, 1, 1, 1, 1, 1, 1, 1, 1, 1, 1, 2, 2, 2, 2, 6, 6, 6, 6, 6, 6, 6, 6, 7, 7, 7, 7, 7, 7, 7, 7, 7, 7, 7, 7, 7, 7, 7, 7, 7, 7, 7, 7, 7, 7, 7, 7, 7, 7, 7, 7, 7, 7, 7, 7, 7, 7, 7, 7, 7, 7, 7, 7, 7, 7, 11, 11, 11, 11, 11, 11], "b_eggs_laid": [0, 1, 1, 1, 1, 2, 2, 2, 2, 3, 3, 3, 3, 4, 4, 4, 4, 4, 4, 4, 4, 5, 5, 5, 5, 5, 5, 5, 5, 6, 6, 6, 6, 7, 7, 7, 7, 8, 8, 8, 8, 9, 9, 9, 9, 10, 10, 10, 10, 11, 11, 11, 11, 12, 12, 12, 12, 13, 13, 13, 13, 14, 14, 14, 14, 14, 14, 14, 14, 15, 15, 15, 15, 16, 16, 16, 16, 16, 16, 16], "a_turds_left": [5, 5, 4, 4, 4, 4, 4, 4, 4, 4, 3, 3, 2, 2, 2, 2, 2, 2, 2, 2, 2, 2, 1, 1, 1, 1, 1, 1, 1, 1, 1, 1, 1, 1, 1, 1, 1, 1, 1, 1, 1, 1, 1, 1, 1, 1, 1, 1, 1, 1, 1, 1, 0, 0, 0, 0, 0, 0, 0, 0, 0, 0, 0, 0, 0, 0, 0, 0, 0, 0, 0, 0, 0, 0, 0, 0, 0, 0, 0, 0], "b_turds_left": [5, 5, 5, 5, 5, 5, 5, 5, 5, 5, 5, 5, 5, 5, 5, 5, 5, 4, 4, 3, 3, 3, 3, 3, 3, 3, 3, 3, 3, 3, 3, 3, 3, 3, 3, 3, 3, 3, 3, 3, 3, 3, 3, 3, 3, 3, 3, 3, 3, 3, 3, 3, 3, 3, 3, 3, 3, 3, 3, 3, 3, 3, 3, 2, 2, 1, 1, 1, 1, 1, 1, 1, 1, 1, 1, 1, 1, 1, 1, 0], "a_time_left": [358.4759602089762, 358.4759602089762, 356.97039704199415, 356.97039704199415, 355.46480783401057, 355.46480783401057, 353.95932287501637, 353.95932287501637, 352.45382595801493, 352.45382595801493, 350.94837100000586, 350.94837100000586, 349.4428742500022, 349.4428742500022, 347.9374412089819, 347.9374412089819, 346.4320125009981, 346.4320125009981, 344.92656437598635, 344.92656437598635, 343.4210473760031, 343.4210473760031, 341.9156311679981, 341.9156311679981, 340.41015141794924, 340.41015141794924, 338.90471554291435, 338.90471554291435, 337.399241959909, 337.399241959909, 335.89377404289553, 335.89377404289553, 334.3882432098617, 334.3882432098617, 332.88276250183117, 332.88276250183117, 331.3772995847976, 331.3772995847976, 329.8718572508078, 329.8718572508078, 328.3663645007764, 328.3663645007764, 326.8609222507803, 326.8609222507803, 325.3554251678288, 325.3554251678288, 323.84999308380065, 323.84999308380065, 322.34450129180914, 322.34450129180914, 320.8390062497929, 320.8390062497929, 319.3334729997441, 319.3334729997441, 317.82803041674197, 317.82803041674197, 316.3225635837298, 316.3225635837298, 314.8171702497639, 314.8171702497639, 313.311715291813, 313.311715291813, 311.8064468757948, 311.8064468757948, 310.30100941681303, 310.30100941681303, 308.79558083281154, 308.79558083281154, 307.29019912483636, 307.29019912483636, 305.7848003327963, 305.7848003327963, 304.27943345776293, 304.27943345776293, 302.7756238327711, 302.7756238327711, 301.2701541247661, 301.2701541247661, 299.7647554167197, 299.7647554167197], "b_time_left": [360, 357.888957416988, 357.888957416988, 356.82905087497784, 356.82905087497784, 355.81830366596114, 355.81830366596114, 354.6849481659592, 354.6849481659592, 353.31022558297263, 353.31022558297263, 352.45429591694847, 352.45429591694847, 350.1916495419573, 350.1916495419573, 348.22267183393706, 348.22267183393706, 346.7511525839218, 346.7511525839218, 346.32722858391935, 346.32722858391935, 346.2414338759263, 346.2414338759263, 346.16042066796217, 346.16042066796217, 345.9476989599643, 345.9476989599643, 345.64614675199846, 345.64614675199846, 343.4376740020234, 343.4376740020234, 342.6729619600228, 342.6729619600228, 342.1965039189672, 342.1965039189672, 341.7556347109494, 341.7556347109494, 341.2194592519663, 341.2194592519663, 340.74280783499125, 340.74280783499125, 340.2034526259522, 340.2034526259522, 339.701388958958, 339.701388958958, 339.1839951679576, 339.1839951679576, 338.72479558497434, 338.72479558497434, 336.3934501269832, 336.3934501269832, 335.19943112693727, 335.19943112693727, 334.49519000196597, 334.49519000196597, 334.26848600193625, 334.26848600193625, 333.5301306269248, 333.5301306269248, 333.2283207519213, 333.2283207519213, 332.49664441792993, 332.49664441792993, 332.08386404288467, 332.08386404288467, 331.9354715428781, 331.9354715428781, 331.8932917928323, 331.8932917928323, 331.668806750793, 331.668806750793, 331.6086484597763, 331.6086484597763, 331.4049763758085, 331.4049763758085, 331.35619733377825, 331.35619733377825, 331.33363362477394, 331.33363362477394, 331.3277652497636], "a_moves_left": [39, 39, 38, 38, 37, 37, 36, 36, 35, 35, 34, 34, 33, 33, 32, 32, 31, 31, 30, 30, 29, 29, 28, 28, 27, 27, 26, 26, 25, 25, 24, 24, 23, 23, 22, 22, 21, 21, 20, 20, 19, 19, 18, 18, 17, 17, 16, 16, 15, 15, 14, 14, 13, 13, 12, 12, 11, 11, 10, 10, 9, 9, 8, 8, 7, 7, 6, 6, 5, 5, 4, 4, 3, 3, 2, 2, 1, 1, 0, 0], "b_moves_left": [40, 39, 39, 38, 38, 37, 37, 36, 36, 35, 35, 34, 34, 33, 33, 32, 32, 31, 31, 30, 30, 29, 29, 28, 28, 27, 27, 26, 26, 25, 25, 24, 24, 23, 23, 22, 22, 21, 21, 20, 20, 19, 19, 18, 18, 17, 17, 16, 16, 15, 15, 14, 14, 13, 13, 12, 12, 11, 11, 10, 10, 9, 9, 8, 8, 7, 7, 6, 6, 5, 5, 4, 4, 3, 3, 2, 2, 1, 1, 0], "trapdoor_triggered": [0, 0, 0, 0, 0, 0, 0, 0, 0, 0, 0, 0, 0, 0, 0, 0, 0, 0, 0, 0, 0, 0, 0, 1, 0, 0, 0, 0, 0, 0, 0, 0, 0, 0, 0, 0, 0, 0, 0, 0, 0, 0, 0, 0, 0, 0, 0, 0, 0, 0, 0, 0, 0, 0, 0, 0, 0, 0, 0, 0, 0, 0, 0, 0, 0, 0, 0, 0, 0, 0, 0, 0, 0, 1, 0, 0, 0, 0, 0, 0], "left_behind": ["plain", "egg", "turd", "plain", "plain", "egg", "plain", "plain", "egg", "egg", "turd", "plain", "turd", "egg", "plain", "plain", "plain", "turd", "plain", "turd", "egg", "egg", "turd", "plain", "plain", "plain", "plain", "plain", "plain", "egg", "plain", "plain", "egg", "egg", "plain", "plain", "plain", "egg", "plain", "plain", "plain", "egg", "plain", "plain", "plain", "egg", "plain", "plain", "plain", "egg", "plain", "plain", "turd", "egg", "plain", "plain", "plain", "egg", "plain", "plain", "plain", "egg", "plain", "turd", "plain", "turd", "plain", "plain", "plain", "egg", "plain", "plain", "plain", "egg", "plain", "plain", "plain", "plain", "plain", "turd"], "errlog_a": "", "errlog_b": "", "start_time": 360, "start_moves": 40, "turn_count": 80, "result": 1, "reason": "EGGS_LAID", "trapdoors": [[3, 5], [5, 2]], "spawn_a": [7, 3], "spawn_b": [0, 3]}