{"pos": [[0, 5], [7, 5], [0, 4], [7, 4], [0, 3], [7, 3], [0, 2], [7, 2], [0, 1], [7, 1], [0, 0], [7, 0], [1, 0], [7, 1], [2, 0], [6, 1], [2, 1], [6, 2], [2, 2], [6, 3], [2, 3], [6, 4], [2, 4], [6, 5], [2, 5], [6, 6], [3, 5], [6, 7], [3, 6], [6, 6], [2, 6], [5, 6], [2, 5], [5, 5], [1, 5], [5, 4], [1, 4], [5, 3], [1, 3], [5, 2], [1, 2], [5, 1], [1, 1], [5, 0], [2, 1], [5, 1], [2, 2], [4, 1], [2, 3], [7, 6], [3, 3], [7, 5], [3, 2], [7, 4], [0, 6], [7, 3], [1, 6], [7, 2], [1, 7], [7, 1], [2, 7], [7, 2], [3, 7], [7, 1], [3, 6], [7, 2], [4, 6], [7, 3], [4, 5], [7, 4], [4, 4], [7, 3], [4, 3], [7, 2], [0, 6], [7, 1], [0, 5], [7, 0], [1, 5], [7, 1]], "a_eggs_laid": [1, 1, 1, 1, 2, 2, 2, 2, 3, 3, 3, 3, 6, 6, 6, 6, 7, 7, 7, 7, 8, 8, 8, 8, 9, 9, 9, 9, 10, 10, 10, 10, 11, 11, 11, 11, 12, 12, 12, 12, 13, 13, 13, 13, 14, 14, 14, 14, 14, 14, 18, 18, 19, 19, 19, 19, 19, 19, 19, 19, 20, 20, 20, 20, 21, 21, 21, 21, 22, 22, 22, 22, 23, 23, 23, 23, 23, 23, 23, 23], "b_eggs_laid": [0, 1, 1, 1, 1, 2, 2, 2, 2, 3, 3, 3, 3, 6, 6, 6, 6, 7, 7, 7, 7, 8, 8, 8, 8, 9, 9, 9, 9, 10, 10, 10, 10, 11, 11, 11, 11, 12, 12, 12, 12, 13, 13, 13, 13, 14, 14, 14, 14, 15, 15, 15, 15, 15, 15, 19, 19, 19, 19, 19, 19, 19, 19, 19, 19, 19, 19, 19, 19, 19, 19, 19, 19, 19, 19, 23, 23, 23, 23, 23], "a_turds_left": [5, 5, 5, 5, 5, 5, 5, 5, 5, 5, 5, 5, 5, 5, 5, 5, 5, 5, 5, 5, 5, 5, 5, 5, 5, 5, 5, 5, 5, 5, 5, 5, 5, 5, 5, 5, 5, 5, 5, 5, 5, 5, 5, 5, 5, 5, 5, 5, 5, 5, 5, 5, 5, 5, 5, 5, 5, 5, 5, 5, 5, 5, 5, 5, 5, 5, 5, 5, 5, 5, 5, 5, 5, 5, 4, 4, 4, 4, 4, 4], "b_turds_left": [5, 5, 5, 5, 5, 5, 5, 5, 5, 5, 5, 5, 5, 5, 5, 5, 5, 5, 5, 5, 5, 5, 5, 5, 5, 5, 5, 5, 5, 5, 5, 5, 5, 5, 5, 5, 5, 5, 5, 5, 5, 5, 5, 5, 5, 5, 5, 5, 5, 5, 5, 5, 5, 5, 5, 5, 5, 5, 5, 5, 5, 5, 5, 5, 5, 5, 5, 5, 5, 5, 5, 5, 5, 5, 5, 5, 5, 4, 4, 4], "a_time_left": [359.1467017090181, 359.1467017090181, 358.65867241699016, 358.65867241699016, 357.58417295798426, 357.58417295798426, 357.1171935410239, 357.1171935410239, 355.98734858306125, 355.98734858306125, 355.6188992910902, 355.6188992910902, 355.0981749580824, 355.0981749580824, 354.67783845809754, 354.67783845809754, 352.81209624913754, 352.81209624913754, 351.81456491618883, 351.81456491618883, 349.1808812491945, 349.1808812491945, 348.00559324922506, 348.00559324922506, 345.6257536242483, 345.6257536242483, 344.62140304024797, 344.62140304024797, 342.98039754026104, 342.98039754026104, 342.38142787327524, 342.38142787327524, 339.6537106652977, 339.6537106652977, 338.9606132482877, 338.9606132482877, 337.3086758313002, 337.3086758313002, 336.6838304983103, 336.6838304983103, 335.26483849831857, 335.26483849831857, 334.6901966233272, 334.6901966233272, 333.3507260393235, 333.3507260393235, 332.9493617893313, 332.9493617893313, 332.2838549563312, 332.2838549563312, 332.0694174153614, 332.0694174153614, 331.78105499834055, 331.78105499834055, 331.6362626233604, 331.6362626233604, 331.54994770733174, 331.54994770733174, 331.3832522913581, 331.3832522913581, 331.2280117503833, 331.2280117503833, 331.0974600003683, 331.0974600003683, 330.9618856663583, 330.9618856663583, 330.8071339583257, 330.8071339583257, 330.5972620003158, 330.5972620003158, 330.41030670830514, 330.41030670830514, 330.21806320827454, 330.21806320827454, 330.04688404127955, 330.04688404127955, 329.9874968752847, 329.9874968752847, 329.98195012524957, 329.98195012524957], "b_time_left": [360, 359.2259189580218, 359.2259189580218, 358.6409928750363, 358.6409928750363, 357.74712045805063, 357.74712045805063, 357.15127658302663, 357.15127658302663, 356.59479220799403, 356.59479220799403, 356.1779251670232, 356.1779251670232, 355.49493083305424, 355.49493083305424, 354.8373612910509, 354.8373612910509, 352.3155213330756, 352.3155213330756, 351.1497233750997, 351.1497233750997, 348.7291787500726, 348.7291787500726, 347.63151729112724, 347.63151729112724, 345.092025833088, 345.092025833088, 344.13887170812814, 344.13887170812814, 343.0563133751275, 343.0563133751275, 342.2968248751131, 342.2968248751131, 341.29546412511263, 341.29546412511263, 340.40902912511956, 340.40902912511956, 339.614063083136, 339.614063083136, 338.9463993750978, 338.9463993750978, 338.0448689581244, 338.0448689581244, 337.0559557910892, 337.0559557910892, 336.3237012081081, 336.3237012081081, 335.85628583311336, 335.85628583311336, 334.9972785831196, 334.9972785831196, 334.7886920411256, 334.7886920411256, 334.5159321241081, 334.5159321241081, 334.40614466607803, 334.40614466607803, 334.1846506240545, 334.1846506240545, 333.9468006650568, 333.9468006650568, 333.7609345810488, 333.7609345810488, 333.5518828310305, 333.5518828310305, 333.35475391498767, 333.35475391498767, 333.1609126649564, 333.1609126649564, 332.9711504569859, 332.9711504569859, 332.78071766602807, 332.78071766602807, 332.6449447910418, 332.6449447910418, 332.60716274904553, 332.60716274904553, 332.5864838740672, 332.5864838740672, 332.5852182490635], "a_moves_left": [39, 39, 38, 38, 37, 37, 36, 36, 35, 35, 34, 34, 33, 33, 32, 32, 31, 31, 30, 30, 29, 29, 28, 28, 27, 27, 26, 26, 25, 25, 24, 24, 23, 23, 22, 22, 21, 21, 20, 20, 19, 19, 18, 18, 17, 17, 16, 16, 15, 15, 14, 14, 13, 13, 12, 12, 11, 11, 10, 10, 9, 9, 8, 8, 7, 7, 6, 6, 5, 5, 4, 4, 3, 3, 2, 2, 1, 1, 0, 0], "b_moves_left": [40, 39, 39, 38, 38, 37, 37, 36, 36, 35, 35, 34, 34, 33, 33, 32, 32, 31, 31, 30, 30, 29, 29, 28, 28, 27, 27, 26, 26, 25, 25, 24, 24, 23, 23, 22, 22, 21, 21, 20, 20, 19, 19, 18, 18, 17, 17, 16, 16, 15, 15, 14, 14, 13, 13, 12, 12, 11, 11, 10, 10, 9, 9, 8, 8, 7, 7, 6, 6, 5, 5, 4, 4, 3, 3, 2, 2, 1, 1, 0], "trapdoor_triggered": [0, 0, 0, 0, 0, 0, 0, 0, 0, 0, 0, 0, 0, 0, 0, 0, 0, 0, 0, 0, 0, 0, 0, 0, 0, 0, 0, 0, 0, 0, 0, 0, 0, 0, 0, 0, 0, 0, 0, 0, 0, 0, 0, 0, 0, 0, 0, 0, 0, 1, 0, 0, 0, 0, 1, 0, 0, 0, 0, 0, 0, 0, 0, 0, 0, 0, 0, 0, 0, 0, 0, 0, 0, 0, 1, 0, 0, 0, 0, 0], "left_behind": ["egg", "egg", "plain", "plain", "egg", "egg", "plain", "plain", "egg", "egg", "plain", "plain", "egg", "egg", "plain", "plain", "egg", "egg", "plain", "plain", "egg", "egg", "plain", "plain", "egg", "egg", "plain", "plain", "egg", "egg", "plain", "plain", "egg", "egg", "plain", "plain", "egg", "egg", "plain", "plain", "egg", "egg", "plain", "plain", "egg", "egg", "plain", "plain", "plain", "egg", "plain", "plain", "egg", "plain", "plain", "plain", "plain", "plain", "plain", "plain", "egg", "plain", "plain", "plain", "egg", "plain", "plain", "plain", "egg", "plain", "plain", "plain", "egg", "plain", "turd", "plain", "plain", "turd", "plain", "plain"], "errlog_a": "", "errlog_b": "", "start_time": 360, "start_moves": 40, "turn_count": 80, "result": 2, "reason": "EGGS_LAID", "trapdoors": [[4, 2], [3, 4]], "spawn_a": [0, 6], "spawn_b": [7, 6]}