{"pos": [[0, 3], [7, 3], [1, 3], [7, 2], [0, 4], [7, 1], [0, 5], [7, 0], [0, 6], [7, 1], [1, 6], [6, 1], [2, 6], [6, 2], [3, 6], [6, 3], [4, 6], [6, 2], [3, 6], [5, 2], [3, 5], [5, 1], [2, 5], [5, 0], [2, 4], [5, 1], [3, 4], [4, 1], [0, 4], [3, 1], [0, 5], [3, 0], [1, 5], [3, 1], [1, 6], [3, 2], [1, 7], [3, 1], [2, 7], [2, 1], [3, 7], [2, 0], [4, 7], [1, 0], [5, 7], [2, 0], [5, 6], [3, 0], [5, 5], [4, 0], [4, 5], [5, 0], [4, 4], [4, 0], [4, 3], [4, 1], [4, 2], [3, 1], [4, 3], [4, 1], [0, 4], [3, 1], [1, 4], [3, 0], [1, 3], [4, 0], [0, 4], [5, 0], [1, 4], [6, 0], [1, 5], [6, 1], [2, 5], [6, 0], [3, 5], [6, 1], [3, 4], [6, 0], [0, 4], [7, 0]], "a_eggs_laid": [1, 1, 1, 1, 2, 2, 2, 2, 2, 2, 3, 3, 3, 3, 4, 4, 4, 4, 5, 5, 5, 5, 6, 6, 6, 6, 7, 7, 7, 7, 7, 7, 7, 7, 8, 8, 8, 8, 9, 9, 9, 9, 10, 10, 10, 10, 11, 11, 11, 11, 12, 12, 12, 12, 13, 13, 13, 13, 14, 14, 14, 14, 14, 14, 14, 14, 14, 14, 14, 14, 14, 14, 14, 14, 14, 14, 14, 14, 14, 14], "b_eggs_laid": [0, 1, 1, 1, 1, 6, 6, 6, 6, 9, 9, 9, 9, 10, 10, 10, 10, 11, 11, 11, 11, 12, 12, 12, 12, 13, 13, 13, 13, 18, 18, 18, 18, 19, 19, 19, 19, 20, 20, 20, 20, 21, 21, 21, 21, 22, 22, 22, 22, 22, 22, 22, 22, 22, 22, 22, 22, 22, 22, 22, 22, 26, 26, 26, 26, 26, 26, 30, 30, 30, 30, 30, 30, 30, 30, 30, 30, 30, 30, 34], "a_turds_left": [5, 5, 4, 4, 4, 4, 4, 4, 3, 3, 3, 3, 3, 3, 3, 3, 3, 3, 3, 3, 2, 2, 2, 2, 2, 2, 2, 2, 2, 2, 2, 2, 2, 2, 2, 2, 2, 2, 2, 2, 1, 1, 1, 1, 1, 1, 1, 1, 1, 1, 1, 1, 1, 1, 1, 1, 1, 1, 1, 1, 1, 1, 1, 1, 1, 1, 1, 1, 1, 1, 1, 1, 1, 1, 1, 1, 1, 1, 1, 1], "b_turds_left": [5, 5, 5, 5, 5, 5, 5, 5, 5, 5, 5, 5, 5, 5, 5, 5, 5, 5, 5, 5, 5, 5, 5, 5, 5, 5, 5, 5, 5, 5, 5, 5, 5, 5, 5, 5, 5, 5, 5, 5, 5, 5, 5, 5, 5, 5, 5, 5, 5, 5, 5, 5, 5, 5, 5, 5, 5, 5, 5, 5, 5, 5, 5, 5, 5, 5, 5, 5, 5, 5, 5, 5, 5, 5, 5, 5, 5, 5, 5, 4], "a_time_left": [358.63486733299214, 358.63486733299214, 357.89838124997914, 357.89838124997914, 356.0536765829893, 356.0536765829893, 355.657353290997, 355.657353290997, 355.0086036249995, 355.0086036249995, 353.91457725001965, 353.91457725001965, 352.23744675004855, 352.23744675004855, 350.1020511670504, 350.1020511670504, 348.6270098340465, 348.6270098340465, 347.294749376073, 347.294749376073, 345.85535008402076, 345.85535008402076, 344.27056229201844, 344.27056229201844, 342.9912824999774, 342.9912824999774, 341.4034734169836, 341.4034734169836, 339.9698078749934, 339.9698078749934, 339.4589546659845, 339.4589546659845, 339.0364308319404, 339.0364308319404, 336.8364979569451, 336.8364979569451, 335.6218821659568, 335.6218821659568, 334.2452313739341, 334.2452313739341, 333.4774030818953, 333.4774030818953, 332.8627696239273, 332.8627696239273, 332.3000686239684, 332.3000686239684, 331.9825574569404, 331.9825574569404, 331.7334073319216, 331.7334073319216, 331.2882710409467, 331.2882710409467, 330.94703999895137, 330.94703999895137, 330.5434717069147, 330.5434717069147, 330.2317451239214, 330.2317451239214, 330.06175654090475, 330.06175654090475, 329.76048045791686, 329.76048045791686, 329.6149816659163, 329.6149816659163, 329.33283316594316, 329.33283316594316, 329.2379743329366, 329.2379743329366, 329.13043024996296, 329.13043024996296, 328.9730640409398, 328.9730640409398, 328.7675633748877, 328.7675633748877, 328.60097779193893, 328.60097779193893, 328.4209656669409, 328.4209656669409, 328.3878568749642, 328.3878568749642], "b_time_left": [360, 358.3582055000006, 358.3582055000006, 357.201581500005, 357.201581500005, 356.6129830830032, 356.6129830830032, 355.71800212503877, 355.71800212503877, 354.7590984580456, 354.7590984580456, 353.73666387505364, 353.73666387505364, 350.4582804160309, 350.4582804160309, 349.16628716606647, 349.16628716606647, 346.84386187407654, 346.84386187407654, 345.9383905821014, 345.9383905821014, 343.5882795820944, 343.5882795820944, 342.600534707075, 342.600534707075, 340.2652364150854, 340.2652364150854, 339.3704155400628, 339.3704155400628, 338.94756724807667, 338.94756724807667, 338.5988363311044, 338.5988363311044, 337.1963560390868, 337.1963560390868, 336.61589470511535, 336.61589470511535, 335.38329099613475, 335.38329099613475, 334.9187419551308, 334.9187419551308, 333.711725246103, 333.711725246103, 333.3421598301502, 333.3421598301502, 332.49061149614863, 332.49061149614863, 331.9140262461733, 331.9140262461733, 331.3410409541684, 331.3410409541684, 330.93949245417025, 330.93949245417025, 330.39543324615806, 330.39543324615806, 329.9936114541488, 329.9936114541488, 329.80186537012924, 329.80186537012924, 329.39672016212717, 329.39672016212717, 329.33756232913584, 329.33756232913584, 329.0534290371579, 329.0534290371579, 328.938613454171, 328.938613454171, 328.838403329195, 328.838403329195, 328.70394324616063, 328.70394324616063, 328.4980582461576, 328.4980582461576, 328.2905803301255, 328.2905803301255, 328.0447491631494, 328.0447491631494, 328.002123621176, 328.002123621176, 327.99712941318285], "a_moves_left": [39, 39, 38, 38, 37, 37, 36, 36, 35, 35, 34, 34, 33, 33, 32, 32, 31, 31, 30, 30, 29, 29, 28, 28, 27, 27, 26, 26, 25, 25, 24, 24, 23, 23, 22, 22, 21, 21, 20, 20, 19, 19, 18, 18, 17, 17, 16, 16, 15, 15, 14, 14, 13, 13, 12, 12, 11, 11, 10, 10, 9, 9, 8, 8, 7, 7, 6, 6, 5, 5, 4, 4, 3, 3, 2, 2, 1, 1, 0, 0], "b_moves_left": [40, 39, 39, 38, 38, 37, 37, 36, 36, 35, 35, 34, 34, 33, 33, 32, 32, 31, 31, 30, 30, 29, 29, 28, 28, 27, 27, 26, 26, 25, 25, 24, 24, 23, 23, 22, 22, 21, 21, 20, 20, 19, 19, 18, 18, 17, 17, 16, 16, 15, 15, 14, 14, 13, 13, 12, 12, 11, 11, 10, 10, 9, 9, 8, 8, 7, 7, 6, 6, 5, 5, 4, 4, 3, 3, 2, 2, 1, 1, 0], "trapdoor_triggered": [0, 0, 0, 0, 1, 0, 0, 0, 0, 0, 0, 0, 0, 0, 0, 0, 0, 0, 0, 0, 0, 0, 0, 0, 0, 0, 0, 0, 1, 0, 0, 0, 0, 0, 0, 0, 0, 0, 0, 0, 0, 0, 0, 0, 0, 0, 0, 0, 0, 0, 0, 0, 0, 0, 0, 0, 0, 0, 0, 0, 1, 0, 0, 0, 0, 0, 1, 0, 0, 0, 0, 0, 0, 0, 0, 0, 0, 0, 1, 0], "left_behind": ["egg", "egg", "turd", "plain", "egg", "egg", "plain", "plain", "turd", "egg", "egg", "plain", "plain", "egg", "egg", "plain", "plain", "egg", "egg", "plain", "turd", "egg", "egg", "plain", "plain", "egg", "egg", "plain", "plain", "egg", "plain", "plain", "plain", "egg", "egg", "plain", "plain", "egg", "egg", "plain", "turd", "egg", "egg", "plain", "plain", "egg", "egg", "plain", "plain", "plain", "egg", "plain", "plain", "plain", "egg", "plain", "plain", "plain", "egg", "plain", "plain", "plain", "plain", "plain", "plain", "plain", "plain", "plain", "plain", "plain", "plain", "plain", "plain", "plain", "plain", "plain", "plain", "plain", "plain", "turd"], "errlog_a": "", "errlog_b": "", "start_time": 360, "start_moves": 40, "turn_count": 80, "result": 1, "reason": "EGGS_LAID", "trapdoors": [[3, 3], [2, 3]], "spawn_a": [0, 4], "spawn_b": [7, 4]}