{"pos": [[0, 1], [7, 1], [0, 0], [7, 0], [1, 0], [7, 1], [2, 0], [6, 1], [2, 1], [6, 2], [2, 2], [6, 3], [2, 1], [6, 4], [1, 1], [7, 4], [2, 1], [7, 5], [3, 1], [7, 6], [3, 0], [7, 5], [4, 0], [6, 5], [5, 0], [6, 6], [5, 1], [6, 7], [5, 2], [6, 6], [4, 2], [5, 6], [3, 2], [5, 5], [4, 2], [7, 2], [4, 3], [7, 1], [4, 4], [7, 2], [4, 5], [6, 2], [4, 6], [5, 2], [3, 6], [5, 3], [2, 6], [7, 2], [2, 5], [7, 3], [2, 4], [7, 2], [2, 3], [7, 3], [1, 3], [6, 3], [1, 4], [5, 3], [0, 4], [7, 2], [1, 4], [7, 3], [1, 5], [7, 2], [1, 6], [7, 3], [1, 7], [7, 2], [1, 6], [7, 3], [0, 6], [7, 2], [1, 6], [7, 3], [1, 5], [7, 2], [1, 4], [7, 1], [1, 3], [7, 2]], "a_eggs_laid": [1, 1, 1, 1, 4, 4, 4, 4, 5, 5, 5, 5, 6, 6, 6, 6, 7, 7, 7, 7, 8, 8, 8, 8, 9, 9, 9, 9, 10, 10, 10, 10, 11, 11, 11, 11, 15, 15, 15, 15, 16, 16, 16, 16, 17, 17, 17, 17, 22, 22, 22, 22, 23, 23, 23, 23, 24, 24, 24, 24, 29, 29, 29, 29, 30, 30, 30, 30, 31, 31, 31, 31, 32, 32, 32, 32, 32, 32, 32, 32], "b_eggs_laid": [0, 1, 1, 1, 1, 4, 4, 4, 4, 5, 5, 5, 5, 6, 6, 6, 6, 7, 7, 7, 7, 8, 8, 8, 8, 9, 9, 9, 9, 10, 10, 10, 10, 11, 11, 11, 11, 11, 11, 11, 11, 11, 11, 11, 11, 12, 12, 12, 12, 12, 12, 12, 12, 12, 12, 12, 12, 12, 12, 12, 12, 12, 12, 12, 12, 12, 12, 12, 12, 12, 12, 12, 12, 12, 12, 12, 12, 12, 12, 12], "a_turds_left": [5, 5, 5, 5, 5, 5, 5, 5, 5, 5, 5, 5, 5, 5, 5, 5, 5, 5, 5, 5, 5, 5, 5, 5, 5, 5, 5, 5, 5, 5, 5, 5, 5, 5, 5, 5, 5, 5, 5, 5, 5, 5, 5, 5, 5, 5, 5, 5, 5, 5, 5, 5, 5, 5, 5, 5, 5, 5, 5, 5, 5, 5, 5, 5, 5, 5, 5, 5, 5, 5, 5, 5, 5, 5, 5, 5, 5, 5, 5, 5], "b_turds_left": [5, 5, 5, 5, 5, 5, 5, 5, 5, 5, 5, 5, 5, 5, 5, 5, 5, 5, 5, 5, 5, 5, 5, 5, 5, 5, 5, 5, 5, 5, 5, 5, 5, 5, 5, 5, 5, 5, 5, 5, 5, 5, 5, 5, 5, 5, 5, 5, 5, 5, 5, 5, 5, 5, 5, 5, 5, 5, 5, 5, 5, 5, 5, 5, 5, 5, 5, 5, 5, 5, 5, 5, 5, 5, 5, 5, 5, 5, 5, 4], "a_time_left": [356.63210858398816, 356.63210858398816, 355.66926875000354, 355.66926875000354, 354.31102391699096, 354.31102391699096, 353.0297520000022, 353.0297520000022, 344.0230046249926, 344.0230046249926, 340.7500591669814, 340.7500591669814, 326.3375218749861, 326.3375218749861, 320.70921670802636, 320.70921670802636, 318.7840945410426, 318.7840945410426, 318.0505258330377, 318.0505258330377, 317.0967553750379, 317.0967553750379, 316.7030422500684, 316.7030422500684, 315.52508641709574, 315.52508641709574, 315.0188010840793, 315.0188010840793, 313.91971733409446, 313.91971733409446, 313.34352879208745, 313.34352879208745, 312.1776186260977, 312.1776186260977, 311.67838258412667, 311.67838258412667, 311.38340604212135, 311.38340604212135, 311.0530124591314, 311.0530124591314, 310.3421237920993, 310.3421237920993, 310.10915741708595, 310.10915741708595, 308.9331331670983, 308.9331331670983, 308.6873482920928, 308.6873482920928, 308.1327265421278, 308.1327265421278, 307.9304778331425, 307.9304778331425, 307.4176826660987, 307.4176826660987, 307.14163645810913, 307.14163645810913, 306.0965812491486, 306.0965812491486, 305.7427238741657, 305.7427238741657, 305.31096016516676, 305.31096016516676, 305.0993852901738, 305.0993852901738, 304.45355258113705, 304.45355258113705, 304.25773724814644, 304.25773724814644, 303.8963802061626, 303.8963802061626, 303.69258133112453, 303.69258133112453, 303.33197808114346, 303.33197808114346, 303.1942609141697, 303.1942609141697, 302.96464070514776, 302.96464070514776, 302.9340791221475, 302.9340791221475], "b_time_left": [360, 358.129204625031, 358.129204625031, 356.68416000000434, 356.68416000000434, 354.50007066701073, 354.50007066701073, 352.4445878759725, 352.4445878759725, 344.42489712598035, 344.42489712598035, 340.9827869600267, 340.9827869600267, 333.6515484600095, 333.6515484600095, 332.6024920020136, 332.6024920020136, 331.80229458602844, 331.80229458602844, 331.0068364610197, 331.0068364610197, 330.5753905859892, 330.5753905859892, 330.10913571104174, 330.10913571104174, 329.1895462530083, 329.1895462530083, 328.4956588369678, 328.4956588369678, 327.6116458369652, 327.6116458369652, 326.56084683694644, 326.56084683694644, 325.3762984619243, 325.3762984619243, 324.868707003945, 324.868707003945, 324.55086542095523, 324.55086542095523, 323.9061156299431, 323.9061156299431, 323.45453033794183, 323.45453033794183, 322.90416804590495, 322.90416804590495, 322.04472454590723, 322.04472454590723, 321.5226243789075, 321.5226243789075, 321.1127890868811, 321.1127890868811, 320.5531178788515, 320.5531178788515, 320.23689333786024, 320.23689333786024, 319.6870650878991, 319.6870650878991, 319.3440342958784, 319.3440342958784, 318.9149033378926, 318.9149033378926, 318.7080704208929, 318.7080704208929, 318.15456196287414, 318.15456196287414, 317.93933054688387, 317.93933054688387, 317.63590658886824, 317.63590658886824, 317.5369740888709, 317.5369740888709, 317.2583749638288, 317.2583749638288, 317.17684508883394, 317.17684508883394, 317.0286923798267, 317.0286923798267, 316.9781333387946, 316.9781333387946, 316.9740036717849], "a_moves_left": [39, 39, 38, 38, 37, 37, 36, 36, 35, 35, 34, 34, 33, 33, 32, 32, 31, 31, 30, 30, 29, 29, 28, 28, 27, 27, 26, 26, 25, 25, 24, 24, 23, 23, 22, 22, 21, 21, 20, 20, 19, 19, 18, 18, 17, 17, 16, 16, 15, 15, 14, 14, 13, 13, 12, 12, 11, 11, 10, 10, 9, 9, 8, 8, 7, 7, 6, 6, 5, 5, 4, 4, 3, 3, 2, 2, 1, 1, 0, 0], "b_moves_left": [40, 39, 39, 38, 38, 37, 37, 36, 36, 35, 35, 34, 34, 33, 33, 32, 32, 31, 31, 30, 30, 29, 29, 28, 28, 27, 27, 26, 26, 25, 25, 24, 24, 23, 23, 22, 22, 21, 21, 20, 20, 19, 19, 18, 18, 17, 17, 16, 16, 15, 15, 14, 14, 13, 13, 12, 12, 11, 11, 10, 10, 9, 9, 8, 8, 7, 7, 6, 6, 5, 5, 4, 4, 3, 3, 2, 2, 1, 1, 0], "trapdoor_triggered": [0, 0, 0, 0, 0, 0, 0, 0, 0, 0, 0, 0, 0, 0, 0, 0, 0, 0, 0, 0, 0, 0, 0, 0, 0, 0, 0, 0, 0, 0, 0, 0, 0, 0, 0, 1, 0, 0, 0, 0, 0, 0, 0, 0, 0, 0, 0, 1, 0, 0, 0, 0, 0, 0, 0, 0, 0, 0, 0, 1, 0, 0, 0, 0, 0, 0, 0, 0, 0, 0, 0, 0, 0, 0, 0, 0, 0, 0, 0, 0], "left_behind": ["egg", "egg", "plain", "plain", "egg", "egg", "plain", "plain", "egg", "egg", "plain", "plain", "egg", "egg", "plain", "plain", "egg", "egg", "plain", "plain", "egg", "egg", "plain", "plain", "egg", "egg", "plain", "plain", "egg", "egg", "plain", "plain", "egg", "egg", "plain", "plain", "plain", "plain", "plain", "plain", "egg", "plain", "plain", "plain", "egg", "egg", "plain", "plain", "egg", "plain", "plain", "plain", "egg", "plain", "plain", "plain", "egg", "plain", "plain", "plain", "egg", "plain", "plain", "plain", "egg", "plain", "plain", "plain", "egg", "plain", "plain", "plain", "egg", "plain", "plain", "plain", "plain", "plain", "plain", "turd"], "errlog_a": "", "errlog_b": "", "start_time": 360, "start_moves": 40, "turn_count": 80, "result": 0, "reason": "EGGS_LAID", "trapdoors": [[3, 5], [5, 4]], "spawn_a": [0, 2], "spawn_b": [7, 2]}