{"pos": [[7, 4], [0, 4], [7, 3], [0, 3], [7, 2], [0, 2], [7, 1], [0, 1], [6, 1], [1, 1], [6, 2], [1, 2], [6, 1], [1, 1], [5, 1], [1, 0], [5, 0], [2, 0], [6, 0], [3, 0], [7, 0], [4, 0], [7, 1], [4, 1], [7, 2], [3, 1], [7, 1], [0, 5], [7, 2], [0, 4], [7, 3], [1, 4], [7, 4], [1, 5], [6, 4], [1, 6], [6, 5], [2, 6], [6, 6], [3, 6], [6, 7], [3, 5], [7, 7], [4, 5], [6, 7], [4, 6], [6, 6], [5, 6], [6, 5], [5, 5], [6, 4], [5, 4], [7, 4], [5, 5], [6, 4], [6, 5], [6, 3], [5, 5], [5, 3], [5, 4], [5, 2], [5, 5], [6, 2], [5, 6], [5, 2], [4, 6], [4, 2], [4, 7], [7, 5], [3, 7], [7, 4], [2, 7], [7, 3], [2, 6], [7, 2], [2, 5], [7, 1], [2, 6], [6, 1], [2, 7]], "a_eggs_laid": [1, 1, 1, 1, 2, 2, 2, 2, 3, 3, 3, 3, 4, 4, 4, 4, 5, 5, 5, 5, 6, 6, 6, 6, 6, 6, 6, 6, 10, 10, 10, 10, 10, 10, 10, 10, 11, 11, 11, 11, 12, 12, 12, 12, 15, 15, 15, 15, 15, 15, 15, 15, 15, 15, 15, 15, 15, 15, 15, 15, 16, 16, 16, 16, 16, 16, 16, 16, 17, 17, 17, 17, 17, 17, 17, 17, 17, 17, 17, 17], "b_eggs_laid": [0, 1, 1, 1, 1, 2, 2, 2, 2, 3, 3, 3, 3, 4, 4, 4, 4, 5, 5, 5, 5, 6, 6, 6, 6, 7, 7, 7, 7, 7, 7, 7, 7, 8, 8, 8, 8, 9, 9, 9, 9, 10, 10, 10, 10, 11, 11, 11, 11, 12, 12, 12, 12, 13, 13, 13, 13, 14, 14, 14, 14, 14, 14, 14, 14, 14, 14, 14, 14, 19, 19, 19, 19, 20, 20, 20, 20, 20, 20, 20], "a_turds_left": [5, 5, 5, 5, 5, 5, 5, 5, 5, 5, 5, 5, 5, 5, 5, 5, 5, 5, 5, 5, 5, 5, 5, 5, 5, 5, 5, 5, 5, 5, 5, 5, 5, 5, 5, 5, 5, 5, 5, 5, 5, 5, 5, 5, 5, 5, 5, 5, 5, 5, 5, 5, 5, 5, 5, 5, 5, 5, 5, 5, 5, 5, 5, 5, 5, 5, 5, 5, 5, 5, 5, 5, 5, 5, 5, 5, 5, 5, 5, 5], "b_turds_left": [5, 5, 5, 5, 5, 5, 5, 5, 5, 5, 5, 5, 5, 5, 5, 5, 5, 5, 5, 5, 5, 5, 5, 5, 5, 5, 5, 5, 5, 5, 5, 5, 5, 5, 5, 5, 5, 5, 5, 5, 5, 5, 5, 5, 5, 5, 5, 5, 5, 5, 5, 5, 5, 5, 5, 5, 5, 5, 5, 5, 5, 5, 5, 5, 5, 5, 5, 5, 5, 5, 5, 5, 5, 5, 5, 5, 5, 5, 5, 4], "a_time_left": [358.8627587920055, 358.8627587920055, 358.36597016704036, 358.36597016704036, 357.0768869590829, 357.0768869590829, 356.5424337511067, 356.5424337511067, 355.08908025111305, 355.08908025111305, 354.0993103760993, 354.0993103760993, 351.61904925113777, 351.61904925113777, 350.9037257931195, 350.9037257931195, 349.6748385851388, 349.6748385851388, 349.26599254313624, 349.26599254313624, 348.51817970915, 348.51817970915, 348.3531245011254, 348.3531245011254, 347.82143537607044, 347.82143537607044, 347.27845845906995, 347.27845845906995, 347.0739164170809, 347.0739164170809, 346.67314304213505, 346.67314304213505, 345.91588029213017, 345.91588029213017, 345.33888683415717, 345.33888683415717, 343.48072466714075, 343.48072466714075, 342.86461629217956, 342.86461629217956, 341.21003666718025, 341.21003666718025, 340.6727157921414, 340.6727157921414, 339.57126708410215, 339.57126708410215, 339.3299297920894, 339.3299297920894, 339.1540808341233, 339.1540808341233, 339.0561313761282, 339.0561313761282, 338.8250878341496, 338.8250878341496, 338.68994391715387, 338.68994391715387, 338.6174318341655, 338.6174318341655, 338.49675495916745, 338.49675495916745, 338.3487421251484, 338.3487421251484, 338.16021420812467, 338.16021420812467, 338.0079812501208, 338.0079812501208, 337.6739270831458, 337.6739270831458, 336.58442320814356, 336.58442320814356, 336.50830204214435, 336.50830204214435, 336.2018753331504, 336.2018753331504, 335.9892072501825, 335.9892072501825, 335.5402716671815, 335.5402716671815, 335.5287173341494, 335.5287173341494], "b_time_left": [360, 358.9901265829685, 358.9901265829685, 358.39007254096214, 358.39007254096214, 357.37218924897024, 357.37218924897024, 356.7919939569547, 356.7919939569547, 355.5124562069541, 355.5124562069541, 354.64395158196567, 354.64395158196567, 352.93941366596846, 352.93941366596846, 352.14529108296847, 352.14529108296847, 351.564266707981, 351.564266707981, 350.9330955829937, 350.9330955829937, 350.72619066701736, 350.72619066701736, 350.53186124999775, 350.53186124999775, 350.07194795802934, 350.07194795802934, 349.7239303740207, 349.7239303740207, 349.592108457, 349.592108457, 349.28782279003644, 349.28782279003644, 347.7778314570314, 347.7778314570314, 346.929115165025, 346.929115165025, 345.88891437399434, 345.88891437399434, 344.8860179160256, 344.8860179160256, 343.68199433299014, 343.68199433299014, 342.86011562496424, 342.86011562496424, 341.8189698749338, 341.8189698749338, 341.5460209999583, 341.5460209999583, 341.1858250829391, 341.1858250829391, 340.9601348749129, 340.9601348749129, 340.5422149578808, 340.5422149578808, 340.3431439578417, 340.3431439578417, 340.1310745408409, 340.1310745408409, 339.62338720681146, 339.62338720681146, 339.5707726228284, 339.5707726228284, 339.2379290808458, 339.2379290808458, 339.04924824787304, 339.04924824787304, 338.48704187286785, 338.48704187286785, 338.26749649783596, 338.26749649783596, 338.20659166481346, 338.20659166481346, 337.86534787283745, 337.86534787283745, 337.7010436228011, 337.7010436228011, 337.6066455387627, 337.6066455387627, 337.60271183075383], "a_moves_left": [39, 39, 38, 38, 37, 37, 36, 36, 35, 35, 34, 34, 33, 33, 32, 32, 31, 31, 30, 30, 29, 29, 28, 28, 27, 27, 26, 26, 25, 25, 24, 24, 23, 23, 22, 22, 21, 21, 20, 20, 19, 19, 18, 18, 17, 17, 16, 16, 15, 15, 14, 14, 13, 13, 12, 12, 11, 11, 10, 10, 9, 9, 8, 8, 7, 7, 6, 6, 5, 5, 4, 4, 3, 3, 2, 2, 1, 1, 0, 0], "b_moves_left": [40, 39, 39, 38, 38, 37, 37, 36, 36, 35, 35, 34, 34, 33, 33, 32, 32, 31, 31, 30, 30, 29, 29, 28, 28, 27, 27, 26, 26, 25, 25, 24, 24, 23, 23, 22, 22, 21, 21, 20, 20, 19, 19, 18, 18, 17, 17, 16, 16, 15, 15, 14, 14, 13, 13, 12, 12, 11, 11, 10, 10, 9, 9, 8, 8, 7, 7, 6, 6, 5, 5, 4, 4, 3, 3, 2, 2, 1, 1, 0], "trapdoor_triggered": [0, 0, 0, 0, 0, 0, 0, 0, 0, 0, 0, 0, 0, 0, 0, 0, 0, 0, 0, 0, 0, 0, 0, 0, 0, 0, 0, 1, 0, 0, 0, 0, 0, 0, 0, 0, 0, 0, 0, 0, 0, 0, 0, 0, 0, 0, 0, 0, 0, 0, 0, 0, 0, 0, 0, 0, 0, 0, 0, 0, 0, 0, 0, 0, 0, 0, 0, 0, 1, 0, 0, 0, 0, 0, 0, 0, 0, 0, 0, 0], "left_behind": ["egg", "egg", "plain", "plain", "egg", "egg", "plain", "plain", "egg", "egg", "plain", "plain", "egg", "egg", "plain", "plain", "egg", "egg", "plain", "plain", "egg", "egg", "plain", "plain", "plain", "egg", "plain", "plain", "plain", "plain", "plain", "plain", "plain", "egg", "plain", "plain", "egg", "egg", "plain", "plain", "egg", "egg", "plain", "plain", "egg", "egg", "plain", "plain", "plain", "egg", "plain", "plain", "plain", "egg", "plain", "plain", "plain", "egg", "plain", "plain", "egg", "plain", "plain", "plain", "plain", "plain", "plain", "plain", "egg", "egg", "plain", "plain", "plain", "egg", "plain", "plain", "plain", "plain", "plain", "turd"], "errlog_a": "", "errlog_b": "", "start_time": 360, "start_moves": 40, "turn_count": 80, "result": 1, "reason": "EGGS_LAID", "trapdoors": [[4, 4], [3, 2]], "spawn_a": [7, 5], "spawn_b": [0, 5]}