{"pos": [[7, 4], [0, 4], [7, 3], [0, 3], [7, 2], [0, 2], [6, 2], [0, 1], [5, 2], [1, 1], [4, 2], [1, 0]], "a_eggs_laid": [0, 0, 0, 0, 1, 1, 1, 1, 1, 1, 1, 1], "b_eggs_laid": [0, 1, 1, 1, 1, 2, 2, 2, 2, 3, 3, 3], "a_turds_left": [4, 4, 3, 3, 3, 3, 3, 3, 2, 2, 1, 1], "b_turds_left": [5, 5, 5, 5, 5, 5, 5, 5, 5, 5, 5, 5], "a_time_left": [358.47776795801474, 358.47776795801474, 356.9724558329908, 356.9724558329908, 355.4669215409667, 355.4669215409667, 353.9614139999612, 353.9614139999612, 352.4559555409942, 352.4559555409942, 350.95039912400534, 350.95039912400534], "b_time_left": [360, 358.775506416976, 358.775506416976, 358.204236999969, 358.204236999969, 357.025845541968, 357.025845541968, 355.99014379194705, 355.99014379194705, 354.587303166918, 354.587303166918, 353.6354930418893], "a_moves_left": [39, 39, 38, 38, 37, 37, 36, 36, 35, 35, 34, 34], "b_moves_left": [40, 39, 39, 38, 38, 37, 37, 36, 36, 35, 35, 34], "trapdoor_triggered": [0, 0, 0, 0, 0, 0, 0, 0, 0, 0, 0, 0], "left_behind": ["turd", "egg", "turd", "plain", "egg", "egg", "plain", "plain", "turd", "egg", "turd", "plain"], "errlog_a": "Timeout", "errlog_b": "", "start_time": 360, "start_moves": 40, "turn_count": 12, "result": 1, "reason": "CODE_CRASH", "trapdoors": [[3, 5], [4, 5]], "spawn_a": [7, 5], "spawn_b": [0, 5]}