{"pos": [[0, 3], [7, 1], [0, 2], [7, 0], [0, 1], [7, 1], [0, 2], [6, 1], [0, 1], [6, 2], [0, 2], [6, 3], [0, 3], [6, 4], [0, 4], [7, 4], [0, 5], [7, 5], [0, 4], [7, 6], [0, 5], [7, 5], [1, 5], [6, 5], [1, 4], [6, 6], [1, 3], [6, 7], [1, 2], [6, 6], [1, 3], [5, 6], [1, 4], [4, 6], [0, 4], [3, 6], [0, 5], [2, 6], [0, 4], [2, 5], [0, 3], [3, 5], [0, 2], [4, 5], [1, 2], [7, 2]], "a_eggs_laid": [0, 0, 0, 0, 1, 1, 1, 1, 1, 1, 1, 1, 1, 1, 1, 1, 1, 1, 1, 1, 1, 1, 1, 1, 1, 1, 1, 1, 1, 1, 1, 1, 1, 1, 1, 1, 1, 1, 1, 1, 1, 1, 1, 1, 1, 1], "b_eggs_laid": [0, 1, 1, 1, 1, 4, 4, 4, 4, 5, 5, 5, 5, 6, 6, 6, 6, 7, 7, 7, 7, 8, 8, 8, 8, 9, 9, 9, 9, 10, 10, 10, 10, 11, 11, 11, 11, 12, 12, 12, 12, 13, 13, 13, 13, 14], "a_turds_left": [5, 5, 4, 4, 4, 4, 4, 4, 4, 4, 4, 4, 4, 4, 4, 4, 3, 3, 2, 2, 2, 2, 2, 2, 2, 2, 2, 2, 1, 1, 0, 0, 0, 0, 0, 0, 0, 0, 0, 0, 0, 0, 0, 0, 0, 0], "b_turds_left": [5, 5, 5, 5, 5, 5, 5, 5, 5, 5, 5, 5, 5, 5, 5, 5, 5, 5, 5, 5, 5, 5, 5, 5, 5, 5, 5, 5, 5, 5, 5, 5, 5, 5, 5, 5, 5, 5, 5, 5, 5, 5, 5, 5, 5, 5], "a_time_left": [358.47392754099565, 358.47392754099565, 356.96840091602644, 356.96840091602644, 355.46352566598216, 355.46352566598216, 353.95843483298086, 353.95843483298086, 352.45638233300997, 352.45638233300997, 350.94917895802064, 350.94917895802064, 349.443640707992, 349.443640707992, 347.93776033300674, 347.93776033300674, 346.4321901249932, 346.4321901249932, 344.92933591699693, 344.92933591699693, 343.42873287497787, 343.42873287497787, 341.92523941595573, 341.92523941595573, 340.42208866600413, 340.42208866600413, 338.9166643319768, 338.9166643319768, 337.41425328998594, 337.41425328998594, 335.9087181650102, 335.9087181650102, 334.40352491498925, 334.40352491498925, 332.90187553997384, 332.90187553997384, 331.3982077059918, 331.3982077059918, 329.8928158310009, 329.8928158310009, 328.38733595598023, 328.38733595598023, 326.8818897900055, 326.8818897900055, 325.37650691502495, 325.37650691502495], "b_time_left": [360, 357.751946415985, 357.751946415985, 356.71833154099295, 356.71833154099295, 355.876236082986, 355.876236082986, 355.2967377079767, 355.2967377079767, 353.595213457942, 353.595213457942, 353.15760179195786, 353.15760179195786, 351.65084974997444, 351.65084974997444, 350.5113288749708, 350.5113288749708, 348.09407904098043, 348.09407904098043, 347.8130744569935, 347.8130744569935, 346.1516197900055, 346.1516197900055, 345.0685660809977, 345.0685660809977, 340.8996162060066, 340.8996162060066, 339.5463037479785, 339.5463037479785, 338.19801420596195, 338.19801420596195, 337.95538774697343, 337.95538774697343, 337.0827404559823, 337.0827404559823, 336.74310266500106, 336.74310266500106, 335.85625570698176, 335.85625570698176, 335.6620112900273, 335.6620112900273, 335.4395879560034, 335.4395879560034, 335.1504921640153, 335.1504921640153, 334.4423307059915], "a_moves_left": [39, 39, 38, 38, 37, 37, 36, 36, 35, 35, 34, 34, 33, 33, 32, 32, 31, 31, 30, 30, 29, 29, 28, 28, 27, 27, 26, 26, 25, 25, 24, 24, 23, 23, 22, 22, 21, 21, 20, 20, 19, 19, 18, 18, 17, 17], "b_moves_left": [40, 39, 39, 38, 38, 37, 37, 36, 36, 35, 35, 34, 34, 33, 33, 32, 32, 31, 31, 30, 30, 29, 29, 28, 28, 27, 27, 26, 26, 25, 25, 24, 24, 23, 23, 22, 22, 21, 21, 20, 20, 19, 19, 18, 18, 17], "trapdoor_triggered": [0, 0, 0, 0, 0, 0, 0, 0, 0, 0, 0, 0, 0, 0, 0, 0, 0, 0, 0, 0, 0, 0, 0, 0, 0, 0, 0, 0, 0, 0, 0, 0, 0, 0, 0, 0, 0, 0, 0, 0, 0, 0, 0, 0, 0, 1], "left_behind": ["plain", "egg", "turd", "plain", "egg", "egg", "plain", "plain", "plain", "egg", "plain", "plain", "plain", "egg", "plain", "plain", "turd", "egg", "turd", "plain", "plain", "egg", "plain", "plain", "plain", "egg", "plain", "plain", "turd", "egg", "turd", "plain", "plain", "egg", "plain", "plain", "plain", "egg", "plain", "plain", "plain", "egg", "plain", "plain", "plain", "egg"], "errlog_a": "Timeout", "errlog_b": "", "start_time": 360, "start_moves": 40, "turn_count": 46, "result": 1, "reason": "CODE_CRASH", "trapdoors": [[4, 4], [3, 2]], "spawn_a": [0, 2], "spawn_b": [7, 2]}