{"pos": [[0, 5], [7, 3], [0, 4], [7, 2], [1, 4]], "a_eggs_laid": [0, 0, 0, 0, 0], "b_eggs_laid": [0, 1, 1, 1, 1], "a_turds_left": [4, 4, 3, 3, 3], "b_turds_left": [5, 5, 5, 5, 5], "a_time_left": [358.4757972919615, 358.4757972919615, 356.97030524990987, 356.97030524990987, 355.46481612487696], "b_time_left": [360, 358.4090057500289, 358.4090057500289, 358.08890479203546, 358.08890479203546], "a_moves_left": [39, 39, 38, 38, 37], "b_moves_left": [40, 39, 39, 38, 38], "trapdoor_triggered": [0, 0, 0, 0, 0], "left_behind": ["turd", "egg", "turd", "plain", "plain"], "errlog_a": "", "errlog_b": "Timeout", "start_time": 360, "start_moves": 40, "turn_count": 5, "result": 0, "reason": "CODE_CRASH", "trapdoors": [[5, 3], [2, 5]], "spawn_a": [0, 4], "spawn_b": [7, 4]}