{"pos": [[1, 2], [7, 1], [1, 3], [7, 0], [1, 4], [7, 1], [1, 5], [6, 1], [2, 5], [6, 2], [2, 6], [6, 3], [3, 6], [6, 4], [4, 6], [6, 5], [3, 6], [6, 4], [3, 7], [5, 4], [2, 7], [5, 5], [1, 7], [5, 6], [0, 7], [6, 6], [0, 6], [7, 6], [0, 5], [7, 5], [0, 4], [7, 4], [0, 3], [7, 3], [1, 3], [7, 2], [0, 2], [6, 2], [0, 1], [5, 2], [0, 0], [5, 1], [1, 0], [5, 0], [2, 0], [5, 1], [3, 0], [4, 1], [3, 1], [5, 1], [3, 2], [5, 0], [3, 3], [6, 0], [3, 2], [6, 1], [4, 2], [6, 2], [4, 3], [6, 3], [5, 3], [6, 4], [4, 3], [6, 3], [4, 4], [6, 4], [4, 5], [6, 3], [3, 5], [6, 2], [2, 5], [6, 3], [0, 2], [6, 2], [0, 1], [6, 1], [1, 1], [6, 0], [2, 1], [7, 0]], "a_eggs_laid": [1, 1, 1, 1, 2, 2, 2, 2, 3, 3, 3, 3, 4, 4, 4, 4, 5, 5, 5, 5, 6, 6, 6, 6, 7, 7, 7, 7, 8, 8, 8, 8, 9, 9, 9, 9, 9, 9, 9, 9, 9, 9, 12, 12, 12, 12, 13, 13, 13, 13, 14, 14, 14, 14, 15, 15, 15, 15, 16, 16, 16, 16, 17, 17, 17, 17, 18, 18, 18, 18, 19, 19, 19, 19, 19, 19, 19, 19, 20, 20], "b_eggs_laid": [0, 1, 1, 1, 1, 4, 4, 4, 4, 5, 5, 5, 5, 6, 6, 6, 6, 7, 7, 7, 7, 8, 8, 8, 8, 9, 9, 9, 9, 10, 10, 10, 10, 11, 11, 11, 11, 15, 15, 15, 15, 16, 16, 16, 16, 17, 17, 17, 17, 18, 18, 18, 18, 18, 18, 18, 18, 18, 18, 18, 18, 18, 18, 18, 18, 18, 18, 18, 18, 18, 18, 18, 18, 22, 22, 22, 22, 22, 22, 22], "a_turds_left": [5, 5, 4, 4, 4, 4, 4, 4, 4, 4, 3, 3, 3, 3, 3, 3, 3, 3, 2, 2, 2, 2, 1, 1, 1, 1, 1, 1, 1, 1, 1, 1, 1, 1, 1, 1, 1, 1, 1, 1, 1, 1, 1, 1, 1, 1, 1, 1, 1, 1, 1, 1, 1, 1, 1, 1, 1, 1, 1, 1, 1, 1, 1, 1, 1, 1, 1, 1, 1, 1, 1, 1, 1, 1, 1, 1, 1, 1, 1, 1], "b_turds_left": [5, 5, 5, 5, 5, 5, 5, 5, 5, 5, 5, 5, 5, 5, 5, 5, 5, 5, 5, 5, 5, 5, 5, 5, 5, 5, 5, 5, 5, 5, 5, 5, 5, 5, 5, 5, 5, 5, 5, 5, 5, 5, 5, 5, 5, 5, 5, 5, 5, 5, 5, 5, 5, 5, 5, 5, 5, 5, 5, 5, 5, 5, 5, 5, 5, 5, 5, 5, 5, 5, 5, 5, 5, 5, 5, 5, 5, 5, 5, 4], "a_time_left": [358.5974216670147, 358.5974216670147, 357.6519405420404, 357.6519405420404, 356.0194862920325, 356.0194862920325, 354.58900170901325, 354.58900170901325, 350.8590244590305, 350.8590244590305, 349.5473699180293, 349.5473699180293, 346.03672687598737, 346.03672687598737, 344.0225535419886, 344.0225535419886, 341.44269870896824, 341.44269870896824, 340.1072683339589, 340.1072683339589, 337.4907293759752, 337.4907293759752, 336.86836920992937, 336.86836920992937, 335.4120406679576, 335.4120406679576, 335.00988804292865, 335.00988804292865, 333.88783345994307, 333.88783345994307, 333.55138687690487, 333.55138687690487, 332.1363262939267, 332.1363262939267, 331.9583351279143, 331.9583351279143, 331.6680695869145, 331.6680695869145, 331.4234844619059, 331.4234844619059, 330.4457324199029, 330.4457324199029, 329.8622142539243, 329.8622142539243, 329.2040885039023, 329.2040885039023, 328.4727798368549, 328.4727798368549, 328.0322743788711, 328.0322743788711, 327.58751083689276, 327.58751083689276, 327.302339211863, 327.302339211863, 326.8574577118852, 326.8574577118852, 326.4876911288593, 326.4876911288593, 326.1548396288417, 326.1548396288417, 325.84935296181357, 325.84935296181357, 325.6572350448114, 325.6572350448114, 325.35327179479646, 325.35327179479646, 324.92430783680174, 324.92430783680174, 324.6441334208357, 324.6441334208357, 324.3585777958506, 324.3585777958506, 324.13832879584515, 324.13832879584515, 324.0146460458636, 324.0146460458636, 323.7093330458738, 323.7093330458738, 323.61205083684763, 323.61205083684763], "b_time_left": [360, 357.42770762502914, 357.42770762502914, 356.35761904204264, 356.35761904204264, 353.68429908307735, 353.68429908307735, 352.19705625012284, 352.19705625012284, 348.0497816251009, 348.0497816251009, 346.97767491609557, 346.97767491609557, 343.74212933308445, 343.74212933308445, 342.31152425007895, 342.31152425007895, 340.478874667082, 340.478874667082, 339.79662695905427, 339.79662695905427, 339.0600007500616, 339.0600007500616, 338.6158945840434, 338.6158945840434, 338.2074595420272, 338.2074595420272, 337.8033094170387, 337.8033094170387, 337.4108200840419, 337.4108200840419, 336.8566227510455, 336.8566227510455, 336.4016770850285, 336.4016770850285, 336.0888397929957, 336.0888397929957, 335.9528046679916, 335.9528046679916, 335.4958994179615, 335.4958994179615, 334.5074170839507, 334.5074170839507, 333.7212922089384, 333.7212922089384, 332.7699808339239, 332.7699808339239, 332.355957041902, 332.355957041902, 331.6845114589087, 331.6845114589087, 331.02420766692376, 331.02420766692376, 330.55644970893627, 330.55644970893627, 330.26205712591764, 330.26205712591764, 329.9399749589502, 329.9399749589502, 329.59825420897687, 329.59825420897687, 329.4504090009723, 329.4504090009723, 329.1978225010098, 329.1978225010098, 328.8782640010468, 328.8782640010468, 328.5585810430348, 328.5585810430348, 328.2678494590218, 328.2678494590218, 328.086191667011, 328.086191667011, 328.02912595903035, 328.02912595903035, 327.80679191701347, 327.80679191701347, 327.7278832090087, 327.7278832090087, 327.72154341702117], "a_moves_left": [39, 39, 38, 38, 37, 37, 36, 36, 35, 35, 34, 34, 33, 33, 32, 32, 31, 31, 30, 30, 29, 29, 28, 28, 27, 27, 26, 26, 25, 25, 24, 24, 23, 23, 22, 22, 21, 21, 20, 20, 19, 19, 18, 18, 17, 17, 16, 16, 15, 15, 14, 14, 13, 13, 12, 12, 11, 11, 10, 10, 9, 9, 8, 8, 7, 7, 6, 6, 5, 5, 4, 4, 3, 3, 2, 2, 1, 1, 0, 0], "b_moves_left": [40, 39, 39, 38, 38, 37, 37, 36, 36, 35, 35, 34, 34, 33, 33, 32, 32, 31, 31, 30, 30, 29, 29, 28, 28, 27, 27, 26, 26, 25, 25, 24, 24, 23, 23, 22, 22, 21, 21, 20, 20, 19, 19, 18, 18, 17, 17, 16, 16, 15, 15, 14, 14, 13, 13, 12, 12, 11, 11, 10, 10, 9, 9, 8, 8, 7, 7, 6, 6, 5, 5, 4, 4, 3, 3, 2, 2, 1, 1, 0], "trapdoor_triggered": [0, 0, 0, 0, 0, 0, 0, 0, 0, 0, 0, 0, 0, 0, 0, 0, 0, 0, 0, 0, 0, 0, 0, 0, 0, 0, 0, 0, 0, 0, 0, 0, 0, 0, 0, 0, 1, 0, 0, 0, 0, 0, 0, 0, 0, 0, 0, 0, 0, 0, 0, 0, 0, 0, 0, 0, 0, 0, 0, 0, 0, 0, 0, 0, 0, 0, 0, 0, 0, 0, 0, 0, 1, 0, 0, 0, 0, 0, 0, 0], "left_behind": ["egg", "egg", "turd", "plain", "egg", "egg", "plain", "plain", "egg", "egg", "turd", "plain", "egg", "egg", "plain", "plain", "egg", "egg", "turd", "plain", "egg", "egg", "turd", "plain", "egg", "egg", "plain", "plain", "egg", "egg", "plain", "plain", "egg", "egg", "plain", "plain", "plain", "plain", "plain", "plain", "plain", "egg", "egg", "plain", "plain", "egg", "egg", "plain", "plain", "egg", "egg", "plain", "plain", "plain", "egg", "plain", "plain", "plain", "egg", "plain", "plain", "plain", "egg", "plain", "plain", "plain", "egg", "plain", "plain", "plain", "egg", "plain", "plain", "plain", "plain", "plain", "plain", "plain", "egg", "turd"], "errlog_a": "", "errlog_b": "", "start_time": 360, "start_moves": 40, "turn_count": 80, "result": 1, "reason": "EGGS_LAID", "trapdoors": [[2, 4], [2, 3]], "spawn_a": [0, 2], "spawn_b": [7, 2]}