{"pos": [[7, 4], [0, 4], [7, 3], [0, 3], [7, 2], [0, 2], [7, 1], [0, 1], [7, 2], [1, 1], [6, 2], [1, 0], [6, 1], [2, 0], [5, 1], [3, 0], [6, 1], [3, 1], [6, 0], [4, 1], [7, 0], [4, 0], [7, 1], [5, 0], [7, 2], [4, 0], [7, 3], [4, 1], [7, 4], [4, 2], [6, 4], [5, 2], [7, 4], [0, 5], [7, 3], [0, 4], [6, 3], [1, 4], [6, 2], [1, 3], [6, 1], [1, 2], [7, 1], [1, 1], [7, 0], [2, 1], [7, 1], [2, 2], [7, 2], [0, 5], [7, 3], [1, 5], [7, 2], [2, 5], [7, 1], [2, 4], [7, 2], [3, 4], [7, 1], [3, 3], [7, 2], [0, 5], [7, 1], [1, 5], [7, 2], [1, 6], [7, 1], [2, 6], [7, 2], [3, 6], [7, 1], [3, 5], [7, 0], [4, 5], [7, 1], [4, 4], [7, 2], [4, 5], [7, 1], [3, 5]], "a_eggs_laid": [1, 1, 1, 1, 2, 2, 2, 2, 3, 3, 3, 3, 4, 4, 4, 4, 5, 5, 5, 5, 6, 6, 6, 6, 6, 6, 6, 6, 6, 6, 6, 6, 7, 7, 11, 11, 11, 11, 11, 11, 11, 11, 11, 11, 11, 11, 11, 11, 11, 11, 15, 15, 15, 15, 15, 15, 15, 15, 15, 15, 15, 15, 19, 19, 19, 19, 19, 19, 19, 19, 19, 19, 19, 19, 19, 19, 19, 19, 19, 19], "b_eggs_laid": [0, 1, 1, 1, 1, 2, 2, 2, 2, 3, 3, 3, 3, 4, 4, 4, 4, 5, 5, 5, 5, 6, 6, 6, 6, 7, 7, 7, 7, 7, 7, 7, 7, 8, 8, 8, 8, 8, 8, 9, 9, 9, 9, 10, 10, 10, 10, 11, 11, 11, 11, 11, 11, 11, 11, 12, 12, 12, 12, 13, 13, 13, 13, 13, 13, 13, 13, 14, 14, 14, 14, 15, 15, 15, 15, 16, 16, 16, 16, 16], "a_turds_left": [5, 5, 5, 5, 5, 5, 5, 5, 5, 5, 5, 5, 5, 5, 5, 5, 5, 5, 5, 5, 5, 5, 5, 5, 5, 5, 5, 5, 5, 5, 5, 5, 5, 5, 5, 5, 5, 5, 5, 5, 5, 5, 5, 5, 5, 5, 5, 5, 5, 5, 5, 5, 5, 5, 5, 5, 5, 5, 5, 5, 5, 5, 5, 5, 5, 5, 5, 5, 5, 5, 5, 5, 5, 5, 5, 5, 5, 5, 5, 5], "b_turds_left": [5, 5, 5, 5, 5, 5, 5, 5, 5, 5, 5, 5, 5, 5, 5, 5, 5, 5, 5, 5, 5, 5, 5, 5, 5, 5, 5, 5, 5, 5, 5, 5, 5, 5, 5, 5, 5, 5, 5, 5, 5, 5, 5, 5, 5, 5, 5, 5, 5, 5, 5, 5, 5, 5, 5, 5, 5, 5, 5, 5, 5, 5, 5, 5, 5, 5, 5, 5, 5, 5, 5, 5, 5, 5, 5, 5, 5, 5, 5, 5], "a_time_left": [355.63667100004386, 355.63667100004386, 353.79142733302433, 353.79142733302433, 350.020358083013, 350.020358083013, 348.0492073740461, 348.0492073740461, 343.8273442070349, 343.8273442070349, 341.5552679570392, 341.5552679570392, 336.4770786660374, 336.4770786660374, 333.80023341602646, 333.80023341602646, 330.1687127490295, 330.1687127490295, 328.0552846650244, 328.0552846650244, 326.0070063730236, 326.0070063730236, 325.7051725399797, 325.7051725399797, 325.23104287398746, 325.23104287398746, 324.810826040979, 324.810826040979, 324.267442790966, 324.267442790966, 322.33348729100544, 322.33348729100544, 319.52883870800724, 319.52883870800724, 318.86534233303973, 318.86534233303973, 318.1545264580054, 318.1545264580054, 316.3058565829997, 316.3058565829997, 315.52886995801236, 315.52886995801236, 313.5265367500251, 313.5265367500251, 312.99239991698414, 312.99239991698414, 311.74062654201407, 311.74062654201407, 310.9729696669965, 310.9729696669965, 310.1597837500158, 310.1597837500158, 308.96057516598376, 308.96057516598376, 306.3257920409669, 306.3257920409669, 305.20803412399255, 305.20803412399255, 303.45221849897644, 303.45221849897644, 302.69212204095675, 302.69212204095675, 302.1498479580041, 302.1498479580041, 301.40737879200606, 301.40737879200606, 299.82690870802617, 299.82690870802617, 298.96717962500406, 298.96717962500406, 297.55535487498855, 297.55535487498855, 297.1667314170045, 297.1667314170045, 295.9695841250359, 295.9695841250359, 295.34025283303345, 295.34025283303345, 295.29578079102794, 295.29578079102794], "b_time_left": [360, 357.53824545798125, 357.53824545798125, 355.75970583298476, 355.75970583298476, 353.40637879096903, 353.40637879096903, 351.48754720797297, 351.48754720797297, 349.5953717919765, 349.5953717919765, 346.2202479169937, 346.2202479169937, 343.281992625969, 343.281992625969, 340.83841500099516, 340.83841500099516, 338.98177083494375, 338.98177083494375, 336.2965296689654, 336.2965296689654, 335.7662289600121, 335.7662289600121, 335.3045017509721, 335.3045017509721, 335.0142166259466, 335.0142166259466, 334.44977141794516, 334.44977141794516, 333.60319225193234, 333.60319225193234, 330.56736146094045, 330.56736146094045, 329.64952841890045, 329.64952841890045, 329.2212413769448, 329.2212413769448, 328.230514293944, 328.230514293944, 326.66235791891813, 326.66235791891813, 325.9788165859063, 325.9788165859063, 324.62806141993497, 324.62806141993497, 324.25062987796264, 324.25062987796264, 322.5154143779655, 322.5154143779655, 321.6345779609983, 321.6345779609983, 321.11962133599445, 321.11962133599445, 320.2177512109629, 320.2177512109629, 318.26293808594346, 318.26293808594346, 317.4216804189491, 317.4216804189491, 316.18662500195205, 316.18662500195205, 315.3868664599722, 315.3868664599722, 315.0105398349697, 315.0105398349697, 314.4389965849696, 314.4389965849696, 313.0042949189665, 313.0042949189665, 312.36783046100754, 312.36783046100754, 310.9139707949944, 310.9139707949944, 310.6380238360143, 310.6380238360143, 309.2990926699713, 309.2990926699713, 308.98963208595524, 308.98963208595524, 308.97910446097376], "a_moves_left": [39, 39, 38, 38, 37, 37, 36, 36, 35, 35, 34, 34, 33, 33, 32, 32, 31, 31, 30, 30, 29, 29, 28, 28, 27, 27, 26, 26, 25, 25, 24, 24, 23, 23, 22, 22, 21, 21, 20, 20, 19, 19, 18, 18, 17, 17, 16, 16, 15, 15, 14, 14, 13, 13, 12, 12, 11, 11, 10, 10, 9, 9, 8, 8, 7, 7, 6, 6, 5, 5, 4, 4, 3, 3, 2, 2, 1, 1, 0, 0], "b_moves_left": [40, 39, 39, 38, 38, 37, 37, 36, 36, 35, 35, 34, 34, 33, 33, 32, 32, 31, 31, 30, 30, 29, 29, 28, 28, 27, 27, 26, 26, 25, 25, 24, 24, 23, 23, 22, 22, 21, 21, 20, 20, 19, 19, 18, 18, 17, 17, 16, 16, 15, 15, 14, 14, 13, 13, 12, 12, 11, 11, 10, 10, 9, 9, 8, 8, 7, 7, 6, 6, 5, 5, 4, 4, 3, 3, 2, 2, 1, 1, 0], "trapdoor_triggered": [0, 0, 0, 0, 0, 0, 0, 0, 0, 0, 0, 0, 0, 0, 0, 0, 0, 0, 0, 0, 0, 0, 0, 0, 0, 0, 0, 0, 0, 0, 0, 0, 0, 1, 0, 0, 0, 0, 0, 0, 0, 0, 0, 0, 0, 0, 0, 0, 0, 1, 0, 0, 0, 0, 0, 0, 0, 0, 0, 0, 0, 1, 0, 0, 0, 0, 0, 0, 0, 0, 0, 0, 0, 0, 0, 0, 0, 0, 0, 0], "left_behind": ["egg", "egg", "plain", "plain", "egg", "egg", "plain", "plain", "egg", "egg", "plain", "plain", "egg", "egg", "plain", "plain", "egg", "egg", "plain", "plain", "egg", "egg", "plain", "plain", "plain", "egg", "plain", "plain", "plain", "plain", "plain", "plain", "egg", "egg", "plain", "plain", "plain", "plain", "plain", "egg", "plain", "plain", "plain", "egg", "plain", "plain", "plain", "egg", "plain", "plain", "plain", "plain", "plain", "plain", "plain", "egg", "plain", "plain", "plain", "egg", "plain", "plain", "plain", "plain", "plain", "plain", "plain", "egg", "plain", "plain", "plain", "egg", "plain", "plain", "plain", "egg", "plain", "plain", "plain", "plain"], "errlog_a": "", "errlog_b": "", "start_time": 360, "start_moves": 40, "turn_count": 80, "result": 0, "reason": "EGGS_LAID", "trapdoors": [[5, 3], [3, 2]], "spawn_a": [7, 5], "spawn_b": [0, 5]}