{"pos": [[1, 2], [7, 1], [1, 3], [7, 0], [1, 2], [7, 1], [2, 2], [6, 1], [2, 3], [6, 2], [3, 3], [6, 3], [3, 2], [6, 4], [3, 1], [7, 4], [2, 1], [7, 5], [1, 1], [7, 6], [2, 1], [7, 5], [2, 0], [6, 5], [3, 0], [6, 6], [4, 0], [6, 7], [5, 0], [6, 6], [5, 1], [5, 6], [4, 1], [5, 5], [0, 2], [5, 4], [0, 3], [5, 5], [0, 4], [4, 5], [0, 5], [4, 6], [1, 5], [3, 6], [0, 5], [2, 6], [0, 4], [2, 5], [0, 5], [2, 6], [1, 5], [2, 7], [1, 4], [2, 6], [2, 4], [1, 6], [2, 3], [2, 6], [2, 4], [2, 5], [0, 2], [3, 5], [0, 1], [7, 2], [0, 0], [6, 2], [1, 0], [5, 2], [1, 1], [5, 3], [2, 1], [4, 3], [3, 1], [5, 3], [4, 1], [5, 2], [0, 2], [6, 2], [1, 2], [7, 2]], "a_eggs_laid": [1, 1, 1, 1, 2, 2, 2, 2, 3, 3, 3, 3, 4, 4, 4, 4, 5, 5, 5, 5, 6, 6, 6, 6, 7, 7, 7, 7, 8, 8, 8, 8, 9, 9, 9, 9, 9, 9, 9, 9, 10, 10, 10, 10, 11, 11, 11, 11, 11, 11, 11, 11, 11, 11, 11, 11, 12, 12, 12, 12, 12, 12, 12, 12, 16, 16, 19, 19, 19, 19, 19, 19, 19, 19, 19, 19, 19, 19, 19, 19], "b_eggs_laid": [0, 1, 1, 1, 1, 4, 4, 4, 4, 5, 5, 5, 5, 6, 6, 6, 6, 7, 7, 7, 7, 8, 8, 8, 8, 9, 9, 9, 9, 10, 10, 10, 10, 11, 11, 15, 15, 16, 16, 16, 16, 17, 17, 17, 17, 18, 18, 18, 18, 19, 19, 19, 19, 20, 20, 20, 20, 21, 21, 21, 21, 25, 25, 25, 25, 25, 25, 25, 25, 26, 26, 26, 26, 27, 27, 27, 27, 31, 31, 31], "a_turds_left": [5, 5, 5, 5, 5, 5, 4, 4, 4, 4, 4, 4, 4, 4, 4, 4, 4, 4, 4, 4, 4, 4, 4, 4, 4, 4, 4, 4, 4, 4, 4, 4, 4, 4, 4, 4, 4, 4, 3, 3, 3, 3, 3, 3, 3, 3, 2, 2, 2, 2, 2, 2, 2, 2, 2, 2, 2, 2, 2, 2, 2, 2, 2, 2, 1, 1, 1, 1, 1, 1, 1, 1, 1, 1, 1, 1, 1, 1, 1, 1], "b_turds_left": [5, 5, 5, 5, 5, 5, 5, 5, 5, 5, 5, 5, 5, 5, 5, 5, 5, 5, 5, 5, 5, 5, 5, 5, 5, 5, 5, 5, 5, 5, 5, 5, 5, 5, 5, 5, 5, 5, 5, 5, 5, 5, 5, 5, 5, 5, 5, 5, 5, 5, 5, 5, 5, 5, 5, 5, 5, 5, 5, 5, 5, 5, 5, 5, 5, 5, 5, 5, 5, 5, 5, 5, 5, 5, 5, 5, 5, 5, 5, 4], "a_time_left": [358.43216141703306, 358.43216141703306, 357.4532355830306, 357.4532355830306, 355.8374749990762, 355.8374749990762, 354.83063816605136, 354.83063816605136, 351.63759745808784, 351.63759745808784, 350.2471999991103, 350.2471999991103, 346.8320868741139, 346.8320868741139, 345.0876977490843, 345.0876977490843, 343.0781266660779, 343.0781266660779, 341.9251718740561, 341.9251718740561, 340.69830766605446, 340.69830766605446, 339.9779645410017, 339.9779645410017, 338.25990504102083, 338.25990504102083, 337.4662571250228, 337.4662571250228, 336.2916161250323, 336.2916161250323, 335.7372191250324, 335.7372191250324, 334.2678682920523, 334.2678682920523, 333.12206604203675, 333.12206604203675, 332.40924191701924, 332.40924191701924, 331.844724292052, 331.844724292052, 328.8061487080413, 328.8061487080413, 327.9541407910292, 327.9541407910292, 325.7895382500137, 325.7895382500137, 325.4163426660234, 325.4163426660234, 325.0618132080417, 325.0618132080417, 324.89580083306646, 324.89580083306646, 324.5071723751025, 324.5071723751025, 324.154042834125, 324.154042834125, 323.4750117511139, 323.4750117511139, 323.1936795421061, 323.1936795421061, 323.1161777091329, 323.1161777091329, 323.01854641811224, 323.01854641811224, 322.7810194180929, 322.7810194180929, 322.4974903340917, 322.4974903340917, 321.9198227090528, 321.9198227090528, 321.67769766709534, 321.67769766709534, 320.85784400010016, 320.85784400010016, 320.64632487506606, 320.64632487506606, 320.4402997500729, 320.4402997500729, 320.42310558410827, 320.42310558410827], "b_time_left": [360, 357.0825320829754, 357.0825320829754, 355.71967933297856, 355.71967933297856, 354.20723962498596, 354.20723962498596, 352.8564123749384, 352.8564123749384, 349.4261067909538, 349.4261067909538, 347.522107207973, 347.522107207973, 345.2556137079955, 345.2556137079955, 343.453529374965, 343.453529374965, 341.789033707988, 341.789033707988, 340.8011830409523, 340.8011830409523, 339.8322216239176, 339.8322216239176, 339.14869599894155, 339.14869599894155, 337.78128803992877, 337.78128803992877, 336.7481582069304, 336.7481582069304, 335.81416712288046, 335.81416712288046, 334.69806091388455, 334.69806091388455, 333.14278495591134, 333.14278495591134, 332.5619577889447, 332.5619577889447, 330.9281850809348, 330.9281850809348, 329.8390734559507, 329.8390734559507, 326.4603867889382, 326.4603867889382, 325.18521974695614, 325.18521974695614, 323.5726384969894, 323.5726384969894, 323.30125228798715, 323.30125228798715, 322.6337931629969, 322.6337931629969, 322.40274628798943, 322.40274628798943, 321.7057364549837, 321.7057364549837, 321.06925553793553, 321.06925553793553, 320.70027549692895, 320.70027549692895, 320.4659141639131, 320.4659141639131, 320.39909278892446, 320.39909278892446, 320.1601229978842, 320.1601229978842, 319.99889337283093, 319.99889337283093, 319.80561770580243, 319.80561770580243, 319.3086778727593, 319.3086778727593, 318.93061141471844, 318.93061141471844, 318.38567841472104, 318.38567841472104, 318.0732415817329, 318.0732415817329, 318.0423419987783, 318.0423419987783, 318.03569412382785], "a_moves_left": [39, 39, 38, 38, 37, 37, 36, 36, 35, 35, 34, 34, 33, 33, 32, 32, 31, 31, 30, 30, 29, 29, 28, 28, 27, 27, 26, 26, 25, 25, 24, 24, 23, 23, 22, 22, 21, 21, 20, 20, 19, 19, 18, 18, 17, 17, 16, 16, 15, 15, 14, 14, 13, 13, 12, 12, 11, 11, 10, 10, 9, 9, 8, 8, 7, 7, 6, 6, 5, 5, 4, 4, 3, 3, 2, 2, 1, 1, 0, 0], "b_moves_left": [40, 39, 39, 38, 38, 37, 37, 36, 36, 35, 35, 34, 34, 33, 33, 32, 32, 31, 31, 30, 30, 29, 29, 28, 28, 27, 27, 26, 26, 25, 25, 24, 24, 23, 23, 22, 22, 21, 21, 20, 20, 19, 19, 18, 18, 17, 17, 16, 16, 15, 15, 14, 14, 13, 13, 12, 12, 11, 11, 10, 10, 9, 9, 8, 8, 7, 7, 6, 6, 5, 5, 4, 4, 3, 3, 2, 2, 1, 1, 0], "trapdoor_triggered": [0, 0, 0, 0, 0, 0, 0, 0, 0, 0, 0, 0, 0, 0, 0, 0, 0, 0, 0, 0, 0, 0, 0, 0, 0, 0, 0, 0, 0, 0, 0, 0, 0, 0, 1, 0, 0, 0, 0, 0, 0, 0, 0, 0, 0, 0, 0, 0, 0, 0, 0, 0, 0, 0, 0, 0, 0, 0, 0, 0, 1, 0, 0, 1, 0, 0, 0, 0, 0, 0, 0, 0, 0, 0, 0, 0, 1, 0, 0, 0], "left_behind": ["egg", "egg", "plain", "plain", "egg", "egg", "turd", "plain", "egg", "egg", "plain", "plain", "egg", "egg", "plain", "plain", "egg", "egg", "plain", "plain", "egg", "egg", "plain", "plain", "egg", "egg", "plain", "plain", "egg", "egg", "plain", "plain", "egg", "egg", "plain", "plain", "plain", "egg", "turd", "plain", "egg", "egg", "plain", "plain", "egg", "egg", "turd", "plain", "plain", "egg", "plain", "plain", "plain", "egg", "plain", "plain", "egg", "egg", "plain", "plain", "plain", "plain", "plain", "plain", "turd", "plain", "egg", "plain", "plain", "egg", "plain", "plain", "plain", "egg", "plain", "plain", "plain", "plain", "plain", "turd"], "errlog_a": "", "errlog_b": "", "start_time": 360, "start_moves": 40, "turn_count": 80, "result": 1, "reason": "EGGS_LAID", "trapdoors": [[4, 2], [3, 4]], "spawn_a": [0, 2], "spawn_b": [7, 2]}