{"pos": [[0, 3], [7, 3], [0, 4], [7, 2], [0, 3], [7, 1], [0, 4], [7, 0], [0, 3], [7, 1], [0, 2], [7, 0], [0, 1], [7, 1], [1, 1], [7, 0], [1, 0], [7, 1], [0, 0], [7, 0], [1, 0], [7, 1], [2, 0], [7, 0], [1, 0], [7, 1], [1, 1], [7, 0], [0, 1], [7, 1], [0, 0], [7, 0], [0, 1], [7, 1], [0, 0], [7, 0], [1, 0], [7, 1], [2, 0], [7, 0], [2, 1], [7, 1], [2, 2], [7, 0], [2, 3], [7, 1], [2, 2], [7, 0], [2, 1], [7, 1], [2, 0], [7, 0], [3, 0], [7, 1], [2, 0], [7, 0], [1, 0], [7, 1], [1, 1], [7, 0], [0, 1], [7, 1], [0, 0], [7, 0], [1, 0], [7, 1], [0, 0], [7, 0], [0, 1], [7, 1], [1, 1], [7, 0], [1, 0], [7, 1], [0, 0], [7, 0], [0, 1], [7, 1], [1, 1], [7, 0]], "a_eggs_laid": [0, 0, 0, 0, 0, 0, 0, 0, 0, 0, 0, 0, 0, 0, 0, 0, 1, 1, 1, 1, 4, 4, 4, 4, 4, 4, 4, 4, 4, 4, 4, 4, 4, 4, 4, 4, 4, 4, 4, 4, 4, 4, 4, 4, 5, 5, 5, 5, 5, 5, 5, 5, 5, 5, 5, 5, 5, 5, 5, 5, 5, 5, 5, 5, 5, 5, 5, 5, 5, 5, 5, 5, 5, 5, 5, 5, 5, 5, 5, 5], "b_eggs_laid": [0, 0, 0, 0, 0, 0, 0, 0, 0, 0, 0, 0, 0, 0, 0, 0, 0, 0, 0, 0, 0, 0, 0, 0, 0, 0, 0, 0, 0, 0, 0, 0, 0, 0, 0, 0, 0, 0, 0, 0, 0, 0, 0, 0, 0, 0, 0, 0, 0, 0, 0, 0, 0, 0, 0, 0, 0, 0, 0, 0, 0, 0, 0, 0, 0, 0, 0, 0, 0, 0, 0, 0, 0, 0, 0, 0, 0, 0, 0, 0], "a_turds_left": [5, 5, 4, 4, 3, 3, 3, 3, 3, 3, 3, 3, 3, 3, 2, 2, 2, 2, 2, 2, 2, 2, 2, 2, 1, 1, 1, 1, 1, 1, 1, 1, 1, 1, 1, 1, 1, 1, 1, 1, 1, 1, 0, 0, 0, 0, 0, 0, 0, 0, 0, 0, 0, 0, 0, 0, 0, 0, 0, 0, 0, 0, 0, 0, 0, 0, 0, 0, 0, 0, 0, 0, 0, 0, 0, 0, 0, 0, 0, 0], "b_turds_left": [5, 5, 5, 5, 5, 5, 5, 5, 5, 5, 5, 5, 5, 5, 5, 5, 5, 5, 5, 5, 5, 5, 5, 5, 5, 5, 5, 5, 5, 5, 5, 5, 5, 5, 5, 5, 5, 5, 5, 5, 5, 5, 5, 5, 5, 5, 5, 5, 5, 5, 5, 5, 5, 5, 5, 5, 5, 5, 5, 5, 5, 5, 5, 5, 5, 5, 5, 5, 5, 5, 5, 5, 5, 5, 5, 5, 5, 5, 5, 5], "a_time_left": [358.4744884169777, 358.4744884169777, 356.96905241697095, 356.96905241697095, 355.4632294169278, 355.4632294169278, 353.9578604999115, 353.9578604999115, 352.4523264999152, 352.4523264999152, 350.94674695894355, 350.94674695894355, 349.4412012929679, 349.4412012929679, 347.9357199599617, 347.9357199599617, 346.4301633759751, 346.4301633759751, 344.92467200098326, 344.92467200098326, 343.41940750094363, 343.41940750094363, 341.91393608396174, 341.91393608396174, 340.40840204199776, 340.40840204199776, 338.9029132919968, 338.9029132919968, 337.3972468749853, 337.3972468749853, 335.8917783329962, 335.8917783329962, 334.3862773749861, 334.3862773749861, 332.8807819579961, 332.8807819579961, 331.37530025001615, 331.37530025001615, 329.86982374999207, 329.86982374999207, 328.3643393749953, 328.3643393749953, 326.86112316697836, 326.86112316697836, 325.35556195897516, 325.35556195897516, 323.85026795894373, 323.85026795894373, 322.34924329194473, 322.34924329194473, 320.84377770894207, 320.84377770894207, 319.33829895890085, 319.33829895890085, 317.8366574998945, 317.8366574998945, 316.33128079090966, 316.33128079090966, 314.82583495788276, 314.82583495788276, 313.32036191690713, 313.32036191690713, 311.81489466689527, 311.81489466689527, 310.3094472089433, 310.3094472089433, 308.80549612495815, 308.80549612495815, 307.3002465409809, 307.3002465409809, 305.79454866598826, 305.79454866598826, 304.2891314579756, 304.2891314579756, 302.7884732489474, 302.7884732489474, 301.2838252489455, 301.2838252489455, 299.7818994989502, 299.7818994989502], "b_time_left": [360, 357.94985345797613, 357.94985345797613, 355.89722524996614, 355.89722524996614, 353.8631895839935, 353.8631895839935, 351.829849501024, 351.829849501024, 349.80699108401313, 349.80699108401313, 347.75779633398633, 347.75779633398633, 345.72292762598954, 345.72292762598954, 343.6618817510316, 343.6618817510316, 341.62772825104184, 341.62772825104184, 339.5851460840204, 339.5851460840204, 337.55001733405516, 337.55001733405516, 335.5020575430826, 335.5020575430826, 333.4725907930406, 333.4725907930406, 331.43571375100873, 331.43571375100873, 329.41164245898835, 329.41164245898835, 327.3836092509446, 327.3836092509446, 325.36402862594696, 325.36402862594696, 323.33677208493464, 323.33677208493464, 321.30265212693485, 321.30265212693485, 319.2779553349246, 319.2779553349246, 317.2366494179587, 317.2366494179587, 315.19333954295143, 315.19333954295143, 313.1643672089558, 313.1643672089558, 311.1406927089556, 311.1406927089556, 309.1129347089445, 309.1129347089445, 307.09804362495197, 307.09804362495197, 305.0866297079483, 305.0866297079483, 303.05874062498333, 303.05874062498333, 301.0386718339869, 301.0386718339869, 299.0075401260401, 299.0075401260401, 296.98741625103867, 296.98741625103867, 294.9649837100296, 294.9649837100296, 292.9362949190545, 292.9362949190545, 290.9023372940137, 290.9023372940137, 288.87315729400143, 288.87315729400143, 286.8365242109867, 286.8365242109867, 284.8083993779728, 284.8083993779728, 282.7788485449855, 282.7788485449855, 280.75944629497826, 280.75944629497826, 278.7198585449951], "a_moves_left": [39, 39, 38, 38, 37, 37, 36, 36, 35, 35, 34, 34, 33, 33, 32, 32, 31, 31, 30, 30, 29, 29, 28, 28, 27, 27, 26, 26, 25, 25, 24, 24, 23, 23, 22, 22, 21, 21, 20, 20, 19, 19, 18, 18, 17, 17, 16, 16, 15, 15, 14, 14, 13, 13, 12, 12, 11, 11, 10, 10, 9, 9, 8, 8, 7, 7, 6, 6, 5, 5, 4, 4, 3, 3, 2, 2, 1, 1, 0, 0], "b_moves_left": [40, 39, 39, 38, 38, 37, 37, 36, 36, 35, 35, 34, 34, 33, 33, 32, 32, 31, 31, 30, 30, 29, 29, 28, 28, 27, 27, 26, 26, 25, 25, 24, 24, 23, 23, 22, 22, 21, 21, 20, 20, 19, 19, 18, 18, 17, 17, 16, 16, 15, 15, 14, 14, 13, 13, 12, 12, 11, 11, 10, 10, 9, 9, 8, 8, 7, 7, 6, 6, 5, 5, 4, 4, 3, 3, 2, 2, 1, 1, 0], "trapdoor_triggered": [0, 0, 0, 0, 0, 0, 0, 0, 0, 0, 0, 0, 0, 0, 0, 0, 0, 0, 0, 0, 0, 0, 0, 0, 0, 0, 0, 0, 0, 0, 0, 0, 0, 0, 0, 0, 0, 0, 0, 0, 0, 0, 0, 0, 0, 0, 0, 0, 0, 0, 0, 0, 0, 0, 0, 0, 0, 0, 0, 0, 0, 0, 0, 0, 0, 0, 0, 0, 0, 0, 0, 0, 0, 0, 0, 0, 0, 0, 0, 0], "left_behind": ["plain", "plain", "turd", "plain", "turd", "plain", "plain", "plain", "plain", "plain", "plain", "plain", "plain", "plain", "turd", "plain", "egg", "plain", "plain", "plain", "egg", "plain", "plain", "plain", "turd", "plain", "plain", "plain", "plain", "plain", "plain", "plain", "plain", "plain", "plain", "plain", "plain", "plain", "plain", "plain", "plain", "plain", "turd", "plain", "egg", "plain", "plain", "plain", "plain", "plain", "plain", "plain", "plain", "plain", "plain", "plain", "plain", "plain", "plain", "plain", "plain", "plain", "plain", "plain", "plain", "plain", "plain", "plain", "plain", "plain", "plain", "plain", "plain", "plain", "plain", "plain", "plain", "plain", "plain", "plain"], "errlog_a": "", "errlog_b": "", "start_time": 360, "start_moves": 40, "turn_count": 80, "result": 0, "reason": "EGGS_LAID", "trapdoors": [[3, 3], [3, 4]], "spawn_a": [0, 4], "spawn_b": [7, 4]}