{"pos": [[1, 6], [7, 5], [2, 6], [7, 4], [2, 5], [7, 3], [1, 5], [7, 2], [1, 4], [7, 1], [1, 3], [7, 0], [2, 3], [7, 1], [3, 3], [6, 1], [4, 3], [6, 0], [5, 3], [5, 0], [4, 3], [4, 0], [4, 4], [4, 1], [4, 5], [3, 1], [4, 6], [3, 0], [5, 6], [3, 1], [6, 6], [3, 2], [6, 5], [3, 1], [6, 4], [2, 1], [0, 6], [2, 0], [0, 7], [1, 0], [1, 7], [1, 1], [2, 7], [1, 2], [3, 7], [1, 1], [3, 6], [0, 1], [0, 6], [0, 0], [0, 5], [1, 0], [0, 4], [2, 0], [1, 4], [3, 0], [2, 4], [3, 1], [3, 4], [3, 0], [0, 6], [3, 1], [0, 7], [3, 0], [0, 6], [3, 1], [1, 6], [3, 0], [2, 6], [3, 1], [2, 5], [3, 0], [0, 6], [3, 1], [1, 6], [3, 0], [2, 6], [4, 0], [3, 6], [3, 0]], "a_eggs_laid": [1, 1, 1, 1, 2, 2, 2, 2, 3, 3, 3, 3, 4, 4, 4, 4, 5, 5, 5, 5, 6, 6, 6, 6, 7, 7, 7, 7, 8, 8, 8, 8, 9, 9, 9, 9, 10, 10, 10, 10, 10, 10, 11, 11, 11, 11, 12, 12, 12, 12, 12, 12, 12, 12, 13, 13, 13, 13, 14, 14, 14, 14, 14, 14, 14, 14, 14, 14, 14, 14, 14, 14, 14, 14, 14, 14, 14, 14, 14, 14], "b_eggs_laid": [0, 1, 1, 1, 1, 2, 2, 2, 2, 3, 3, 3, 3, 6, 6, 6, 6, 7, 7, 7, 7, 8, 8, 8, 8, 9, 9, 9, 9, 10, 10, 10, 10, 11, 11, 11, 11, 16, 16, 16, 16, 17, 17, 17, 17, 18, 18, 18, 18, 23, 23, 23, 23, 23, 23, 23, 23, 23, 23, 23, 23, 27, 27, 27, 27, 27, 27, 27, 27, 27, 27, 27, 27, 31, 31, 31, 31, 31, 31, 31], "a_turds_left": [5, 5, 5, 5, 5, 5, 4, 4, 4, 4, 3, 3, 3, 3, 3, 3, 3, 3, 3, 3, 3, 3, 2, 2, 2, 2, 2, 2, 2, 2, 2, 2, 2, 2, 2, 2, 2, 2, 2, 2, 2, 2, 2, 2, 1, 1, 1, 1, 1, 1, 1, 1, 1, 1, 1, 1, 1, 1, 1, 1, 1, 1, 1, 1, 1, 1, 1, 1, 1, 1, 1, 1, 1, 1, 1, 1, 1, 1, 1, 1], "b_turds_left": [5, 5, 5, 5, 5, 5, 5, 5, 5, 5, 5, 5, 5, 5, 5, 5, 5, 5, 5, 5, 5, 5, 5, 5, 5, 5, 5, 5, 5, 5, 5, 5, 5, 5, 5, 5, 5, 5, 5, 5, 5, 5, 5, 5, 5, 5, 5, 5, 5, 5, 5, 5, 5, 5, 5, 5, 5, 5, 5, 5, 5, 5, 5, 5, 5, 5, 5, 5, 5, 5, 5, 5, 5, 5, 5, 5, 5, 5, 5, 4], "a_time_left": [358.7240267919842, 358.7240267919842, 357.897715375002, 357.897715375002, 355.94903845799854, 355.94903845799854, 354.72902529197745, 354.72902529197745, 352.9366656249622, 352.9366656249622, 352.131367916998, 352.131367916998, 351.03629904199624, 351.03629904199624, 350.09958408301463, 350.09958408301463, 347.001165958005, 347.001165958005, 346.05722604197217, 346.05722604197217, 343.2982113760081, 343.2982113760081, 342.3824573760503, 342.3824573760503, 339.8812534590834, 339.8812534590834, 338.45050104206894, 338.45050104206894, 336.4075512510608, 336.4075512510608, 335.36916466703406, 335.36916466703406, 334.08065766707296, 334.08065766707296, 333.3555677511031, 333.3555677511031, 331.1702415010659, 331.1702415010659, 330.87764991808217, 330.87764991808217, 330.4723781271023, 330.4723781271023, 329.3939588770736, 329.3939588770736, 328.8139287941158, 328.8139287941158, 328.1442691271077, 328.1442691271077, 327.38842266908614, 327.38842266908614, 327.3044649611111, 327.3044649611111, 327.1163243360934, 327.1163243360934, 326.85302312811837, 326.85302312811837, 326.72140650311485, 326.72140650311485, 326.23697591910604, 326.23697591910604, 325.9085475440952, 325.9085475440952, 325.7531277941307, 325.7531277941307, 325.63041479408275, 325.63041479408275, 325.4757852110779, 325.4757852110779, 325.18903175211744, 325.18903175211744, 324.99907583516324, 324.99907583516324, 324.8311024601571, 324.8311024601571, 324.6761157521396, 324.6761157521396, 324.3843035851023, 324.3843035851023, 324.36141491809394, 324.36141491809394], "b_time_left": [360, 358.13922408304643, 358.13922408304643, 356.71514908305835, 356.71514908305835, 354.3271741240169, 354.3271741240169, 353.2627667079796, 353.2627667079796, 351.2613444989547, 351.2613444989547, 350.2125527069438, 350.2125527069438, 348.6045890399255, 348.6045890399255, 347.30798408191185, 347.30798408191185, 343.9511618729448, 343.9511618729448, 342.86038424796425, 342.86038424796425, 341.106848831987, 341.106848831987, 339.8952203730005, 339.8952203730005, 337.46995483199134, 337.46995483199134, 336.27534554101294, 336.27534554101294, 334.86964579101186, 334.86964579101186, 334.0398187910323, 334.0398187910323, 333.44838795805117, 333.44838795805117, 332.59446649905294, 332.59446649905294, 331.9383769160486, 331.9383769160486, 331.6619664160535, 331.6619664160535, 330.54808220709674, 330.54808220709674, 330.13264579011593, 330.13264579011593, 329.45118658209685, 329.45118658209685, 329.0070898741251, 329.0070898741251, 328.82264345814474, 328.82264345814474, 328.69416266615735, 328.69416266615735, 328.45243545714766, 328.45243545714766, 328.26210758218076, 328.26210758218076, 327.8267648741603, 327.8267648741603, 327.3841496661771, 327.3841496661771, 327.3234119571862, 327.3234119571862, 327.20222070720047, 327.20222070720047, 327.1416658741655, 327.1416658741655, 326.8755624991609, 326.8755624991609, 326.7676642911392, 326.7676642911392, 326.5188426251407, 326.5188426251407, 326.45799629215617, 326.45799629215617, 326.19295870815404, 326.19295870815404, 326.15410320815863, 326.15410320815863, 326.1475897911587], "a_moves_left": [39, 39, 38, 38, 37, 37, 36, 36, 35, 35, 34, 34, 33, 33, 32, 32, 31, 31, 30, 30, 29, 29, 28, 28, 27, 27, 26, 26, 25, 25, 24, 24, 23, 23, 22, 22, 21, 21, 20, 20, 19, 19, 18, 18, 17, 17, 16, 16, 15, 15, 14, 14, 13, 13, 12, 12, 11, 11, 10, 10, 9, 9, 8, 8, 7, 7, 6, 6, 5, 5, 4, 4, 3, 3, 2, 2, 1, 1, 0, 0], "b_moves_left": [40, 39, 39, 38, 38, 37, 37, 36, 36, 35, 35, 34, 34, 33, 33, 32, 32, 31, 31, 30, 30, 29, 29, 28, 28, 27, 27, 26, 26, 25, 25, 24, 24, 23, 23, 22, 22, 21, 21, 20, 20, 19, 19, 18, 18, 17, 17, 16, 16, 15, 15, 14, 14, 13, 13, 12, 12, 11, 11, 10, 10, 9, 9, 8, 8, 7, 7, 6, 6, 5, 5, 4, 4, 3, 3, 2, 2, 1, 1, 0], "trapdoor_triggered": [0, 0, 0, 0, 0, 0, 0, 0, 0, 0, 0, 0, 0, 0, 0, 0, 0, 0, 0, 0, 0, 0, 0, 0, 0, 0, 0, 0, 0, 0, 0, 0, 0, 0, 0, 0, 1, 0, 0, 0, 0, 0, 0, 0, 0, 0, 0, 0, 1, 0, 0, 0, 0, 0, 0, 0, 0, 0, 0, 0, 1, 0, 0, 0, 0, 0, 0, 0, 0, 0, 0, 0, 1, 0, 0, 0, 0, 0, 0, 0], "left_behind": ["egg", "egg", "plain", "plain", "egg", "egg", "turd", "plain", "egg", "egg", "turd", "plain", "egg", "egg", "plain", "plain", "egg", "egg", "plain", "plain", "egg", "egg", "turd", "plain", "egg", "egg", "plain", "plain", "egg", "egg", "plain", "plain", "egg", "egg", "plain", "plain", "egg", "egg", "plain", "plain", "plain", "egg", "egg", "plain", "turd", "egg", "egg", "plain", "plain", "egg", "plain", "plain", "plain", "plain", "egg", "plain", "plain", "plain", "egg", "plain", "plain", "plain", "plain", "plain", "plain", "plain", "plain", "plain", "plain", "plain", "plain", "plain", "plain", "plain", "plain", "plain", "plain", "plain", "plain", "turd"], "errlog_a": "", "errlog_b": "", "start_time": 360, "start_moves": 40, "turn_count": 80, "result": 1, "reason": "EGGS_LAID", "trapdoors": [[3, 5], [5, 4]], "spawn_a": [0, 6], "spawn_b": [7, 6]}