{"pos": [[0, 1], [7, 1], [0, 0], [7, 0], [1, 0], [7, 1], [1, 1], [6, 1], [1, 2], [6, 2], [2, 2], [6, 3], [2, 1], [6, 4], [2, 0], [7, 4], [3, 0], [7, 5], [4, 0], [7, 6], [4, 1], [7, 5], [4, 2], [6, 5], [4, 1], [6, 4], [3, 1], [5, 4], [2, 1], [5, 5], [2, 2], [5, 6], [2, 3], [5, 5], [2, 4], [4, 5], [1, 4], [4, 6], [1, 5], [4, 7], [1, 4], [4, 6], [1, 3], [3, 6], [0, 3], [2, 6], [0, 4], [2, 5], [0, 3], [3, 5], [0, 2], [3, 4], [1, 2], [3, 3], [1, 1], [2, 3], [1, 0], [3, 3], [2, 0], [3, 2], [3, 0], [3, 3], [4, 0], [4, 3], [5, 0], [5, 3], [5, 1], [7, 2], [4, 1], [7, 3], [3, 1], [7, 4], [2, 1], [7, 3], [2, 2], [7, 4], [2, 1], [7, 3], [1, 1], [7, 4]], "a_eggs_laid": [1, 1, 1, 1, 4, 4, 4, 4, 5, 5, 5, 5, 6, 6, 6, 6, 7, 7, 7, 7, 8, 8, 8, 8, 9, 9, 9, 9, 10, 10, 10, 10, 10, 10, 10, 10, 11, 11, 11, 11, 12, 12, 12, 12, 13, 13, 13, 13, 14, 14, 14, 14, 14, 14, 14, 14, 14, 14, 14, 14, 14, 14, 14, 14, 14, 14, 14, 14, 18, 18, 18, 18, 18, 18, 18, 18, 18, 18, 18, 18], "b_eggs_laid": [0, 1, 1, 1, 1, 4, 4, 4, 4, 5, 5, 5, 5, 6, 6, 6, 6, 7, 7, 7, 7, 8, 8, 8, 8, 9, 9, 9, 9, 10, 10, 10, 10, 11, 11, 11, 11, 12, 12, 12, 12, 13, 13, 13, 13, 14, 14, 14, 14, 15, 15, 15, 15, 16, 16, 16, 16, 17, 17, 17, 17, 18, 18, 18, 18, 19, 19, 19, 19, 19, 19, 19, 19, 19, 19, 19, 19, 19, 19, 19], "a_turds_left": [5, 5, 5, 5, 5, 5, 5, 5, 5, 5, 5, 5, 5, 5, 5, 5, 5, 5, 5, 5, 5, 5, 5, 5, 5, 5, 5, 5, 5, 5, 5, 5, 5, 5, 5, 5, 5, 5, 5, 5, 5, 5, 5, 5, 5, 5, 5, 5, 5, 5, 5, 5, 5, 5, 5, 5, 5, 5, 5, 5, 5, 5, 5, 5, 5, 5, 5, 5, 4, 4, 4, 4, 4, 4, 4, 4, 4, 4, 4, 4], "b_turds_left": [5, 5, 5, 5, 5, 5, 5, 5, 5, 5, 5, 5, 5, 5, 5, 5, 5, 5, 5, 5, 5, 5, 5, 5, 5, 5, 5, 5, 5, 5, 5, 5, 5, 5, 5, 5, 5, 5, 5, 5, 5, 5, 5, 5, 5, 5, 5, 5, 5, 5, 5, 5, 5, 5, 5, 5, 5, 5, 5, 5, 5, 5, 5, 5, 5, 5, 5, 5, 5, 5, 5, 5, 5, 5, 5, 5, 5, 5, 5, 4], "a_time_left": [359.0147089170059, 359.0147089170059, 358.7176365000196, 358.7176365000196, 358.31222637498286, 358.31222637498286, 357.88856070896145, 357.88856070896145, 355.6885359179578, 355.6885359179578, 354.69516691792523, 354.69516691792523, 352.4291376678739, 352.4291376678739, 351.2122247099178, 351.2122247099178, 350.1928180429386, 350.1928180429386, 349.6115914179827, 349.6115914179827, 348.5386330849724, 348.5386330849724, 347.9608832099475, 347.9608832099475, 346.64644037693506, 346.64644037693506, 345.80266554292757, 345.80266554292757, 344.63177887693746, 344.63177887693746, 343.88296983594773, 343.88296983594773, 343.37709987693233, 343.37709987693233, 342.7158361679176, 342.7158361679176, 341.58608675090363, 341.58608675090363, 341.04530141688883, 341.04530141688883, 339.88410487485817, 339.88410487485817, 339.51378474989906, 339.51378474989906, 338.6704517918988, 338.6704517918988, 338.44242545886664, 338.44242545886664, 337.8825296678697, 337.8825296678697, 337.68381025089184, 337.68381025089184, 337.5321612508851, 337.5321612508851, 337.2971975838882, 337.2971975838882, 337.202437916887, 337.202437916887, 336.97037799988175, 336.97037799988175, 336.900711874885, 336.900711874885, 336.76570908288704, 336.76570908288704, 336.6473233738798, 336.6473233738798, 336.54756187385647, 336.54756187385647, 336.3104560408392, 336.3104560408392, 336.187059874821, 336.187059874821, 336.06508912483696, 336.06508912483696, 335.90499649982667, 335.90499649982667, 335.8594384578755, 335.8594384578755, 335.8370342499111, 335.8370342499111], "b_time_left": [360, 359.4428313749959, 359.4428313749959, 358.9267244579969, 358.9267244579969, 358.2052073329687, 358.2052073329687, 357.2172895829426, 357.2172895829426, 355.26753520796774, 355.26753520796774, 354.0832141659921, 354.0832141659921, 352.497947790951, 352.497947790951, 351.8664951249375, 351.8664951249375, 350.7924107919098, 350.7924107919098, 350.17496208287776, 350.17496208287776, 349.0683323738631, 349.0683323738631, 348.3176721648779, 348.3176721648779, 346.76768403989263, 346.76768403989263, 345.8359992898768, 345.8359992898768, 345.0928729988518, 345.0928729988518, 344.5219291658723, 344.5219291658723, 342.55765237490414, 342.55765237490414, 341.62196624989156, 341.62196624989156, 339.9194819579134, 339.9194819579134, 339.07581608288456, 339.07581608288456, 338.185054332891, 338.185054332891, 337.1384557498386, 337.1384557498386, 336.30696220783284, 336.30696220783284, 335.6847734998446, 335.6847734998446, 335.49612916680053, 335.49612916680053, 335.2875119167729, 335.2875119167729, 334.90748575073667, 334.90748575073667, 334.734834958741, 334.734834958741, 334.67752416676376, 334.67752416676376, 334.5697004587855, 334.5697004587855, 334.50725154182874, 334.50725154182874, 334.379117208824, 334.379117208824, 333.87524512578966, 333.87524512578966, 333.5107100837631, 333.5107100837631, 333.43949816777604, 333.43949816777604, 333.2778573757969, 333.2778573757969, 333.1690962087596, 333.1690962087596, 333.0347082087537, 333.0347082087537, 333.0045220837346, 333.0045220837346, 333.0012184177176], "a_moves_left": [39, 39, 38, 38, 37, 37, 36, 36, 35, 35, 34, 34, 33, 33, 32, 32, 31, 31, 30, 30, 29, 29, 28, 28, 27, 27, 26, 26, 25, 25, 24, 24, 23, 23, 22, 22, 21, 21, 20, 20, 19, 19, 18, 18, 17, 17, 16, 16, 15, 15, 14, 14, 13, 13, 12, 12, 11, 11, 10, 10, 9, 9, 8, 8, 7, 7, 6, 6, 5, 5, 4, 4, 3, 3, 2, 2, 1, 1, 0, 0], "b_moves_left": [40, 39, 39, 38, 38, 37, 37, 36, 36, 35, 35, 34, 34, 33, 33, 32, 32, 31, 31, 30, 30, 29, 29, 28, 28, 27, 27, 26, 26, 25, 25, 24, 24, 23, 23, 22, 22, 21, 21, 20, 20, 19, 19, 18, 18, 17, 17, 16, 16, 15, 15, 14, 14, 13, 13, 12, 12, 11, 11, 10, 10, 9, 9, 8, 8, 7, 7, 6, 6, 5, 5, 4, 4, 3, 3, 2, 2, 1, 1, 0], "trapdoor_triggered": [0, 0, 0, 0, 0, 0, 0, 0, 0, 0, 0, 0, 0, 0, 0, 0, 0, 0, 0, 0, 0, 0, 0, 0, 0, 0, 0, 0, 0, 0, 0, 0, 0, 0, 0, 0, 0, 0, 0, 0, 0, 0, 0, 0, 0, 0, 0, 0, 0, 0, 0, 0, 0, 0, 0, 0, 0, 0, 0, 0, 0, 0, 0, 0, 0, 0, 0, 1, 0, 0, 0, 0, 0, 0, 0, 0, 0, 0, 0, 0], "left_behind": ["egg", "egg", "plain", "plain", "egg", "egg", "plain", "plain", "egg", "egg", "plain", "plain", "egg", "egg", "plain", "plain", "egg", "egg", "plain", "plain", "egg", "egg", "plain", "plain", "egg", "egg", "plain", "plain", "egg", "egg", "plain", "plain", "plain", "egg", "plain", "plain", "egg", "egg", "plain", "plain", "egg", "egg", "plain", "plain", "egg", "egg", "plain", "plain", "egg", "egg", "plain", "plain", "plain", "egg", "plain", "plain", "plain", "egg", "plain", "plain", "plain", "egg", "plain", "plain", "plain", "egg", "plain", "plain", "turd", "plain", "plain", "plain", "plain", "plain", "plain", "plain", "plain", "plain", "plain", "turd"], "errlog_a": "", "errlog_b": "", "start_time": 360, "start_moves": 40, "turn_count": 80, "result": 1, "reason": "EGGS_LAID", "trapdoors": [[4, 4], [5, 2]], "spawn_a": [0, 2], "spawn_b": [7, 2]}