{"pos": [[7, 2], [1, 1], [7, 3], [1, 0], [7, 2], [2, 0], [6, 2], [3, 0], [6, 3], [4, 0], [6, 4], [5, 0], [6, 5], [5, 1], [7, 5], [6, 1], [7, 6], [5, 1], [7, 7], [0, 1], [7, 6]], "a_eggs_laid": [1, 1, 1, 1, 2, 2, 2, 2, 3, 3, 3, 3, 4, 4, 4, 4, 5, 5, 5, 5, 12], "b_eggs_laid": [0, 1, 1, 1, 1, 2, 2, 2, 2, 3, 3, 3, 3, 4, 4, 4, 4, 5, 5, 5, 5], "a_turds_left": [5, 5, 5, 5, 5, 5, 5, 5, 5, 5, 5, 5, 5, 5, 5, 5, 5, 5, 5, 5, 5], "b_turds_left": [5, 5, 5, 5, 5, 5, 5, 5, 5, 5, 5, 5, 5, 5, 5, 5, 5, 5, 5, 5, 5], "a_time_left": [358.42458962497767, 358.42458962497767, 357.1119400410098, 357.1119400410098, 355.719833708019, 355.719833708019, 354.8058836250566, 354.8058836250566, 352.4128641670686, 352.4128641670686, 351.2137126250891, 351.2137126250891, 348.5473989591119, 348.5473989591119, 347.044709667156, 347.044709667156, 345.5594142091577, 345.5594142091577, 344.84068512613885, 344.84068512613885, 344.4925153341028], "b_time_left": [360, 358.55942320800386, 358.55942320800386, 357.23428495804546, 357.23428495804546, 356.19221962505253, 356.19221962505253, 354.79379912500735, 354.79379912500735, 352.7918110000319, 352.7918110000319, 351.2383644580841, 351.2383644580841, 348.2154079580796, 348.2154079580796, 346.98151241609594, 346.98151241609594, 346.3189557490987, 346.3189557490987, 345.605972124089, 345.605972124089], "a_moves_left": [39, 39, 38, 38, 37, 37, 36, 36, 35, 35, 34, 34, 33, 33, 32, 32, 31, 31, 30, 30, 29], "b_moves_left": [40, 39, 39, 38, 38, 37, 37, 36, 36, 35, 35, 34, 34, 33, 33, 32, 32, 31, 31, 30, 30], "trapdoor_triggered": [0, 0, 0, 0, 0, 0, 0, 0, 0, 0, 0, 0, 0, 0, 0, 0, 0, 0, 0, 1, 0], "left_behind": ["egg", "egg", "plain", "plain", "egg", "egg", "plain", "plain", "egg", "egg", "plain", "plain", "egg", "egg", "plain", "plain", "egg", "egg", "plain", "plain", "egg"], "errlog_a": "", "errlog_b": "Traceback (most recent call last):\n  File \"/Users/isabelledarling/school/cs 3600/cs3600Tournament/engine/player_process.py\", line 283, in run_player_process\n    player_move = player.play(\n  File \"/Users/isabelledarling/school/cs 3600/cs3600Tournament/3600agents/SecondAgent/agent.py\", line 222, in play\n    self.belief.set_trapdoor_at(self.prev_pos)\nAttributeError: 'TrapdoorBelief' object has no attribute 'set_trapdoor_at'\n", "start_time": 360, "start_moves": 40, "turn_count": 21, "result": 0, "reason": "CODE_CRASH", "trapdoors": [[4, 4], [5, 2]], "spawn_a": [7, 1], "spawn_b": [0, 1]}