{"pos": [[7, 4], [0, 4], [7, 3], [0, 3], [7, 2], [0, 2], [7, 1], [0, 1], [6, 1], [1, 1], [5, 1], [1, 0], [6, 1], [2, 0], [6, 2], [3, 0], [6, 3], [3, 1], [5, 3], [4, 1], [6, 3], [3, 1], [6, 4], [3, 2], [7, 4], [3, 1], [6, 4], [2, 1], [6, 5], [2, 2], [5, 5], [2, 3], [5, 4], [2, 2], [5, 3], [1, 2], [5, 4], [1, 3], [4, 4], [1, 4], [7, 5], [1, 5], [7, 6], [2, 5], [7, 7], [3, 5], [6, 7], [3, 4], [5, 7], [3, 5], [6, 7], [0, 5], [6, 6], [1, 5], [5, 6], [1, 6], [6, 6], [2, 6], [6, 5], [3, 6], [6, 4], [3, 7], [6, 3], [2, 7], [6, 2], [1, 7], [6, 1], [0, 7], [6, 0], [0, 6], [5, 0], [0, 5], [5, 1], [0, 4], [5, 2], [0, 3], [4, 2], [0, 2], [4, 3], [0, 1]], "a_eggs_laid": [1, 1, 1, 1, 2, 2, 2, 2, 3, 3, 3, 3, 4, 4, 4, 4, 5, 5, 5, 5, 6, 6, 6, 6, 7, 7, 7, 7, 7, 7, 7, 7, 8, 8, 8, 8, 8, 8, 8, 8, 9, 9, 9, 9, 9, 9, 12, 12, 12, 12, 13, 13, 17, 17, 18, 18, 18, 18, 18, 18, 18, 18, 18, 18, 18, 18, 18, 18, 18, 18, 19, 19, 19, 19, 19, 19, 19, 19, 20, 20], "b_eggs_laid": [0, 1, 1, 1, 1, 2, 2, 2, 2, 3, 3, 3, 3, 4, 4, 4, 4, 5, 5, 5, 5, 6, 6, 6, 6, 7, 7, 7, 7, 8, 8, 8, 8, 9, 9, 9, 9, 10, 10, 10, 10, 15, 15, 15, 15, 16, 16, 16, 16, 17, 17, 17, 17, 17, 17, 17, 17, 18, 18, 18, 18, 19, 19, 19, 19, 20, 20, 20, 20, 23, 23, 23, 23, 23, 23, 23, 23, 23, 23, 23], "a_turds_left": [5, 5, 5, 5, 5, 5, 5, 5, 5, 5, 5, 5, 5, 5, 5, 5, 5, 5, 5, 5, 5, 5, 5, 5, 5, 5, 5, 5, 5, 5, 5, 5, 5, 5, 5, 5, 5, 5, 5, 5, 5, 5, 5, 5, 5, 5, 5, 5, 5, 5, 5, 5, 5, 5, 5, 5, 4, 4, 4, 4, 4, 4, 4, 4, 4, 4, 4, 4, 4, 4, 4, 4, 4, 4, 4, 4, 4, 4, 4, 4], "b_turds_left": [5, 5, 5, 5, 5, 5, 5, 5, 5, 5, 5, 5, 5, 5, 5, 5, 5, 5, 5, 5, 5, 5, 5, 5, 5, 5, 5, 5, 5, 5, 5, 5, 5, 5, 5, 5, 5, 5, 5, 5, 5, 5, 5, 5, 5, 5, 5, 5, 5, 5, 5, 5, 5, 5, 5, 5, 5, 5, 5, 5, 5, 5, 5, 5, 5, 5, 5, 5, 5, 5, 5, 5, 5, 5, 5, 5, 5, 5, 5, 4], "a_time_left": [358.87939341703895, 358.87939341703895, 358.331375208043, 358.331375208043, 357.01640679105185, 357.01640679105185, 356.44878883304773, 356.44878883304773, 354.9228312080959, 354.9228312080959, 353.89811087510316, 353.89811087510316, 352.64300870808074, 352.64300870808074, 351.8945394580951, 351.8945394580951, 349.66588637413224, 349.66588637413224, 348.6883460401441, 348.6883460401441, 346.8232149571413, 346.8232149571413, 346.0886363321333, 346.0886363321333, 344.12130699912086, 344.12130699912086, 343.82579545717454, 343.82579545717454, 342.96858737414004, 342.96858737414004, 342.1760393741424, 342.1760393741424, 340.87488583213417, 340.87488583213417, 340.48291974910535, 340.48291974910535, 339.7810669160681, 339.7810669160681, 339.46572104102233, 339.46572104102233, 337.5276480410248, 337.5276480410248, 337.22686329105636, 337.22686329105636, 336.68682229105616, 336.68682229105616, 336.39331812405726, 336.39331812405726, 335.9655787490774, 335.9655787490774, 335.7016011661035, 335.7016011661035, 335.55400829110295, 335.55400829110295, 334.825170166092, 334.825170166092, 334.39301995706046, 334.39301995706046, 334.19599037308944, 334.19599037308944, 333.9365995810949, 333.9365995810949, 333.84587083105, 333.84587083105, 333.4659048730973, 333.4659048730973, 333.33075970609207, 333.33075970609207, 333.0705489561078, 333.0705489561078, 332.9007442891598, 332.9007442891598, 332.80868374719284, 332.80868374719284, 332.7043489142088, 332.7043489142088, 332.53670816420345, 332.53670816420345, 332.5218150811852, 332.5218150811852], "b_time_left": [360, 359.1868158329744, 359.1868158329744, 358.58566599996993, 358.58566599996993, 357.7506101659965, 357.7506101659965, 357.1316111239721, 357.1316111239721, 355.8181973739993, 355.8181973739993, 354.62982362404, 354.62982362404, 353.62500008306233, 353.62500008306233, 352.7600548750488, 352.7600548750488, 351.3306019590236, 351.3306019590236, 350.14693020901177, 350.14693020901177, 349.2095204590005, 349.2095204590005, 347.84643937496, 347.84643937496, 347.18712895794306, 347.18712895794306, 346.7177597079426, 346.7177597079426, 344.59788704197854, 344.59788704197854, 343.4678664589301, 343.4678664589301, 342.14537316694623, 342.14537316694623, 341.7019662919338, 341.7019662919338, 340.47594133293023, 340.47594133293023, 339.5195572079392, 339.5195572079392, 338.91213966696523, 338.91213966696523, 338.4477105420083, 338.4477105420083, 337.4767773330095, 337.4767773330095, 336.78582525003003, 336.78582525003003, 335.9312640410499, 335.9312640410499, 335.5613355410169, 335.5613355410169, 335.11627050006064, 335.11627050006064, 334.65314216708066, 334.65314216708066, 334.1527732090908, 334.1527732090908, 333.9161057090969, 333.9161057090969, 333.55675675114617, 333.55675675114617, 333.45435116812587, 333.45435116812587, 333.1254469600972, 333.1254469600972, 332.9570535431267, 332.9570535431267, 332.5476385851507, 332.5476385851507, 332.4626035441761, 332.4626035441761, 332.3432626691647, 332.3432626691647, 332.1777464192128, 332.1777464192128, 332.1608865032322, 332.1608865032322, 332.15816087822895], "a_moves_left": [39, 39, 38, 38, 37, 37, 36, 36, 35, 35, 34, 34, 33, 33, 32, 32, 31, 31, 30, 30, 29, 29, 28, 28, 27, 27, 26, 26, 25, 25, 24, 24, 23, 23, 22, 22, 21, 21, 20, 20, 19, 19, 18, 18, 17, 17, 16, 16, 15, 15, 14, 14, 13, 13, 12, 12, 11, 11, 10, 10, 9, 9, 8, 8, 7, 7, 6, 6, 5, 5, 4, 4, 3, 3, 2, 2, 1, 1, 0, 0], "b_moves_left": [40, 39, 39, 38, 38, 37, 37, 36, 36, 35, 35, 34, 34, 33, 33, 32, 32, 31, 31, 30, 30, 29, 29, 28, 28, 27, 27, 26, 26, 25, 25, 24, 24, 23, 23, 22, 22, 21, 21, 20, 20, 19, 19, 18, 18, 17, 17, 16, 16, 15, 15, 14, 14, 13, 13, 12, 12, 11, 11, 10, 10, 9, 9, 8, 8, 7, 7, 6, 6, 5, 5, 4, 4, 3, 3, 2, 2, 1, 1, 0], "trapdoor_triggered": [0, 0, 0, 0, 0, 0, 0, 0, 0, 0, 0, 0, 0, 0, 0, 0, 0, 0, 0, 0, 0, 0, 0, 0, 0, 0, 0, 0, 0, 0, 0, 0, 0, 0, 0, 0, 0, 0, 0, 0, 1, 0, 0, 0, 0, 0, 0, 0, 0, 0, 0, 1, 0, 0, 0, 0, 0, 0, 0, 0, 0, 0, 0, 0, 0, 0, 0, 0, 0, 0, 0, 0, 0, 0, 0, 0, 0, 0, 0, 0], "left_behind": ["egg", "egg", "plain", "plain", "egg", "egg", "plain", "plain", "egg", "egg", "plain", "plain", "egg", "egg", "plain", "plain", "egg", "egg", "plain", "plain", "egg", "egg", "plain", "plain", "egg", "egg", "plain", "plain", "plain", "egg", "plain", "plain", "egg", "egg", "plain", "plain", "plain", "egg", "plain", "plain", "egg", "egg", "plain", "plain", "plain", "egg", "egg", "plain", "plain", "egg", "egg", "plain", "plain", "plain", "egg", "plain", "turd", "egg", "plain", "plain", "plain", "egg", "plain", "plain", "plain", "egg", "plain", "plain", "plain", "egg", "egg", "plain", "plain", "plain", "plain", "plain", "plain", "plain", "egg", "turd"], "errlog_a": "", "errlog_b": "", "start_time": 360, "start_moves": 40, "turn_count": 80, "result": 1, "reason": "EGGS_LAID", "trapdoors": [[2, 4], [4, 5]], "spawn_a": [7, 5], "spawn_b": [0, 5]}