{"pos": [[0, 5], [7, 5], [0, 4], [7, 4], [0, 3], [7, 3], [0, 2], [7, 2], [0, 1], [7, 1], [0, 0], [7, 0], [1, 0], [7, 1], [2, 0], [6, 1], [2, 1], [6, 2], [2, 2], [6, 3], [2, 1], [6, 4], [1, 1], [6, 5], [2, 1], [6, 6], [3, 1], [6, 7], [3, 0], [6, 6], [4, 0], [5, 6], [5, 0], [4, 6], [5, 1], [4, 5], [5, 0], [4, 6], [4, 0], [4, 7], [4, 1], [4, 6], [4, 2], [3, 6], [4, 1], [3, 7], [3, 1], [2, 7], [2, 1], [2, 6], [2, 2], [2, 5], [1, 2], [2, 4], [1, 1], [2, 3], [1, 0], [1, 3], [2, 0], [1, 2], [3, 0], [1, 3], [3, 1], [1, 4], [4, 1], [1, 5], [3, 1], [1, 6], [4, 1], [2, 6], [3, 1], [2, 5], [3, 2], [3, 5], [2, 2], [7, 6], [2, 1], [7, 5], [1, 1], [7, 6]], "a_eggs_laid": [1, 1, 1, 1, 2, 2, 2, 2, 3, 3, 3, 3, 6, 6, 6, 6, 7, 7, 7, 7, 8, 8, 8, 8, 9, 9, 9, 9, 10, 10, 10, 10, 11, 11, 11, 11, 12, 12, 12, 12, 12, 12, 12, 12, 13, 13, 13, 13, 13, 13, 13, 13, 13, 13, 13, 13, 13, 13, 13, 13, 13, 13, 13, 13, 13, 13, 13, 13, 13, 13, 13, 13, 13, 13, 13, 13, 17, 17, 17, 17], "b_eggs_laid": [0, 1, 1, 1, 1, 2, 2, 2, 2, 3, 3, 3, 3, 6, 6, 6, 6, 7, 7, 7, 7, 8, 8, 8, 8, 9, 9, 9, 9, 10, 10, 10, 10, 11, 11, 11, 11, 12, 12, 12, 12, 13, 13, 13, 13, 14, 14, 14, 14, 15, 15, 15, 15, 16, 16, 16, 16, 17, 17, 17, 17, 18, 18, 18, 18, 19, 19, 19, 19, 20, 20, 20, 20, 20, 20, 20, 20, 20, 20, 20], "a_turds_left": [5, 5, 5, 5, 5, 5, 5, 5, 5, 5, 5, 5, 5, 5, 5, 5, 5, 5, 5, 5, 5, 5, 5, 5, 5, 5, 5, 5, 5, 5, 5, 5, 5, 5, 5, 5, 5, 5, 5, 5, 5, 5, 5, 5, 5, 5, 5, 5, 5, 5, 5, 5, 5, 5, 5, 5, 5, 5, 5, 5, 5, 5, 4, 4, 4, 4, 4, 4, 4, 4, 4, 4, 4, 4, 3, 3, 3, 3, 3, 3], "b_turds_left": [5, 5, 5, 5, 5, 5, 5, 5, 5, 5, 5, 5, 5, 5, 5, 5, 5, 5, 5, 5, 5, 5, 5, 5, 5, 5, 5, 5, 5, 5, 5, 5, 5, 5, 5, 5, 5, 5, 5, 5, 5, 5, 5, 5, 5, 5, 5, 5, 5, 5, 5, 5, 5, 5, 5, 5, 5, 5, 5, 5, 5, 5, 5, 5, 5, 5, 5, 5, 5, 5, 5, 5, 5, 5, 5, 5, 5, 5, 5, 4], "a_time_left": [358.5565498750075, 358.5565498750075, 357.6063599170302, 357.6063599170302, 355.6856419170508, 355.6856419170508, 354.61589420906967, 354.61589420906967, 351.4238607500447, 351.4238607500447, 350.7049354170449, 350.7049354170449, 349.8336981670582, 349.8336981670582, 349.0555060420884, 349.0555060420884, 345.6277624591021, 345.6277624591021, 330.85393308411585, 330.85393308411585, 315.6120768341352, 315.6120768341352, 312.11399179213913, 312.11399179213913, 296.7610045831534, 296.7610045831534, 292.35105350014055, 292.35105350014055, 286.45338750013616, 286.45338750013616, 283.9262716251542, 283.9262716251542, 278.6971717501292, 278.6971717501292, 276.46873945812695, 276.46873945812695, 272.8693428331753, 272.8693428331753, 270.8876503741485, 270.8876503741485, 268.6257722071605, 268.6257722071605, 265.375019832165, 265.375019832165, 258.2764163741376, 258.2764163741376, 255.95622462412575, 255.95622462412575, 253.8300278331153, 253.8300278331153, 252.43719433312071, 252.43719433312071, 251.1916973751504, 251.1916973751504, 249.97618695913116, 249.97618695913116, 248.60695208411198, 248.60695208411198, 248.06166862510145, 248.06166862510145, 247.50554033310618, 247.50554033310618, 246.85229183308547, 246.85229183308547, 246.0765216240543, 246.0765216240543, 245.4264763740939, 245.4264763740939, 244.20989249908598, 244.20989249908598, 243.70796837407397, 243.70796837407397, 243.3561302490998, 243.3561302490998, 242.80388549907366, 242.80388549907366, 242.68601737404242, 242.68601737404242, 242.6148244580836, 242.6148244580836], "b_time_left": [360, 358.6564015839831, 358.6564015839831, 357.6356734180008, 357.6356734180008, 355.8454215020174, 355.8454215020174, 354.5487174610025, 354.5487174610025, 353.2102710030158, 353.2102710030158, 352.29811067000264, 352.29811067000264, 351.13534550298937, 351.13534550298937, 349.9755772110075, 349.9755772110075, 342.3850381280063, 342.3850381280063, 331.5439639190445, 331.5439639190445, 319.9828809610335, 319.9828809610335, 316.36515541904373, 316.36515541904373, 309.8225984190358, 309.8225984190358, 305.7161362110055, 305.7161362110055, 302.9042524190154, 302.9042524190154, 298.1859965019976, 298.1859965019976, 293.6297520850203, 293.6297520850203, 289.07429850200424, 289.07429850200424, 285.8084509189939, 285.8084509189939, 284.1200909600011, 284.1200909600011, 280.452214502031, 280.452214502031, 274.2398110849899, 274.2398110849899, 270.94386600196594, 270.94386600196594, 269.777891834965, 269.777891834965, 268.2321647509816, 268.2321647509816, 266.36970325099537, 266.36970325099537, 261.6254161259858, 261.6254161259858, 260.15359191794414, 260.15359191794414, 259.3944440429332, 259.3944440429332, 257.8784778349218, 257.8784778349218, 257.4010677098995, 257.4010677098995, 256.6726810008986, 256.6726810008986, 255.35928908392088, 255.35928908392088, 254.6749470429495, 254.6749470429495, 253.48417025094386, 253.48417025094386, 252.832124583947, 252.832124583947, 252.06752733397298, 252.06752733397298, 251.58254041697364, 251.58254041697364, 251.48416979197646, 251.48416979197646, 251.47318566701142], "a_moves_left": [39, 39, 38, 38, 37, 37, 36, 36, 35, 35, 34, 34, 33, 33, 32, 32, 31, 31, 30, 30, 29, 29, 28, 28, 27, 27, 26, 26, 25, 25, 24, 24, 23, 23, 22, 22, 21, 21, 20, 20, 19, 19, 18, 18, 17, 17, 16, 16, 15, 15, 14, 14, 13, 13, 12, 12, 11, 11, 10, 10, 9, 9, 8, 8, 7, 7, 6, 6, 5, 5, 4, 4, 3, 3, 2, 2, 1, 1, 0, 0], "b_moves_left": [40, 39, 39, 38, 38, 37, 37, 36, 36, 35, 35, 34, 34, 33, 33, 32, 32, 31, 31, 30, 30, 29, 29, 28, 28, 27, 27, 26, 26, 25, 25, 24, 24, 23, 23, 22, 22, 21, 21, 20, 20, 19, 19, 18, 18, 17, 17, 16, 16, 15, 15, 14, 14, 13, 13, 12, 12, 11, 11, 10, 10, 9, 9, 8, 8, 7, 7, 6, 6, 5, 5, 4, 4, 3, 3, 2, 2, 1, 1, 0], "trapdoor_triggered": [0, 0, 0, 0, 0, 0, 0, 0, 0, 0, 0, 0, 0, 0, 0, 0, 0, 0, 0, 0, 0, 0, 0, 0, 0, 0, 0, 0, 0, 0, 0, 0, 0, 0, 0, 0, 0, 0, 0, 0, 0, 0, 0, 0, 0, 0, 0, 0, 0, 0, 0, 0, 0, 0, 0, 0, 0, 0, 0, 0, 0, 0, 0, 0, 0, 0, 0, 0, 0, 0, 0, 0, 0, 0, 0, 1, 0, 0, 0, 0], "left_behind": ["egg", "egg", "plain", "plain", "egg", "egg", "plain", "plain", "egg", "egg", "plain", "plain", "egg", "egg", "plain", "plain", "egg", "egg", "plain", "plain", "egg", "egg", "plain", "plain", "egg", "egg", "plain", "plain", "egg", "egg", "plain", "plain", "egg", "egg", "plain", "plain", "egg", "egg", "plain", "plain", "plain", "egg", "plain", "plain", "egg", "egg", "plain", "plain", "plain", "egg", "plain", "plain", "plain", "egg", "plain", "plain", "plain", "egg", "plain", "plain", "plain", "egg", "turd", "plain", "plain", "egg", "plain", "plain", "plain", "egg", "plain", "plain", "plain", "plain", "turd", "plain", "plain", "plain", "plain", "turd"], "errlog_a": "", "errlog_b": "", "start_time": 360, "start_moves": 40, "turn_count": 80, "result": 1, "reason": "EGGS_LAID", "trapdoors": [[3, 3], [3, 4]], "spawn_a": [0, 6], "spawn_b": [7, 6]}