{"pos": [[0, 5], [7, 3], [1, 5], [7, 2], [1, 6], [7, 1], [0, 6], [7, 0], [1, 6], [7, 1], [2, 6], [6, 1], [2, 5], [6, 2], [3, 5], [6, 3], [4, 5], [6, 2], [4, 6], [5, 2], [5, 6], [5, 1], [5, 5], [4, 1], [5, 6], [3, 1], [6, 6], [3, 0], [5, 6], [3, 1], [5, 7], [3, 2], [4, 7], [3, 1], [3, 7], [2, 1], [2, 7], [2, 2], [1, 7], [2, 3], [2, 7], [2, 2], [3, 7], [1, 2], [3, 6], [1, 1], [2, 6], [1, 0], [2, 5], [1, 1], [2, 4], [0, 1], [3, 4], [0, 2], [4, 4], [0, 3], [5, 4], [0, 2], [5, 3], [0, 1], [5, 4], [1, 1], [6, 4], [1, 0], [6, 5], [2, 0], [7, 5], [3, 0], [7, 6], [4, 0], [7, 7], [5, 0], [6, 7], [6, 0], [6, 6], [6, 1], [6, 5], [7, 1], [5, 5], [7, 0]], "a_eggs_laid": [1, 1, 1, 1, 2, 2, 2, 2, 3, 3, 3, 3, 4, 4, 4, 4, 5, 5, 5, 5, 6, 6, 6, 6, 7, 7, 7, 7, 8, 8, 8, 8, 9, 9, 9, 9, 10, 10, 10, 10, 11, 11, 11, 11, 11, 11, 11, 11, 11, 11, 11, 11, 12, 12, 12, 12, 13, 13, 13, 13, 14, 14, 14, 14, 15, 15, 15, 15, 16, 16, 16, 16, 19, 19, 19, 19, 19, 19, 19, 19], "b_eggs_laid": [0, 1, 1, 1, 1, 2, 2, 2, 2, 5, 5, 5, 5, 6, 6, 6, 6, 7, 7, 7, 7, 8, 8, 8, 8, 9, 9, 9, 9, 10, 10, 10, 10, 11, 11, 11, 11, 12, 12, 12, 12, 13, 13, 13, 13, 14, 14, 14, 14, 15, 15, 15, 15, 16, 16, 16, 16, 17, 17, 17, 17, 17, 17, 17, 17, 17, 17, 17, 17, 17, 17, 17, 17, 18, 18, 18, 18, 18, 18, 18], "a_turds_left": [5, 5, 5, 5, 5, 5, 5, 5, 5, 5, 4, 4, 4, 4, 3, 3, 3, 3, 3, 3, 3, 3, 3, 3, 3, 3, 2, 2, 2, 2, 2, 2, 2, 2, 2, 2, 2, 2, 2, 2, 2, 2, 2, 2, 2, 2, 2, 2, 2, 2, 2, 2, 2, 2, 2, 2, 2, 2, 2, 2, 2, 2, 2, 2, 2, 2, 2, 2, 2, 2, 1, 1, 1, 1, 1, 1, 1, 1, 1, 1], "b_turds_left": [5, 5, 5, 5, 5, 5, 5, 5, 5, 5, 5, 5, 5, 5, 5, 5, 5, 5, 5, 5, 5, 5, 5, 5, 5, 5, 5, 5, 5, 5, 5, 5, 5, 5, 5, 5, 5, 5, 5, 5, 5, 5, 5, 5, 5, 5, 5, 5, 5, 5, 5, 5, 5, 5, 5, 5, 5, 5, 5, 5, 5, 5, 5, 5, 5, 5, 5, 5, 5, 5, 5, 5, 5, 5, 5, 5, 5, 5, 5, 4], "a_time_left": [358.5156092090183, 358.5156092090183, 357.7814918339718, 357.7814918339718, 355.5049521669862, 355.5049521669862, 354.6965935000335, 354.6965935000335, 353.5814948750194, 353.5814948750194, 352.79566479101777, 352.79566479101777, 350.3951409580186, 350.3951409580186, 349.0356602080283, 349.0356602080283, 345.9181409580633, 345.9181409580633, 344.94732687505893, 344.94732687505893, 342.017021375068, 342.017021375068, 340.908562167082, 340.908562167082, 337.71603229205357, 337.71603229205357, 336.5826479170355, 336.5826479170355, 334.74765158304945, 334.74765158304945, 334.340469458024, 334.340469458024, 332.32158166600857, 332.32158166600857, 331.842141791014, 331.842141791014, 329.69332949997624, 329.69332949997624, 329.1446530420217, 329.1446530420217, 327.7458257920225, 327.7458257920225, 327.3747046250501, 327.3747046250501, 326.9226880000788, 326.9226880000788, 326.2892787081073, 326.2892787081073, 325.83505870809313, 325.83505870809313, 325.5829401240917, 325.5829401240917, 324.5075140410918, 324.5075140410918, 324.14438770810375, 324.14438770810375, 323.1137160831131, 323.1137160831131, 322.92842108308105, 322.92842108308105, 322.6659469160368, 322.6659469160368, 322.43043395801215, 322.43043395801215, 322.1789242080413, 322.1789242080413, 322.0155996250687, 322.0155996250687, 321.7945343750762, 321.7945343750762, 321.63304112502374, 321.63304112502374, 321.1134178340435, 321.1134178340435, 321.0164391680155, 321.0164391680155, 320.75898662605323, 320.75898662605323, 320.7318703760393, 320.7318703760393], "b_time_left": [360, 358.2302568749874, 358.2302568749874, 357.0032317080186, 357.0032317080186, 354.71250433300156, 354.71250433300156, 353.80009937501745, 353.80009937501745, 352.5722935000085, 352.5722935000085, 351.6165037499741, 351.6165037499741, 348.67436516692396, 348.67436516692396, 347.31287183391396, 347.31287183391396, 343.9410808759276, 343.9410808759276, 342.53576333390083, 342.53576333390083, 339.8648004998686, 339.8648004998686, 337.94264199992176, 337.94264199992176, 335.8404607078992, 335.8404607078992, 334.4052106249146, 334.4052106249146, 333.7928149168729, 333.7928149168729, 332.8052773338859, 332.8052773338859, 332.1844223338994, 332.1844223338994, 331.4253377089044, 331.4253377089044, 330.4122262498713, 330.4122262498713, 330.0092924158671, 330.0092924158671, 329.7157727488666, 329.7157727488666, 329.4531974568963, 329.4531974568963, 328.93215316487476, 328.93215316487476, 328.6336311228806, 328.6336311228806, 328.22712362284074, 328.22712362284074, 327.5488406638033, 327.5488406638033, 326.5955400808016, 326.5955400808016, 325.6963395808125, 325.6963395808125, 325.17697895580204, 325.17697895580204, 324.70926478883484, 324.70926478883484, 324.5496327888104, 324.5496327888104, 323.9635738307843, 323.9635738307843, 323.80376299779164, 323.80376299779164, 323.44100174779305, 323.44100174779305, 323.3302796227508, 323.3302796227508, 323.17206978978356, 323.17206978978356, 322.9469109567581, 322.9469109567581, 322.814704831806, 322.814704831806, 322.7313927488285, 322.7313927488285, 322.7268928318517], "a_moves_left": [39, 39, 38, 38, 37, 37, 36, 36, 35, 35, 34, 34, 33, 33, 32, 32, 31, 31, 30, 30, 29, 29, 28, 28, 27, 27, 26, 26, 25, 25, 24, 24, 23, 23, 22, 22, 21, 21, 20, 20, 19, 19, 18, 18, 17, 17, 16, 16, 15, 15, 14, 14, 13, 13, 12, 12, 11, 11, 10, 10, 9, 9, 8, 8, 7, 7, 6, 6, 5, 5, 4, 4, 3, 3, 2, 2, 1, 1, 0, 0], "b_moves_left": [40, 39, 39, 38, 38, 37, 37, 36, 36, 35, 35, 34, 34, 33, 33, 32, 32, 31, 31, 30, 30, 29, 29, 28, 28, 27, 27, 26, 26, 25, 25, 24, 24, 23, 23, 22, 22, 21, 21, 20, 20, 19, 19, 18, 18, 17, 17, 16, 16, 15, 15, 14, 14, 13, 13, 12, 12, 11, 11, 10, 10, 9, 9, 8, 8, 7, 7, 6, 6, 5, 5, 4, 4, 3, 3, 2, 2, 1, 1, 0], "trapdoor_triggered": [0, 0, 0, 0, 0, 0, 0, 0, 0, 0, 0, 0, 0, 0, 0, 0, 0, 0, 0, 0, 0, 0, 0, 0, 0, 0, 0, 0, 0, 0, 0, 0, 0, 0, 0, 0, 0, 0, 0, 0, 0, 0, 0, 0, 0, 0, 0, 0, 0, 0, 0, 0, 0, 0, 0, 0, 0, 0, 0, 0, 0, 0, 0, 0, 0, 0, 0, 0, 0, 0, 0, 0, 0, 0, 0, 0, 0, 0, 0, 0], "left_behind": ["egg", "egg", "plain", "plain", "egg", "egg", "plain", "plain", "egg", "egg", "turd", "plain", "egg", "egg", "turd", "plain", "egg", "egg", "plain", "plain", "egg", "egg", "plain", "plain", "egg", "egg", "turd", "plain", "egg", "egg", "plain", "plain", "egg", "egg", "plain", "plain", "egg", "egg", "plain", "plain", "egg", "egg", "plain", "plain", "plain", "egg", "plain", "plain", "plain", "egg", "plain", "plain", "egg", "egg", "plain", "plain", "egg", "egg", "plain", "plain", "egg", "plain", "plain", "plain", "egg", "plain", "plain", "plain", "egg", "plain", "turd", "plain", "egg", "egg", "plain", "plain", "plain", "plain", "plain", "turd"], "errlog_a": "", "errlog_b": "", "start_time": 360, "start_moves": 40, "turn_count": 80, "result": 0, "reason": "EGGS_LAID", "trapdoors": [[3, 3], [4, 3]], "spawn_a": [0, 4], "spawn_b": [7, 4]}