{"pos": [[7, 2], [0, 2], [7, 1], [0, 1], [6, 1], [1, 1], [6, 2], [2, 1], [6, 3], [2, 2], [6, 4], [3, 2], [6, 5], [3, 1], [6, 6], [4, 1], [5, 6], [4, 0], [4, 6], [5, 0], [3, 6], [4, 0], [2, 6], [3, 0], [2, 5], [2, 0], [2, 4], [1, 0], [2, 5], [1, 1], [3, 5], [1, 2], [4, 5], [1, 3], [5, 5], [1, 4], [5, 4], [1, 5], [5, 3], [1, 6], [5, 4], [1, 5], [4, 4], [0, 5], [4, 3], [0, 6], [4, 2], [0, 7], [5, 2], [1, 7], [5, 1], [2, 7], [6, 1], [3, 7], [6, 0], [4, 7], [6, 1], [5, 7], [6, 2], [6, 7], [6, 3], [7, 7], [6, 4], [7, 6], [5, 4], [7, 5], [5, 5], [7, 4], [5, 6], [7, 5], [4, 6], [6, 5], [3, 6], [7, 5], [3, 5], [7, 6], [2, 5], [7, 7], [2, 4], [7, 6]], "a_eggs_laid": [1, 1, 1, 1, 2, 2, 2, 2, 3, 3, 3, 3, 4, 4, 4, 4, 5, 5, 5, 5, 6, 6, 6, 6, 7, 7, 7, 7, 8, 8, 8, 8, 9, 9, 9, 9, 10, 10, 10, 10, 11, 11, 11, 11, 12, 12, 12, 12, 13, 13, 13, 13, 14, 14, 14, 14, 15, 15, 15, 15, 15, 15, 15, 15, 15, 15, 15, 15, 15, 15, 15, 15, 15, 15, 15, 15, 15, 15, 15, 15], "b_eggs_laid": [0, 1, 1, 1, 1, 2, 2, 2, 2, 3, 3, 3, 3, 4, 4, 4, 4, 5, 5, 5, 5, 6, 6, 6, 6, 7, 7, 7, 7, 8, 8, 8, 8, 9, 9, 9, 9, 10, 10, 10, 10, 11, 11, 11, 11, 12, 12, 12, 12, 15, 15, 15, 15, 16, 16, 16, 16, 17, 17, 17, 17, 18, 18, 18, 18, 19, 19, 19, 19, 20, 20, 20, 20, 20, 20, 20, 20, 20, 20, 20], "a_turds_left": [5, 5, 5, 5, 5, 5, 5, 5, 5, 5, 5, 5, 5, 5, 5, 5, 5, 5, 5, 5, 5, 5, 5, 5, 5, 5, 5, 5, 5, 5, 5, 5, 5, 5, 5, 5, 5, 5, 5, 5, 5, 5, 5, 5, 5, 5, 5, 5, 5, 5, 5, 5, 5, 5, 5, 5, 5, 5, 5, 5, 5, 5, 5, 5, 5, 5, 5, 5, 5, 5, 5, 5, 5, 5, 5, 5, 5, 5, 5, 5], "b_turds_left": [5, 5, 5, 5, 5, 5, 5, 5, 5, 5, 5, 5, 5, 5, 5, 5, 5, 5, 5, 5, 5, 5, 5, 5, 5, 5, 5, 5, 5, 5, 5, 5, 5, 5, 5, 5, 5, 5, 5, 5, 5, 5, 5, 5, 5, 5, 5, 5, 5, 5, 5, 5, 5, 5, 5, 5, 5, 5, 5, 5, 5, 5, 5, 5, 5, 5, 5, 5, 5, 5, 5, 5, 5, 5, 5, 5, 5, 5, 5, 4], "a_time_left": [358.8597319999826, 358.8597319999826, 358.26091491698753, 358.26091491698753, 356.8193516249885, 356.8193516249885, 355.9421768329921, 355.9421768329921, 353.2998740829644, 353.2998740829644, 351.9052427909337, 351.9052427909337, 349.03721908293664, 349.03721908293664, 347.98398095794255, 347.98398095794255, 345.3477798739332, 345.3477798739332, 344.6802630829043, 344.6802630829043, 342.6456369169173, 342.6456369169173, 341.9443519169581, 341.9443519169581, 339.9327010419802, 339.9327010419802, 339.300983833964, 339.300983833964, 337.882145499927, 337.882145499927, 337.11965083295945, 337.11965083295945, 334.26313374895835, 334.26313374895835, 333.64986066595884, 333.64986066595884, 332.137884540949, 332.137884540949, 331.59528883191524, 331.59528883191524, 330.3824582899106, 330.3824582899106, 329.9691004988854, 329.9691004988854, 327.6500279158354, 327.6500279158354, 327.4224402498803, 327.4224402498803, 326.6957077499246, 326.6957077499246, 326.5036816659267, 326.5036816659267, 326.1201335408841, 326.1201335408841, 325.91046987491427, 325.91046987491427, 325.54910995886894, 325.54910995886894, 325.3384555839002, 325.3384555839002, 325.0539450428914, 325.0539450428914, 324.87989825190743, 324.87989825190743, 324.6938927519368, 324.6938927519368, 324.5643941689632, 324.5643941689632, 324.43907341896556, 324.43907341896556, 324.35445558599895, 324.35445558599895, 324.24844100297196, 324.24844100297196, 324.166596127965, 324.166596127965, 324.1141862939694, 324.1141862939694, 324.09479158592876, 324.09479158592876], "b_time_left": [360, 359.02775208401727, 359.02775208401727, 358.4576092089992, 358.4576092089992, 357.2393076250446, 357.2393076250446, 356.06892145902384, 356.06892145902384, 354.171409417002, 354.171409417002, 352.40659733401844, 352.40659733401844, 349.3841959590209, 349.3841959590209, 348.4483383760089, 348.4483383760089, 347.14478333404986, 347.14478333404986, 346.1435236680554, 346.1435236680554, 344.3357434180798, 344.3357434180798, 343.36153483507223, 343.36153483507223, 340.9337447930593, 340.9337447930593, 339.92107404308626, 339.92107404308626, 338.20976721006446, 338.20976721006446, 336.8294085020898, 336.8294085020898, 335.0697463360848, 335.0697463360848, 334.03333162807394, 334.03333162807394, 332.44497737806523, 332.44497737806523, 331.1881907110801, 331.1881907110801, 330.2252616281039, 330.2252616281039, 329.09974958607927, 329.09974958607927, 328.2217253361014, 328.2217253361014, 327.8561932950979, 327.8561932950979, 327.54508975410135, 327.54508975410135, 327.2208465881413, 327.2208465881413, 327.0338085881667, 327.0338085881667, 326.8248335461831, 326.8248335461831, 326.6918789211777, 326.6918789211777, 326.49816004617605, 326.49816004617605, 326.3445017131744, 326.3445017131744, 326.23441846319474, 326.23441846319474, 326.085151588195, 326.085151588195, 325.9521767962142, 325.9521767962142, 325.85081338020973, 325.85081338020973, 325.74336804723134, 325.74336804723134, 325.64533704723, 325.64533704723, 325.49496325623477, 325.49496325623477, 325.47389234020375, 325.47389234020375, 325.47083979920717], "a_moves_left": [39, 39, 38, 38, 37, 37, 36, 36, 35, 35, 34, 34, 33, 33, 32, 32, 31, 31, 30, 30, 29, 29, 28, 28, 27, 27, 26, 26, 25, 25, 24, 24, 23, 23, 22, 22, 21, 21, 20, 20, 19, 19, 18, 18, 17, 17, 16, 16, 15, 15, 14, 14, 13, 13, 12, 12, 11, 11, 10, 10, 9, 9, 8, 8, 7, 7, 6, 6, 5, 5, 4, 4, 3, 3, 2, 2, 1, 1, 0, 0], "b_moves_left": [40, 39, 39, 38, 38, 37, 37, 36, 36, 35, 35, 34, 34, 33, 33, 32, 32, 31, 31, 30, 30, 29, 29, 28, 28, 27, 27, 26, 26, 25, 25, 24, 24, 23, 23, 22, 22, 21, 21, 20, 20, 19, 19, 18, 18, 17, 17, 16, 16, 15, 15, 14, 14, 13, 13, 12, 12, 11, 11, 10, 10, 9, 9, 8, 8, 7, 7, 6, 6, 5, 5, 4, 4, 3, 3, 2, 2, 1, 1, 0], "trapdoor_triggered": [0, 0, 0, 0, 0, 0, 0, 0, 0, 0, 0, 0, 0, 0, 0, 0, 0, 0, 0, 0, 0, 0, 0, 0, 0, 0, 0, 0, 0, 0, 0, 0, 0, 0, 0, 0, 0, 0, 0, 0, 0, 0, 0, 0, 0, 0, 0, 0, 0, 0, 0, 0, 0, 0, 0, 0, 0, 0, 0, 0, 0, 0, 0, 0, 0, 0, 0, 0, 0, 0, 0, 0, 0, 0, 0, 0, 0, 0, 0, 0], "left_behind": ["egg", "egg", "plain", "plain", "egg", "egg", "plain", "plain", "egg", "egg", "plain", "plain", "egg", "egg", "plain", "plain", "egg", "egg", "plain", "plain", "egg", "egg", "plain", "plain", "egg", "egg", "plain", "plain", "egg", "egg", "plain", "plain", "egg", "egg", "plain", "plain", "egg", "egg", "plain", "plain", "egg", "egg", "plain", "plain", "egg", "egg", "plain", "plain", "egg", "egg", "plain", "plain", "egg", "egg", "plain", "plain", "egg", "egg", "plain", "plain", "plain", "egg", "plain", "plain", "plain", "egg", "plain", "plain", "plain", "egg", "plain", "plain", "plain", "plain", "plain", "plain", "plain", "plain", "plain", "turd"], "errlog_a": "", "errlog_b": "", "start_time": 360, "start_moves": 40, "turn_count": 80, "result": 1, "reason": "EGGS_LAID", "trapdoors": [[3, 3], [2, 3]], "spawn_a": [7, 3], "spawn_b": [0, 3]}