{"pos": [[7, 4], [0, 4], [7, 3], [0, 3], [7, 2], [0, 2], [7, 1], [0, 1], [6, 1], [1, 1], [6, 2], [2, 1], [6, 3], [2, 0], [6, 4], [3, 0], [6, 5], [3, 1], [6, 6], [4, 1], [5, 6], [4, 2], [4, 6], [5, 2], [3, 6], [5, 1], [2, 6], [5, 0], [2, 7], [6, 0], [1, 7], [5, 0], [1, 6], [6, 0], [1, 5], [5, 0], [2, 5], [5, 1], [2, 4], [5, 2], [2, 3], [5, 1], [2, 2], [4, 1], [2, 3], [5, 1], [1, 3], [6, 1], [1, 2], [6, 0], [1, 1], [5, 0], [1, 0], [6, 0], [0, 0], [5, 0], [1, 0], [6, 0], [2, 0], [6, 1], [1, 0], [6, 0], [1, 1], [6, 1], [1, 2], [6, 0], [1, 3], [6, 1], [1, 4], [6, 0], [1, 5], [6, 1], [1, 6], [6, 0], [0, 6], [6, 1], [1, 6], [6, 0], [2, 6], [5, 0]], "a_eggs_laid": [1, 1, 1, 1, 2, 2, 2, 2, 3, 3, 3, 3, 4, 4, 4, 4, 5, 5, 5, 5, 6, 6, 6, 6, 7, 7, 7, 7, 8, 8, 8, 8, 9, 9, 9, 9, 10, 10, 10, 10, 11, 11, 11, 11, 12, 12, 12, 12, 13, 13, 13, 13, 14, 14, 14, 14, 17, 17, 17, 17, 17, 17, 17, 17, 17, 17, 17, 17, 17, 17, 17, 17, 17, 17, 17, 17, 18, 18, 18, 18], "b_eggs_laid": [0, 1, 1, 1, 1, 2, 2, 2, 2, 3, 3, 3, 3, 4, 4, 4, 4, 5, 5, 5, 5, 6, 6, 6, 6, 7, 7, 7, 7, 8, 8, 8, 8, 8, 8, 8, 8, 8, 8, 8, 8, 8, 8, 8, 8, 8, 8, 8, 8, 9, 9, 9, 9, 9, 9, 9, 9, 9, 9, 9, 9, 9, 9, 9, 9, 9, 9, 9, 9, 9, 9, 9, 9, 9, 9, 9, 9, 9, 9, 9], "a_turds_left": [5, 5, 5, 5, 5, 5, 5, 5, 5, 5, 5, 5, 5, 5, 5, 5, 5, 5, 5, 5, 5, 5, 5, 5, 5, 5, 5, 5, 5, 5, 5, 5, 5, 5, 5, 5, 5, 5, 5, 5, 5, 5, 5, 5, 5, 5, 5, 5, 5, 5, 5, 5, 5, 5, 5, 5, 5, 5, 5, 5, 5, 5, 5, 5, 5, 5, 5, 5, 5, 5, 5, 5, 5, 5, 5, 5, 5, 5, 5, 5], "b_turds_left": [5, 5, 5, 5, 5, 5, 5, 5, 5, 5, 5, 5, 5, 5, 5, 5, 5, 5, 5, 5, 5, 5, 5, 4, 4, 4, 4, 4, 4, 4, 4, 4, 4, 4, 4, 4, 4, 4, 4, 4, 4, 4, 4, 4, 4, 4, 4, 4, 4, 4, 4, 4, 4, 4, 4, 4, 4, 4, 4, 4, 4, 4, 4, 4, 4, 4, 4, 4, 4, 4, 4, 4, 4, 4, 4, 4, 4, 4, 4, 3], "a_time_left": [358.8322264580056, 358.8322264580056, 358.31136512500234, 358.31136512500234, 356.9944184999913, 356.9944184999913, 356.458039790974, 356.458039790974, 355.0057621659362, 355.0057621659362, 353.9418800409185, 353.9418800409185, 351.36631224892335, 351.36631224892335, 350.6827349989326, 350.6827349989326, 349.2420797079103, 349.2420797079103, 348.16537316690665, 348.16537316690665, 345.9467379999114, 345.9467379999114, 344.6561843329109, 344.6561843329109, 343.19153574988013, 343.19153574988013, 342.68761166586773, 342.68761166586773, 341.53843262488954, 341.53843262488954, 341.35608054191107, 341.35608054191107, 341.1171280829585, 341.1171280829585, 340.8761221249588, 340.8761221249588, 340.42086808296153, 340.42086808296153, 340.13338891696185, 340.13338891696185, 339.58423695893725, 339.58423695893725, 339.3037681679125, 339.3037681679125, 338.8900580849149, 338.8900580849149, 338.58722754294286, 338.58722754294286, 337.70609470893396, 337.70609470893396, 337.57140054297633, 337.57140054297633, 337.2030886260327, 337.2030886260327, 337.127608210023, 337.127608210023, 337.0613441260066, 337.0613441260066, 336.9952377509908, 336.9952377509908, 336.89672629296547, 336.89672629296547, 336.82024850096786, 336.82024850096786, 336.75840245897416, 336.75840245897416, 336.6478346679942, 336.6478346679942, 336.521548543009, 336.521548543009, 336.38671658496605, 336.38671658496605, 336.2609162099543, 336.2609162099543, 336.09747054299805, 336.09747054299805, 335.90866141801234, 335.90866141801234, 335.87451387703186, 335.87451387703186], "b_time_left": [360, 358.92883608397096, 358.92883608397096, 358.28748283395544, 358.28748283395544, 357.3863965009223, 357.3863965009223, 356.83343983395025, 356.83343983395025, 355.5688501679688, 355.5688501679688, 354.4264747099951, 354.4264747099951, 352.86194341798546, 352.86194341798546, 351.84516404295573, 351.84516404295573, 350.40671287692385, 350.40671287692385, 349.3428080439335, 349.3428080439335, 347.5901539189508, 347.5901539189508, 346.55513987794984, 346.55513987794984, 345.37562746193726, 345.37562746193726, 344.71040667092893, 344.71040667092893, 343.7689090879285, 343.7689090879285, 343.2464392539696, 343.2464392539696, 343.00453008699697, 343.00453008699697, 342.4539339210023, 342.4539339210023, 342.10202150500845, 342.10202150500845, 341.13761429599253, 341.13761429599253, 340.8937205869588, 340.8937205869588, 340.40141883696197, 340.40141883696197, 339.99448317091446, 339.99448317091446, 339.4684279629146, 339.4684279629146, 339.29942237987416, 339.29942237987416, 339.03230225486914, 339.03230225486914, 338.935984337877, 338.935984337877, 338.81722254591295, 338.81722254591295, 338.75460592092713, 338.75460592092713, 338.6608443799778, 338.6608443799778, 338.6176222549402, 338.6176222549402, 338.5319149629213, 338.5319149629213, 338.4747785879299, 338.4747785879299, 338.33237292192644, 338.33237292192644, 338.2915518808877, 338.2915518808877, 338.1472875478794, 338.1472875478794, 338.1087486728793, 338.1087486728793, 337.9080342978705, 337.9080342978705, 337.8570466308156, 337.8570466308156, 337.8520680477959], "a_moves_left": [39, 39, 38, 38, 37, 37, 36, 36, 35, 35, 34, 34, 33, 33, 32, 32, 31, 31, 30, 30, 29, 29, 28, 28, 27, 27, 26, 26, 25, 25, 24, 24, 23, 23, 22, 22, 21, 21, 20, 20, 19, 19, 18, 18, 17, 17, 16, 16, 15, 15, 14, 14, 13, 13, 12, 12, 11, 11, 10, 10, 9, 9, 8, 8, 7, 7, 6, 6, 5, 5, 4, 4, 3, 3, 2, 2, 1, 1, 0, 0], "b_moves_left": [40, 39, 39, 38, 38, 37, 37, 36, 36, 35, 35, 34, 34, 33, 33, 32, 32, 31, 31, 30, 30, 29, 29, 28, 28, 27, 27, 26, 26, 25, 25, 24, 24, 23, 23, 22, 22, 21, 21, 20, 20, 19, 19, 18, 18, 17, 17, 16, 16, 15, 15, 14, 14, 13, 13, 12, 12, 11, 11, 10, 10, 9, 9, 8, 8, 7, 7, 6, 6, 5, 5, 4, 4, 3, 3, 2, 2, 1, 1, 0], "trapdoor_triggered": [0, 0, 0, 0, 0, 0, 0, 0, 0, 0, 0, 0, 0, 0, 0, 0, 0, 0, 0, 0, 0, 0, 0, 0, 0, 0, 0, 0, 0, 0, 0, 0, 0, 0, 0, 0, 0, 0, 0, 0, 0, 0, 0, 0, 0, 0, 0, 0, 0, 0, 0, 0, 0, 0, 0, 0, 0, 0, 0, 0, 0, 0, 0, 0, 0, 0, 0, 0, 0, 0, 0, 0, 0, 0, 0, 0, 0, 0, 0, 0], "left_behind": ["egg", "egg", "plain", "plain", "egg", "egg", "plain", "plain", "egg", "egg", "plain", "plain", "egg", "egg", "plain", "plain", "egg", "egg", "plain", "plain", "egg", "egg", "plain", "turd", "egg", "egg", "plain", "plain", "egg", "egg", "plain", "plain", "egg", "plain", "plain", "plain", "egg", "plain", "plain", "plain", "egg", "plain", "plain", "plain", "egg", "plain", "plain", "plain", "egg", "egg", "plain", "plain", "egg", "plain", "plain", "plain", "egg", "plain", "plain", "plain", "plain", "plain", "plain", "plain", "plain", "plain", "plain", "plain", "plain", "plain", "plain", "plain", "plain", "plain", "plain", "plain", "egg", "plain", "plain", "turd"], "errlog_a": "", "errlog_b": "", "start_time": 360, "start_moves": 40, "turn_count": 80, "result": 0, "reason": "EGGS_LAID", "trapdoors": [[3, 5], [5, 4]], "spawn_a": [7, 5], "spawn_b": [0, 5]}