{"pos": [[0, 3], [7, 3], [0, 2], [7, 2], [0, 1], [7, 1], [0, 0], [7, 0], [1, 0], [7, 1], [2, 0], [6, 1], [2, 1], [6, 2], [2, 2], [6, 3], [2, 1], [6, 4], [1, 1], [6, 5], [2, 1], [6, 6], [3, 1], [7, 6], [3, 0], [6, 6], [4, 0], [6, 7], [5, 0], [6, 6], [5, 1], [5, 6], [5, 2], [4, 6], [4, 2], [4, 5], [4, 1], [4, 6], [3, 1], [3, 6], [2, 1], [2, 6], [2, 2], [2, 5], [1, 2], [2, 4], [1, 3], [1, 4], [1, 2], [2, 4], [1, 1], [2, 3], [1, 0], [7, 4], [2, 0], [6, 4], [3, 0], [5, 4], [4, 0], [4, 4], [4, 1], [4, 3], [5, 1], [4, 4], [4, 1], [3, 4], [5, 1], [7, 4], [4, 1], [7, 3], [3, 1], [7, 2], [2, 1], [6, 2], [2, 2], [5, 2], [2, 1], [6, 2], [3, 1], [5, 2]], "a_eggs_laid": [1, 1, 1, 1, 2, 2, 2, 2, 5, 5, 5, 5, 6, 6, 6, 6, 7, 7, 7, 7, 8, 8, 8, 8, 9, 9, 9, 9, 10, 10, 10, 10, 11, 11, 11, 11, 12, 12, 12, 12, 12, 12, 12, 12, 12, 12, 12, 12, 13, 13, 13, 13, 13, 13, 17, 17, 17, 17, 17, 17, 17, 17, 17, 17, 17, 17, 17, 17, 21, 21, 21, 21, 21, 21, 21, 21, 21, 21, 21, 21], "b_eggs_laid": [0, 1, 1, 1, 1, 2, 2, 2, 2, 5, 5, 5, 5, 6, 6, 6, 6, 7, 7, 7, 7, 8, 8, 8, 8, 9, 9, 9, 9, 10, 10, 10, 10, 11, 11, 11, 11, 12, 12, 12, 12, 13, 13, 13, 13, 14, 14, 14, 14, 15, 15, 15, 15, 16, 16, 16, 16, 16, 16, 17, 17, 17, 17, 18, 18, 18, 18, 19, 19, 19, 19, 19, 19, 19, 19, 19, 19, 19, 19, 19], "a_turds_left": [5, 5, 5, 5, 5, 5, 5, 5, 5, 5, 5, 5, 5, 5, 5, 5, 5, 5, 5, 5, 5, 5, 5, 5, 5, 5, 5, 5, 5, 5, 5, 5, 5, 5, 5, 5, 5, 5, 5, 5, 5, 5, 5, 5, 5, 5, 5, 5, 5, 5, 5, 5, 5, 5, 5, 5, 5, 5, 5, 5, 5, 5, 5, 5, 5, 5, 5, 5, 5, 5, 5, 5, 5, 5, 5, 5, 5, 5, 5, 5], "b_turds_left": [5, 5, 5, 5, 5, 5, 5, 5, 5, 5, 5, 5, 5, 5, 5, 5, 5, 5, 5, 5, 5, 5, 5, 5, 5, 5, 5, 5, 5, 5, 5, 5, 5, 5, 5, 5, 5, 5, 5, 5, 5, 5, 5, 5, 5, 5, 5, 5, 5, 5, 5, 5, 5, 5, 5, 5, 5, 5, 5, 5, 5, 5, 5, 5, 5, 5, 5, 5, 5, 5, 5, 5, 5, 5, 5, 5, 5, 4, 4, 4], "a_time_left": [359.0499671669677, 359.0499671669677, 358.58049949997803, 358.58049949997803, 357.51221829198766, 357.51221829198766, 357.243316166976, 357.243316166976, 356.8443248339463, 356.8443248339463, 356.46119800093584, 356.46119800093584, 354.7327059589443, 354.7327059589443, 353.78387358394684, 353.78387358394684, 351.5635372509132, 351.5635372509132, 350.6213105848874, 350.6213105848874, 348.29392891784664, 348.29392891784664, 347.42510483483784, 347.42510483483784, 346.3106616268633, 346.3106616268633, 345.8105772928684, 345.8105772928684, 344.86778883391526, 344.86778883391526, 344.5211825838778, 344.5211825838778, 343.25659741688287, 343.25659741688287, 342.5958448338788, 342.5958448338788, 341.6971638749237, 341.6971638749237, 341.05188420793274, 341.05188420793274, 340.84492449997924, 340.84492449997924, 340.3423893749714, 340.3423893749714, 340.13892970897723, 340.13892970897723, 339.78545329195913, 339.78545329195913, 339.5682106249733, 339.5682106249733, 339.3040115419426, 339.3040115419426, 339.1580451669288, 339.1580451669288, 338.98960591695504, 338.98960591695504, 338.68709208397195, 338.68709208397195, 338.2930110839661, 338.2930110839661, 338.10789262497565, 338.10789262497565, 337.7295449579833, 337.7295449579833, 337.54633241699776, 337.54633241699776, 337.1336294999928, 337.1336294999928, 337.0417769589694, 337.0417769589694, 336.922419416951, 336.922419416951, 336.81405445793644, 336.81405445793644, 336.6434103329666, 336.6434103329666, 336.5789824159583, 336.5789824159583, 336.5554886239697, 336.5554886239697], "b_time_left": [360, 359.0075926660211, 359.0075926660211, 358.23419200000353, 358.23419200000353, 357.6972170000081, 357.6972170000081, 357.2968580829911, 357.2968580829911, 356.63453237502836, 356.63453237502836, 355.9608155830647, 355.9608155830647, 353.4879805420642, 353.4879805420642, 352.39469529205235, 352.39469529205235, 350.70981716702227, 350.70981716702227, 349.6711954170605, 349.6711954170605, 348.60003533406416, 348.60003533406416, 347.70604875002755, 347.70604875002755, 347.2056716250372, 347.2056716250372, 346.62265450000996, 346.62265450000996, 346.1109113750281, 346.1109113750281, 345.4879450840526, 345.4879450840526, 344.2198225840111, 344.2198225840111, 343.053294167039, 343.053294167039, 342.41958266700385, 342.41958266700385, 342.0270180000225, 342.0270180000225, 341.2501078339992, 341.2501078339992, 340.8164086259785, 340.8164086259785, 339.87519129295833, 339.87519129295833, 339.37086150201503, 339.37086150201503, 339.1783410430071, 339.1783410430071, 338.97189400100615, 338.97189400100615, 338.8279362510075, 338.8279362510075, 338.73658666800475, 338.73658666800475, 338.55220420996193, 338.55220420996193, 338.0389196689939, 338.0389196689939, 337.76901991898194, 337.76901991898194, 337.36955971096177, 337.36955971096177, 337.13858062791405, 337.13858062791405, 336.58505521086045, 336.58505521086045, 336.46132579486584, 336.46132579486584, 336.224828335864, 336.224828335864, 336.1048705438734, 336.1048705438734, 335.885658335872, 335.885658335872, 335.81208712788066, 335.81208712788066, 335.8086339618894], "a_moves_left": [39, 39, 38, 38, 37, 37, 36, 36, 35, 35, 34, 34, 33, 33, 32, 32, 31, 31, 30, 30, 29, 29, 28, 28, 27, 27, 26, 26, 25, 25, 24, 24, 23, 23, 22, 22, 21, 21, 20, 20, 19, 19, 18, 18, 17, 17, 16, 16, 15, 15, 14, 14, 13, 13, 12, 12, 11, 11, 10, 10, 9, 9, 8, 8, 7, 7, 6, 6, 5, 5, 4, 4, 3, 3, 2, 2, 1, 1, 0, 0], "b_moves_left": [40, 39, 39, 38, 38, 37, 37, 36, 36, 35, 35, 34, 34, 33, 33, 32, 32, 31, 31, 30, 30, 29, 29, 28, 28, 27, 27, 26, 26, 25, 25, 24, 24, 23, 23, 22, 22, 21, 21, 20, 20, 19, 19, 18, 18, 17, 17, 16, 16, 15, 15, 14, 14, 13, 13, 12, 12, 11, 11, 10, 10, 9, 9, 8, 8, 7, 7, 6, 6, 5, 5, 4, 4, 3, 3, 2, 2, 1, 1, 0], "trapdoor_triggered": [0, 0, 0, 0, 0, 0, 0, 0, 0, 0, 0, 0, 0, 0, 0, 0, 0, 0, 0, 0, 0, 0, 0, 0, 0, 0, 0, 0, 0, 0, 0, 0, 0, 0, 0, 0, 0, 0, 0, 0, 0, 0, 0, 0, 0, 0, 0, 0, 0, 0, 0, 0, 0, 1, 0, 0, 0, 0, 0, 0, 0, 0, 0, 0, 0, 0, 0, 1, 0, 0, 0, 0, 0, 0, 0, 0, 0, 0, 0, 0], "left_behind": ["egg", "egg", "plain", "plain", "egg", "egg", "plain", "plain", "egg", "egg", "plain", "plain", "egg", "egg", "plain", "plain", "egg", "egg", "plain", "plain", "egg", "egg", "plain", "plain", "egg", "egg", "plain", "plain", "egg", "egg", "plain", "plain", "egg", "egg", "plain", "plain", "egg", "egg", "plain", "plain", "plain", "egg", "plain", "plain", "plain", "egg", "plain", "plain", "egg", "egg", "plain", "plain", "plain", "egg", "plain", "plain", "plain", "plain", "plain", "egg", "plain", "plain", "plain", "egg", "plain", "plain", "plain", "egg", "plain", "plain", "plain", "plain", "plain", "plain", "plain", "plain", "plain", "turd", "plain", "plain"], "errlog_a": "", "errlog_b": "", "start_time": 360, "start_moves": 40, "turn_count": 80, "result": 0, "reason": "EGGS_LAID", "trapdoors": [[3, 3], [3, 2]], "spawn_a": [0, 4], "spawn_b": [7, 4]}