{"pos": [[0, 3], [7, 3], [0, 2], [7, 2], [0, 1], [7, 1], [0, 0], [7, 0], [1, 0], [7, 1], [2, 0], [6, 1], [2, 1], [6, 2], [2, 2], [6, 3], [2, 3], [6, 4], [2, 4], [6, 5], [2, 5], [6, 6], [3, 5], [7, 6], [3, 6], [7, 7], [2, 6], [6, 7], [2, 5], [6, 6], [1, 5], [5, 6], [1, 4], [5, 5], [1, 3], [5, 4], [1, 2], [5, 3], [1, 1], [5, 2], [1, 0], [5, 1], [2, 0], [4, 1], [2, 1], [3, 1], [1, 1], [3, 0], [1, 2], [3, 1], [1, 3], [3, 2], [1, 4], [4, 2], [1, 5], [4, 3], [1, 6], [4, 2], [1, 7], [4, 1], [2, 7], [4, 0], [3, 7], [5, 0], [3, 6], [6, 0], [4, 6], [6, 1], [4, 7], [6, 0], [4, 6], [6, 1], [3, 6], [6, 0], [2, 6], [6, 1], [1, 6], [6, 0], [0, 6], [7, 0]], "a_eggs_laid": [1, 1, 1, 1, 2, 2, 2, 2, 5, 5, 5, 5, 6, 6, 6, 6, 7, 7, 7, 7, 8, 8, 8, 8, 9, 9, 9, 9, 10, 10, 10, 10, 11, 11, 11, 11, 12, 12, 12, 12, 13, 13, 13, 13, 13, 13, 13, 13, 13, 13, 13, 13, 13, 13, 13, 13, 13, 13, 13, 13, 14, 14, 14, 14, 15, 15, 15, 15, 16, 16, 16, 16, 16, 16, 16, 16, 16, 16, 16, 16], "b_eggs_laid": [0, 1, 1, 1, 1, 2, 2, 2, 2, 5, 5, 5, 5, 6, 6, 6, 6, 7, 7, 7, 7, 8, 8, 8, 8, 9, 9, 9, 9, 10, 10, 10, 10, 11, 11, 11, 11, 12, 12, 12, 12, 13, 13, 13, 13, 14, 14, 14, 14, 15, 15, 15, 15, 16, 16, 16, 16, 17, 17, 17, 17, 17, 17, 17, 17, 18, 18, 18, 18, 18, 18, 18, 18, 18, 18, 18, 18, 18, 18, 18], "a_turds_left": [5, 5, 5, 5, 5, 5, 5, 5, 5, 5, 5, 5, 5, 5, 5, 5, 5, 5, 5, 5, 5, 5, 5, 5, 5, 5, 5, 5, 5, 5, 5, 5, 5, 5, 5, 5, 5, 5, 5, 5, 5, 5, 5, 5, 5, 5, 5, 5, 5, 5, 5, 5, 5, 5, 5, 5, 5, 5, 5, 5, 5, 5, 5, 5, 5, 5, 5, 5, 5, 5, 5, 5, 5, 5, 5, 5, 5, 5, 5, 5], "b_turds_left": [5, 5, 5, 5, 5, 5, 5, 5, 5, 5, 5, 5, 5, 5, 5, 5, 5, 5, 5, 5, 5, 5, 5, 5, 5, 5, 5, 5, 5, 5, 5, 5, 5, 5, 5, 5, 5, 5, 5, 5, 5, 5, 5, 5, 5, 5, 5, 5, 5, 5, 5, 5, 5, 5, 5, 5, 5, 5, 5, 5, 5, 5, 5, 5, 5, 5, 5, 5, 5, 5, 5, 5, 5, 5, 5, 5, 5, 5, 5, 4], "a_time_left": [358.76293437497225, 358.76293437497225, 358.20937195792794, 358.20937195792794, 356.98221070790896, 356.98221070790896, 356.57690220791847, 356.57690220791847, 356.05683504091576, 356.05683504091576, 355.6283992489334, 355.6283992489334, 353.7549210409634, 353.7549210409634, 352.7714169579558, 352.7714169579558, 350.2382596239331, 350.2382596239331, 349.16208174894564, 349.16208174894564, 346.9553897069418, 346.9553897069418, 346.0451209989842, 346.0451209989842, 344.13111349893734, 344.13111349893734, 343.7081142909592, 343.7081142909592, 341.93795083195437, 341.93795083195437, 341.47449637396494, 341.47449637396494, 339.95302933297353, 339.95302933297353, 339.48733695800183, 339.48733695800183, 338.2850753740058, 338.2850753740058, 337.8361420399742, 337.8361420399742, 336.2629390810034, 336.2629390810034, 335.89487883099355, 335.89487883099355, 335.4187139979913, 335.4187139979913, 335.2873139149742, 335.2873139149742, 334.9523120399681, 334.9523120399681, 334.6100515809376, 334.6100515809376, 334.12430203997064, 334.12430203997064, 333.8091118320008, 333.8091118320008, 333.2957231239998, 333.2957231239998, 333.0774512490025, 333.0774512490025, 332.74013762403047, 332.74013762403047, 332.58905770699494, 332.58905770699494, 332.12204608198954, 332.12204608198954, 332.0113749569864, 332.0113749569864, 331.58992916502757, 331.58992916502757, 331.5354678320582, 331.5354678320582, 331.4195947070839, 331.4195947070839, 331.29522899904987, 331.29522899904987, 331.1497236240539, 331.1497236240539, 331.131993207091, 331.131993207091], "b_time_left": [360, 358.92198566696607, 358.92198566696607, 358.2485507509555, 358.2485507509555, 357.6475650429493, 357.6475650429493, 357.1977123769466, 357.1977123769466, 356.3975527929724, 356.3975527929724, 355.72677820996614, 355.72677820996614, 353.2288806679426, 353.2288806679426, 352.0906826269347, 352.0906826269347, 350.0068859179737, 350.0068859179737, 349.08713896002155, 349.08713896002155, 346.6412744190311, 346.6412744190311, 345.8005725440453, 345.8005725440453, 344.38163133506896, 344.38163133506896, 344.00769466807833, 344.00769466807833, 343.30986337707145, 343.30986337707145, 342.64192266803, 342.64192266803, 341.9315972930053, 341.9315972930053, 341.26277950103395, 341.26277950103395, 340.65233487606747, 340.65233487606747, 339.9074312510784, 339.9074312510784, 339.59189387608785, 339.59189387608785, 339.30401812604396, 339.30401812604396, 338.91331237601116, 338.91331237601116, 338.6702291679685, 338.6702291679685, 338.30928766797297, 338.30928766797297, 338.02927104302216, 338.02927104302216, 337.5042867930024, 337.5042867930024, 337.18839420902077, 337.18839420902077, 336.14360212604515, 336.14360212604515, 335.7195310430252, 335.7195310430252, 335.55736058502225, 335.55736058502225, 335.18835300102364, 335.18835300102364, 334.7656488339999, 334.7656488339999, 334.3912772090407, 334.3912772090407, 334.32078504300443, 334.32078504300443, 334.1879333349643, 334.1879333349643, 334.0766863769386, 334.0766863769386, 333.9300900429371, 333.9300900429371, 333.89723550196504, 333.89723550196504, 333.89465046091937], "a_moves_left": [39, 39, 38, 38, 37, 37, 36, 36, 35, 35, 34, 34, 33, 33, 32, 32, 31, 31, 30, 30, 29, 29, 28, 28, 27, 27, 26, 26, 25, 25, 24, 24, 23, 23, 22, 22, 21, 21, 20, 20, 19, 19, 18, 18, 17, 17, 16, 16, 15, 15, 14, 14, 13, 13, 12, 12, 11, 11, 10, 10, 9, 9, 8, 8, 7, 7, 6, 6, 5, 5, 4, 4, 3, 3, 2, 2, 1, 1, 0, 0], "b_moves_left": [40, 39, 39, 38, 38, 37, 37, 36, 36, 35, 35, 34, 34, 33, 33, 32, 32, 31, 31, 30, 30, 29, 29, 28, 28, 27, 27, 26, 26, 25, 25, 24, 24, 23, 23, 22, 22, 21, 21, 20, 20, 19, 19, 18, 18, 17, 17, 16, 16, 15, 15, 14, 14, 13, 13, 12, 12, 11, 11, 10, 10, 9, 9, 8, 8, 7, 7, 6, 6, 5, 5, 4, 4, 3, 3, 2, 2, 1, 1, 0], "trapdoor_triggered": [0, 0, 0, 0, 0, 0, 0, 0, 0, 0, 0, 0, 0, 0, 0, 0, 0, 0, 0, 0, 0, 0, 0, 0, 0, 0, 0, 0, 0, 0, 0, 0, 0, 0, 0, 0, 0, 0, 0, 0, 0, 0, 0, 0, 0, 0, 0, 0, 0, 0, 0, 0, 0, 0, 0, 0, 0, 0, 0, 0, 0, 0, 0, 0, 0, 0, 0, 0, 0, 0, 0, 0, 0, 0, 0, 0, 0, 0, 0, 0], "left_behind": ["egg", "egg", "plain", "plain", "egg", "egg", "plain", "plain", "egg", "egg", "plain", "plain", "egg", "egg", "plain", "plain", "egg", "egg", "plain", "plain", "egg", "egg", "plain", "plain", "egg", "egg", "plain", "plain", "egg", "egg", "plain", "plain", "egg", "egg", "plain", "plain", "egg", "egg", "plain", "plain", "egg", "egg", "plain", "plain", "plain", "egg", "plain", "plain", "plain", "egg", "plain", "plain", "plain", "egg", "plain", "plain", "plain", "egg", "plain", "plain", "egg", "plain", "plain", "plain", "egg", "egg", "plain", "plain", "egg", "plain", "plain", "plain", "plain", "plain", "plain", "plain", "plain", "plain", "plain", "turd"], "errlog_a": "", "errlog_b": "", "start_time": 360, "start_moves": 40, "turn_count": 80, "result": 1, "reason": "EGGS_LAID", "trapdoors": [[4, 4], [4, 5]], "spawn_a": [0, 4], "spawn_b": [7, 4]}