{"pos": [[7, 4], [0, 2], [6, 4], [0, 1], [5, 4], [1, 1], [5, 3], [1, 0], [6, 3], [2, 0], [6, 2], [3, 0], [6, 1], [4, 0], [7, 1], [5, 0], [7, 2], [5, 1], [7, 3], [6, 1], [7, 4], [5, 1], [7, 5], [5, 2], [7, 6], [5, 1], [7, 7], [4, 1], [6, 7], [3, 1], [6, 6], [3, 2], [5, 6], [3, 1], [5, 5], [2, 1], [5, 4], [2, 2], [4, 4], [2, 3], [4, 5], [2, 2], [4, 6], [1, 2], [3, 6], [1, 3], [3, 7], [1, 4], [4, 7], [2, 4], [5, 7], [3, 4], [5, 6], [3, 5], [6, 6], [4, 5], [5, 6], [3, 5], [6, 6], [3, 6], [5, 6], [2, 6], [5, 5], [0, 3], [5, 4], [1, 3], [5, 5], [1, 2], [5, 4], [2, 2], [6, 4], [2, 1], [7, 4], [2, 0], [7, 5], [3, 0], [6, 5], [4, 0], [5, 5], [3, 0]], "a_eggs_laid": [1, 1, 1, 1, 2, 2, 2, 2, 3, 3, 3, 3, 4, 4, 4, 4, 5, 5, 5, 5, 5, 5, 5, 5, 6, 6, 6, 6, 9, 9, 9, 9, 10, 10, 10, 10, 11, 11, 11, 11, 12, 12, 12, 12, 13, 13, 13, 13, 14, 14, 14, 14, 15, 15, 15, 15, 15, 15, 15, 15, 15, 15, 15, 15, 19, 19, 19, 19, 19, 19, 19, 19, 19, 19, 19, 19, 19, 19, 19, 19], "b_eggs_laid": [0, 1, 1, 1, 1, 2, 2, 2, 2, 3, 3, 3, 3, 4, 4, 4, 4, 5, 5, 5, 5, 6, 6, 6, 6, 7, 7, 7, 7, 8, 8, 8, 8, 9, 9, 9, 9, 10, 10, 10, 10, 11, 11, 11, 11, 12, 12, 12, 12, 13, 13, 13, 13, 14, 14, 14, 14, 15, 15, 15, 15, 16, 16, 16, 16, 16, 16, 16, 16, 16, 16, 16, 16, 16, 16, 16, 16, 16, 16, 16], "a_turds_left": [5, 5, 5, 5, 5, 5, 5, 5, 5, 5, 4, 4, 4, 4, 4, 4, 4, 4, 3, 3, 3, 3, 3, 3, 3, 3, 2, 2, 2, 2, 1, 1, 1, 1, 1, 1, 1, 1, 1, 1, 1, 1, 1, 1, 1, 1, 1, 1, 1, 1, 1, 1, 1, 1, 1, 1, 1, 1, 1, 1, 1, 1, 1, 1, 1, 1, 1, 1, 1, 1, 1, 1, 1, 1, 1, 1, 1, 1, 1, 1], "b_turds_left": [5, 5, 5, 5, 5, 5, 5, 5, 5, 5, 5, 5, 5, 5, 5, 5, 5, 5, 5, 5, 5, 5, 5, 5, 5, 5, 5, 5, 5, 5, 5, 5, 5, 5, 5, 5, 5, 5, 5, 5, 5, 5, 5, 5, 5, 5, 5, 5, 5, 5, 5, 5, 5, 5, 5, 5, 5, 5, 5, 5, 5, 5, 5, 5, 5, 5, 5, 5, 5, 5, 5, 5, 5, 5, 5, 5, 5, 5, 5, 4], "a_time_left": [358.33382470801007, 358.33382470801007, 357.46365083300043, 357.46365083300043, 355.53396937501384, 355.53396937501384, 353.9336864170036, 353.9336864170036, 352.0652484589955, 352.0652484589955, 351.0737807500409, 351.0737807500409, 349.12253866606625, 349.12253866606625, 348.37419291608967, 348.37419291608967, 347.3362405830994, 347.3362405830994, 346.6922928750864, 346.6922928750864, 346.3192734171171, 346.3192734171171, 345.47593733412214, 345.47593733412214, 343.7711727921269, 343.7711727921269, 343.16473150014644, 343.16473150014644, 341.7040364591521, 341.7040364591521, 341.0120311251376, 341.0120311251376, 338.71003287512576, 338.71003287512576, 337.89982191711897, 337.89982191711897, 335.0803244590643, 335.0803244590643, 334.057780125062, 334.057780125062, 331.4203550830716, 331.4203550830716, 330.6592862920952, 330.6592862920952, 328.0550119591062, 328.0550119591062, 327.2803124591592, 327.2803124591592, 325.74704200116685, 325.74704200116685, 325.2268474602024, 325.2268474602024, 324.33306000218727, 324.33306000218727, 323.9041402101866, 323.9041402101866, 323.7329164601979, 323.7329164601979, 323.3063410441973, 323.3063410441973, 322.9937967112055, 322.9937967112055, 322.4295967532089, 322.4295967532089, 322.24348287819885, 322.24348287819885, 321.98270200320985, 321.98270200320985, 321.81304596120026, 321.81304596120026, 321.562029086228, 321.562029086228, 321.3781674611964, 321.3781674611964, 321.227273711178, 321.227273711178, 321.1329232111457, 321.1329232111457, 321.09471412713174, 321.09471412713174], "b_time_left": [360, 358.1646675419761, 358.1646675419761, 356.9556322499411, 356.9556322499411, 354.9329672079766, 354.9329672079766, 352.9701720409794, 352.9701720409794, 351.93107799999416, 351.93107799999416, 350.81030120898504, 350.81030120898504, 349.08802216802724, 349.08802216802724, 348.27704866800923, 348.27704866800923, 347.78156321001006, 347.78156321001006, 347.41737258498324, 347.41737258498324, 346.74852116801776, 346.74852116801776, 345.5844729599776, 345.5844729599776, 344.9056247509434, 344.9056247509434, 344.3917342929635, 344.3917342929635, 341.97306420997484, 341.97306420997484, 340.65753025194863, 340.65753025194863, 337.7704999189591, 337.7704999189591, 336.3350275019766, 336.3350275019766, 334.2817603359581, 334.2817603359581, 332.01130266999826, 332.01130266999826, 329.5889600039809, 329.5889600039809, 328.3930140869925, 328.3930140869925, 325.98880058701616, 325.98880058701616, 325.183012836962, 325.183012836962, 324.4381102529587, 324.4381102529587, 323.7636522529647, 323.7636522529647, 323.034225128009, 323.034225128009, 322.6925308780046, 322.6925308780046, 322.50715171097545, 322.50715171097545, 322.24127591995057, 322.24127591995057, 321.85815096093575, 321.85815096093575, 321.5586209188914, 321.5586209188914, 321.3983290019096, 321.3983290019096, 321.0772914189147, 321.0772914189147, 320.8554654609179, 320.8554654609179, 320.47405237791827, 320.47405237791827, 320.2984190029092, 320.2984190029092, 320.09736475290265, 320.09736475290265, 320.0304790448863, 320.0304790448863, 320.0244384619291], "a_moves_left": [39, 39, 38, 38, 37, 37, 36, 36, 35, 35, 34, 34, 33, 33, 32, 32, 31, 31, 30, 30, 29, 29, 28, 28, 27, 27, 26, 26, 25, 25, 24, 24, 23, 23, 22, 22, 21, 21, 20, 20, 19, 19, 18, 18, 17, 17, 16, 16, 15, 15, 14, 14, 13, 13, 12, 12, 11, 11, 10, 10, 9, 9, 8, 8, 7, 7, 6, 6, 5, 5, 4, 4, 3, 3, 2, 2, 1, 1, 0, 0], "b_moves_left": [40, 39, 39, 38, 38, 37, 37, 36, 36, 35, 35, 34, 34, 33, 33, 32, 32, 31, 31, 30, 30, 29, 29, 28, 28, 27, 27, 26, 26, 25, 25, 24, 24, 23, 23, 22, 22, 21, 21, 20, 20, 19, 19, 18, 18, 17, 17, 16, 16, 15, 15, 14, 14, 13, 13, 12, 12, 11, 11, 10, 10, 9, 9, 8, 8, 7, 7, 6, 6, 5, 5, 4, 4, 3, 3, 2, 2, 1, 1, 0], "trapdoor_triggered": [0, 0, 0, 0, 0, 0, 0, 0, 0, 0, 0, 0, 0, 0, 0, 0, 0, 0, 0, 0, 0, 0, 0, 0, 0, 0, 0, 0, 0, 0, 0, 0, 0, 0, 0, 0, 0, 0, 0, 0, 0, 0, 0, 0, 0, 0, 0, 0, 0, 0, 0, 0, 0, 0, 0, 0, 0, 0, 0, 0, 0, 0, 0, 1, 0, 0, 0, 0, 0, 0, 0, 0, 0, 0, 0, 0, 0, 0, 0, 0], "left_behind": ["egg", "egg", "plain", "plain", "egg", "egg", "plain", "plain", "egg", "egg", "turd", "plain", "egg", "egg", "plain", "plain", "egg", "egg", "turd", "plain", "plain", "egg", "plain", "plain", "egg", "egg", "turd", "plain", "egg", "egg", "turd", "plain", "egg", "egg", "plain", "plain", "egg", "egg", "plain", "plain", "egg", "egg", "plain", "plain", "egg", "egg", "plain", "plain", "egg", "egg", "plain", "plain", "egg", "egg", "plain", "plain", "plain", "egg", "plain", "plain", "plain", "egg", "plain", "plain", "plain", "plain", "plain", "plain", "plain", "plain", "plain", "plain", "plain", "plain", "plain", "plain", "plain", "plain", "plain", "turd"], "errlog_a": "", "errlog_b": "", "start_time": 360, "start_moves": 40, "turn_count": 80, "result": 0, "reason": "EGGS_LAID", "trapdoors": [[3, 3], [2, 5]], "spawn_a": [7, 3], "spawn_b": [0, 3]}