{"pos": [[0, 3], [7, 3], [0, 2], [7, 2], [0, 1], [7, 1], [0, 0], [7, 0], [1, 0], [7, 1], [2, 0], [6, 1], [2, 1], [6, 2], [2, 2], [5, 2], [2, 3], [4, 2], [0, 4], [4, 1], [1, 4], [4, 0], [1, 5], [3, 0], [2, 5], [4, 0], [3, 5], [5, 0], [4, 5], [6, 0], [5, 5], [5, 0], [6, 5], [6, 0], [6, 6], [6, 1], [5, 6], [7, 1], [4, 6], [6, 1], [3, 6], [5, 1], [2, 6], [6, 1], [2, 7], [6, 2], [1, 7], [6, 3], [1, 6], [5, 3], [0, 6], [4, 3], [0, 5], [4, 4], [0, 4], [3, 4], [1, 4], [7, 4], [1, 3], [7, 5], [1, 2], [6, 5], [1, 1], [7, 5], [2, 1], [6, 5], [3, 1], [7, 5], [3, 2], [6, 5], [3, 3], [7, 5], [2, 3], [6, 5], [1, 3], [7, 5], [1, 4], [7, 4], [1, 5], [7, 3]], "a_eggs_laid": [1, 1, 1, 1, 2, 2, 2, 2, 5, 5, 5, 5, 6, 6, 6, 6, 7, 7, 7, 7, 7, 7, 7, 7, 8, 8, 8, 8, 9, 9, 9, 9, 10, 10, 10, 10, 11, 11, 11, 11, 12, 12, 12, 12, 13, 13, 13, 13, 14, 14, 14, 14, 15, 15, 15, 15, 15, 15, 19, 19, 20, 20, 20, 20, 21, 21, 21, 21, 22, 22, 22, 22, 23, 23, 23, 23, 23, 23, 23, 23], "b_eggs_laid": [0, 1, 1, 1, 1, 2, 2, 2, 2, 5, 5, 5, 5, 6, 6, 6, 6, 7, 7, 11, 11, 12, 12, 12, 12, 13, 13, 13, 13, 14, 14, 14, 14, 14, 14, 14, 14, 14, 14, 14, 14, 14, 14, 14, 14, 14, 14, 14, 14, 15, 15, 15, 15, 16, 16, 16, 16, 17, 17, 17, 17, 17, 17, 18, 18, 18, 18, 18, 18, 18, 18, 18, 18, 18, 18, 18, 18, 18, 18, 18], "a_turds_left": [5, 5, 5, 5, 5, 5, 5, 5, 5, 5, 5, 5, 5, 5, 5, 5, 5, 5, 5, 5, 5, 5, 5, 5, 5, 5, 5, 5, 5, 5, 5, 5, 5, 5, 5, 5, 5, 5, 5, 5, 5, 5, 5, 5, 5, 5, 5, 5, 5, 5, 5, 5, 5, 5, 5, 5, 5, 5, 5, 5, 5, 5, 5, 5, 5, 5, 5, 5, 5, 5, 5, 5, 5, 5, 5, 5, 5, 5, 5, 5], "b_turds_left": [5, 5, 5, 5, 5, 5, 5, 5, 5, 5, 5, 5, 5, 5, 5, 5, 5, 5, 5, 5, 5, 5, 5, 5, 5, 5, 5, 5, 5, 5, 5, 5, 5, 5, 5, 5, 5, 5, 5, 5, 5, 5, 5, 5, 5, 5, 5, 5, 5, 5, 5, 5, 5, 5, 5, 5, 5, 5, 5, 5, 5, 5, 5, 5, 5, 5, 5, 5, 5, 5, 5, 5, 5, 5, 5, 5, 5, 5, 5, 5], "a_time_left": [358.96782075002557, 358.96782075002557, 358.47637804201804, 358.47637804201804, 357.3755355840549, 357.3755355840549, 357.01552250009263, 357.01552250009263, 356.5234517501085, 356.5234517501085, 356.11742679111194, 356.11742679111194, 354.28049704106525, 354.28049704106525, 353.28107262507547, 353.28107262507547, 350.45418125006836, 350.45418125006836, 349.45432387507753, 349.45432387507753, 348.9407829170814, 348.9407829170814, 348.3092692500795, 348.3092692500795, 346.9468220000854, 346.9468220000854, 346.5007297080592, 346.5007297080592, 344.8710618330515, 344.8710618330515, 344.61575758300023, 344.61575758300023, 344.1806945829885, 344.1806945829885, 343.9663410410285, 343.9663410410285, 343.108139457996, 343.108139457996, 342.8518630419858, 342.8518630419858, 341.75921291694976, 341.75921291694976, 341.27232316695154, 341.27232316695154, 340.5273809589562, 340.5273809589562, 340.1830287919729, 340.1830287919729, 338.90703808300896, 338.90703808300896, 338.36712804203853, 338.36712804203853, 337.5940171670518, 337.5940171670518, 337.2286126250401, 337.2286126250401, 336.9516195420292, 336.9516195420292, 336.74515037599485, 336.74515037599485, 335.85220658400794, 335.85220658400794, 335.4421822920558, 335.4421822920558, 334.8340795840486, 334.8340795840486, 334.676557918021, 334.676557918021, 334.318462293013, 334.318462293013, 334.14290925097885, 334.14290925097885, 333.8327081259922, 333.8327081259922, 333.6901921260287, 333.6901921260287, 333.50752133503556, 333.50752133503556, 333.4957460430451, 333.4957460430451], "b_time_left": [360, 358.96958016598364, 358.96958016598364, 358.36664037394803, 358.36664037394803, 357.5690314989188, 357.5690314989188, 357.06930079089943, 357.06930079089943, 356.2196272079018, 356.2196272079018, 355.4913447079016, 355.4913447079016, 352.89730920788134, 352.89730920788134, 351.85944862489123, 351.85944862489123, 350.26843537489185, 350.26843537489185, 349.91428758291295, 349.91428758291295, 348.17025191691937, 348.17025191691937, 347.4042605829309, 347.4042605829309, 346.35408774990356, 346.35408774990356, 345.8445768749225, 345.8445768749225, 344.9988700419199, 344.9988700419199, 344.31555679196026, 344.31555679196026, 343.9143705839524, 343.9143705839524, 343.2456179589499, 343.2456179589499, 342.7704952089698, 342.7704952089698, 342.1333261259715, 342.1333261259715, 341.756825541961, 341.756825541961, 340.7169218339841, 340.7169218339841, 340.47138791700127, 340.47138791700127, 339.7414354580105, 339.7414354580105, 338.97203904099297, 338.97203904099297, 338.4045144569827, 338.4045144569827, 337.99515916599194, 337.99515916599194, 337.81854458298767, 337.81854458298767, 337.2982574169873, 337.2982574169873, 336.90605012502056, 336.90605012502056, 336.71110741602024, 336.71110741602024, 336.058176124061, 336.058176124061, 335.9344754990889, 335.9344754990889, 335.7687704990385, 335.7687704990385, 335.64065349905286, 335.64065349905286, 335.50892420706805, 335.50892420706805, 335.40218329103664, 335.40218329103664, 335.34978550003143, 335.34978550003143, 335.2872842500219, 335.2872842500219, 335.2849642090732], "a_moves_left": [39, 39, 38, 38, 37, 37, 36, 36, 35, 35, 34, 34, 33, 33, 32, 32, 31, 31, 30, 30, 29, 29, 28, 28, 27, 27, 26, 26, 25, 25, 24, 24, 23, 23, 22, 22, 21, 21, 20, 20, 19, 19, 18, 18, 17, 17, 16, 16, 15, 15, 14, 14, 13, 13, 12, 12, 11, 11, 10, 10, 9, 9, 8, 8, 7, 7, 6, 6, 5, 5, 4, 4, 3, 3, 2, 2, 1, 1, 0, 0], "b_moves_left": [40, 39, 39, 38, 38, 37, 37, 36, 36, 35, 35, 34, 34, 33, 33, 32, 32, 31, 31, 30, 30, 29, 29, 28, 28, 27, 27, 26, 26, 25, 25, 24, 24, 23, 23, 22, 22, 21, 21, 20, 20, 19, 19, 18, 18, 17, 17, 16, 16, 15, 15, 14, 14, 13, 13, 12, 12, 11, 11, 10, 10, 9, 9, 8, 8, 7, 7, 6, 6, 5, 5, 4, 4, 3, 3, 2, 2, 1, 1, 0], "trapdoor_triggered": [0, 0, 0, 0, 0, 0, 0, 0, 0, 0, 0, 0, 0, 0, 0, 0, 0, 0, 1, 0, 0, 0, 0, 0, 0, 0, 0, 0, 0, 0, 0, 0, 0, 0, 0, 0, 0, 0, 0, 0, 0, 0, 0, 0, 0, 0, 0, 0, 0, 0, 0, 0, 0, 0, 0, 0, 0, 1, 0, 0, 0, 0, 0, 0, 0, 0, 0, 0, 0, 0, 0, 0, 0, 0, 0, 0, 0, 0, 0, 0], "left_behind": ["egg", "egg", "plain", "plain", "egg", "egg", "plain", "plain", "egg", "egg", "plain", "plain", "egg", "egg", "plain", "plain", "egg", "egg", "plain", "plain", "plain", "egg", "plain", "plain", "egg", "egg", "plain", "plain", "egg", "egg", "plain", "plain", "egg", "plain", "plain", "plain", "egg", "plain", "plain", "plain", "egg", "plain", "plain", "plain", "egg", "plain", "plain", "plain", "egg", "egg", "plain", "plain", "egg", "egg", "plain", "plain", "plain", "egg", "plain", "plain", "egg", "plain", "plain", "egg", "egg", "plain", "plain", "plain", "egg", "plain", "plain", "plain", "egg", "plain", "plain", "plain", "plain", "plain", "plain", "plain"], "errlog_a": "", "errlog_b": "", "start_time": 360, "start_moves": 40, "turn_count": 80, "result": 0, "reason": "EGGS_LAID", "trapdoors": [[2, 4], [5, 4]], "spawn_a": [0, 4], "spawn_b": [7, 4]}