{"pos": [[7, 2], [0, 2], [7, 1], [0, 1], [7, 2], [1, 1], [6, 2], [1, 0], [6, 1], [2, 0], [5, 1], [3, 0], [6, 1], [3, 1], [6, 0], [4, 1], [7, 0], [4, 0], [7, 1], [5, 0], [7, 2], [4, 0], [7, 3], [4, 1], [7, 4], [3, 1], [6, 4], [3, 2], [7, 4], [3, 1], [7, 5], [2, 1], [7, 6], [2, 2], [7, 7], [0, 3], [6, 7], [0, 2], [6, 6], [1, 2], [5, 6], [1, 3], [5, 7], [0, 3], [5, 6], [1, 3], [5, 5], [0, 3], [5, 6], [1, 3], [4, 6], [1, 4], [4, 7], [0, 3], [3, 7], [0, 4], [3, 6], [0, 5], [2, 6], [0, 4], [2, 7], [0, 3], [1, 7], [0, 2], [1, 6], [1, 2], [1, 5], [2, 2], [2, 5], [0, 3], [7, 3], [0, 2], [7, 2], [0, 1], [7, 1], [1, 1], [7, 2], [1, 0], [6, 2], [0, 0]], "a_eggs_laid": [1, 1, 1, 1, 2, 2, 2, 2, 3, 3, 3, 3, 4, 4, 4, 4, 5, 5, 5, 5, 5, 5, 5, 5, 5, 5, 5, 5, 6, 6, 6, 6, 7, 7, 7, 7, 14, 14, 14, 14, 15, 15, 15, 15, 20, 20, 20, 20, 25, 25, 25, 25, 26, 26, 30, 30, 31, 31, 31, 31, 32, 32, 32, 32, 33, 33, 33, 33, 34, 34, 38, 38, 38, 38, 38, 38, 38, 38, 38, 38], "b_eggs_laid": [0, 1, 1, 1, 1, 2, 2, 2, 2, 3, 3, 3, 3, 4, 4, 4, 4, 5, 5, 5, 5, 6, 6, 6, 6, 6, 6, 6, 6, 7, 7, 7, 7, 8, 8, 8, 8, 8, 8, 8, 8, 9, 9, 9, 9, 9, 9, 9, 9, 9, 9, 9, 9, 10, 10, 10, 10, 10, 10, 11, 11, 11, 11, 11, 11, 11, 11, 11, 11, 11, 11, 15, 15, 15, 15, 15, 15, 15, 15, 15], "a_turds_left": [5, 5, 5, 5, 5, 5, 5, 5, 5, 5, 5, 5, 5, 5, 5, 5, 5, 5, 5, 5, 5, 5, 5, 5, 5, 5, 5, 5, 5, 5, 5, 5, 5, 5, 4, 4, 4, 4, 4, 4, 4, 4, 4, 4, 4, 4, 4, 4, 4, 4, 4, 4, 4, 4, 4, 4, 4, 4, 3, 3, 3, 3, 3, 3, 3, 3, 3, 3, 3, 3, 3, 3, 3, 3, 3, 3, 3, 3, 3, 3], "b_turds_left": [5, 5, 5, 5, 5, 5, 5, 5, 5, 5, 5, 5, 5, 5, 5, 5, 5, 5, 5, 5, 5, 5, 5, 5, 5, 5, 5, 5, 5, 5, 5, 5, 5, 5, 5, 5, 5, 5, 5, 5, 5, 5, 5, 5, 5, 5, 5, 5, 5, 5, 5, 5, 5, 5, 5, 5, 5, 5, 5, 5, 5, 5, 5, 5, 5, 5, 5, 5, 5, 5, 5, 5, 5, 5, 5, 5, 5, 5, 5, 5], "a_time_left": [355.98551908298396, 355.98551908298396, 354.2430217079818, 354.2430217079818, 348.5889549169806, 348.5889549169806, 346.213166749978, 346.213166749978, 341.0215801669401, 341.0215801669401, 338.4906191669288, 338.4906191669288, 334.5670389169245, 334.5670389169245, 332.1964508329402, 332.1964508329402, 329.8401624999242, 329.8401624999242, 329.54191729193553, 329.54191729193553, 329.05562095792266, 329.05562095792266, 328.6077759579057, 328.6077759579057, 327.9911403329461, 327.9911403329461, 326.16255324997474, 326.16255324997474, 319.6449907499482, 319.6449907499482, 318.4755779579282, 318.4755779579282, 312.58791283296887, 312.58791283296887, 311.2469660419738, 311.2469660419738, 310.62064483296126, 310.62064483296126, 309.87242233293364, 309.87242233293364, 305.6528361659148, 305.6528361659148, 303.5622249158914, 303.5622249158914, 302.2487149579101, 302.2487149579101, 300.2134066239232, 300.2134066239232, 297.85750291490695, 297.85750291490695, 296.42987912287936, 296.42987912287936, 290.451815580891, 290.451815580891, 289.8755937059177, 289.8755937059177, 287.6326333308825, 287.6326333308825, 284.6333580398932, 284.6333580398932, 283.3997134989477, 283.3997134989477, 282.93146908294875, 282.93146908294875, 282.2491572079598, 282.2491572079598, 281.3868604580057, 281.3868604580057, 279.66754395799944, 279.66754395799944, 278.84965333301807, 278.84965333301807, 278.59052416699706, 278.59052416699706, 278.14842304197373, 278.14842304197373, 277.759140249982, 277.759140249982, 277.7326958749327, 277.7326958749327], "b_time_left": [360, 357.5088419590029, 357.5088419590029, 355.3314849999733, 355.3314849999733, 353.4273902910063, 353.4273902910063, 350.101837499009, 350.101837499009, 346.89912308298517, 346.89912308298517, 344.38211787398905, 344.38211787398905, 342.5047750410158, 342.5047750410158, 340.2408571660053, 340.2408571660053, 339.59736695798347, 339.59736695798347, 339.12045029195724, 339.12045029195724, 338.8186657089391, 338.8186657089391, 338.1587839589338, 338.1587839589338, 336.64325462596025, 336.64325462596025, 333.4605419599684, 333.4605419599684, 330.21155012596864, 330.21155012596864, 327.9812851679744, 327.9812851679744, 325.2876980009605, 325.2876980009605, 324.21839254297083, 324.21839254297083, 323.62038691795897, 323.62038691795897, 322.01701612595934, 322.01701612595934, 317.44542983494466, 317.44542983494466, 315.8684163769358, 315.8684163769358, 314.9128526679124, 314.9128526679124, 311.92635620891815, 311.92635620891815, 311.3285959169152, 311.3285959169152, 308.8026777089108, 308.8026777089108, 306.8342356249341, 306.8342356249341, 306.0977733329637, 306.0977733329637, 304.9564273330034, 304.9564273330034, 303.6174649579916, 303.6174649579916, 303.20698591700057, 303.20698591700057, 302.7324196260306, 302.7324196260306, 302.2201323339832, 302.2201323339832, 301.74901533400407, 301.74901533400407, 300.36284483398777, 300.36284483398777, 300.1380197919789, 300.1380197919789, 299.8459756670054, 299.8459756670054, 299.5931051669759, 299.5931051669759, 299.4694526249659, 299.4694526249659, 299.4644401249243], "a_moves_left": [39, 39, 38, 38, 37, 37, 36, 36, 35, 35, 34, 34, 33, 33, 32, 32, 31, 31, 30, 30, 29, 29, 28, 28, 27, 27, 26, 26, 25, 25, 24, 24, 23, 23, 22, 22, 21, 21, 20, 20, 19, 19, 18, 18, 17, 17, 16, 16, 15, 15, 14, 14, 13, 13, 12, 12, 11, 11, 10, 10, 9, 9, 8, 8, 7, 7, 6, 6, 5, 5, 4, 4, 3, 3, 2, 2, 1, 1, 0, 0], "b_moves_left": [40, 39, 39, 38, 38, 37, 37, 36, 36, 35, 35, 34, 34, 33, 33, 32, 32, 31, 31, 30, 30, 29, 29, 28, 28, 27, 27, 26, 26, 25, 25, 24, 24, 23, 23, 22, 22, 21, 21, 20, 20, 19, 19, 18, 18, 17, 17, 16, 16, 15, 15, 14, 14, 13, 13, 12, 12, 11, 11, 10, 10, 9, 9, 8, 8, 7, 7, 6, 6, 5, 5, 4, 4, 3, 3, 2, 2, 1, 1, 0], "trapdoor_triggered": [0, 0, 0, 0, 0, 0, 0, 0, 0, 0, 0, 0, 0, 0, 0, 0, 0, 0, 0, 0, 0, 0, 0, 0, 0, 0, 0, 0, 0, 0, 0, 0, 0, 0, 0, 1, 0, 0, 0, 0, 0, 0, 0, 1, 0, 0, 0, 1, 0, 0, 0, 0, 0, 1, 0, 0, 0, 0, 0, 0, 0, 0, 0, 0, 0, 0, 0, 0, 0, 1, 1, 0, 0, 0, 0, 0, 0, 0, 0, 0], "left_behind": ["egg", "egg", "plain", "plain", "egg", "egg", "plain", "plain", "egg", "egg", "plain", "plain", "egg", "egg", "plain", "plain", "egg", "egg", "plain", "plain", "plain", "egg", "plain", "plain", "plain", "plain", "plain", "plain", "egg", "egg", "plain", "plain", "egg", "egg", "turd", "plain", "egg", "plain", "plain", "plain", "egg", "egg", "plain", "plain", "egg", "plain", "plain", "plain", "egg", "plain", "plain", "plain", "egg", "egg", "plain", "plain", "egg", "plain", "turd", "egg", "egg", "plain", "plain", "plain", "egg", "plain", "plain", "plain", "egg", "plain", "plain", "plain", "plain", "plain", "plain", "plain", "plain", "plain", "plain", "plain"], "errlog_a": "", "errlog_b": "", "start_time": 360, "start_moves": 40, "turn_count": 80, "result": 0, "reason": "EGGS_LAID", "trapdoors": [[2, 4], [2, 3]], "spawn_a": [7, 3], "spawn_b": [0, 3]}