{"pos": [[7, 2], [0, 2], [7, 1], [0, 1], [6, 1], [1, 1], [6, 2], [2, 1], [6, 3], [2, 2], [6, 4], [0, 3], [6, 5], [0, 4], [6, 6], [1, 4], [5, 6], [1, 5], [4, 6], [2, 5], [4, 7], [2, 6], [5, 7], [3, 6], [6, 7], [2, 6], [7, 7], [2, 7], [7, 6], [2, 6], [7, 5], [1, 6], [6, 5], [1, 5], [7, 3], [0, 5], [6, 3], [0, 6], [5, 3], [0, 7], [5, 2], [1, 7], [5, 1], [1, 6], [5, 0], [1, 5], [4, 0], [1, 4], [4, 1], [1, 3], [3, 1], [1, 2], [4, 1], [1, 1], [4, 2], [1, 0], [5, 2], [1, 1], [6, 2], [1, 2], [6, 1], [2, 2], [6, 0], [2, 3], [6, 1], [2, 4], [6, 2], [3, 4], [5, 2], [3, 5], [6, 2], [4, 5], [5, 2], [0, 3], [5, 3], [0, 2], [6, 3], [0, 1], [6, 4], [0, 0]], "a_eggs_laid": [1, 1, 1, 1, 2, 2, 2, 2, 3, 3, 3, 3, 8, 8, 8, 8, 9, 9, 9, 9, 10, 10, 10, 10, 11, 11, 11, 11, 14, 14, 14, 14, 15, 15, 15, 15, 15, 15, 15, 15, 16, 16, 16, 16, 17, 17, 17, 17, 18, 18, 18, 18, 18, 18, 18, 18, 19, 19, 19, 19, 19, 19, 19, 19, 20, 20, 20, 20, 20, 20, 20, 20, 20, 20, 24, 24, 24, 24, 24, 24], "b_eggs_laid": [0, 1, 1, 1, 1, 2, 2, 2, 2, 3, 3, 3, 3, 3, 3, 3, 3, 4, 4, 4, 4, 5, 5, 5, 5, 6, 6, 6, 6, 7, 7, 7, 7, 8, 8, 12, 12, 13, 13, 13, 13, 16, 16, 16, 16, 16, 16, 16, 16, 16, 16, 16, 16, 17, 17, 17, 17, 18, 18, 18, 18, 18, 18, 18, 18, 19, 19, 19, 19, 20, 20, 20, 20, 21, 21, 21, 21, 21, 21, 21], "a_turds_left": [5, 5, 5, 5, 5, 5, 5, 5, 5, 5, 5, 5, 5, 5, 5, 5, 5, 5, 5, 5, 5, 5, 5, 5, 5, 5, 5, 5, 5, 5, 5, 5, 5, 5, 5, 5, 5, 5, 5, 5, 5, 5, 5, 5, 5, 5, 5, 5, 5, 5, 5, 5, 4, 4, 4, 4, 4, 4, 4, 4, 4, 4, 4, 4, 4, 4, 4, 4, 4, 4, 4, 4, 4, 4, 4, 4, 4, 4, 4, 4], "b_turds_left": [5, 5, 5, 5, 5, 5, 5, 5, 5, 5, 5, 5, 5, 5, 5, 5, 5, 5, 5, 5, 5, 5, 5, 5, 5, 5, 5, 5, 5, 5, 5, 5, 5, 5, 5, 5, 5, 5, 5, 5, 5, 5, 5, 5, 5, 5, 5, 5, 5, 5, 5, 4, 4, 4, 4, 4, 4, 4, 4, 4, 4, 4, 4, 4, 4, 4, 4, 4, 4, 4, 4, 4, 4, 4, 4, 4, 4, 4, 4, 4], "a_time_left": [358.73685979197035, 358.73685979197035, 358.1610770840198, 358.1610770840198, 356.51002104301006, 356.51002104301006, 355.4979058339959, 355.4979058339959, 352.59140908397967, 352.59140908397967, 351.1690102929715, 351.1690102929715, 350.3290802509873, 350.3290802509873, 349.43059391796123, 349.43059391796123, 346.6429852929432, 346.6429852929432, 345.6768188759452, 345.6768188759452, 343.61763245996553, 343.61763245996553, 343.1928914189921, 343.1928914189921, 342.18672921095276, 342.18672921095276, 341.8193217109656, 341.8193217109656, 341.36863583599916, 341.36863583599916, 341.17296058597276, 341.17296058597276, 339.8276948359562, 339.8276948359562, 339.4318177109817, 339.4318177109817, 339.0241990859504, 339.0241990859504, 338.76678912795614, 338.76678912795614, 338.00374358694535, 338.00374358694535, 337.77480062795803, 337.77480062795803, 337.2386248779367, 337.2386248779367, 337.0000420449069, 337.0000420449069, 336.23763179493835, 336.23763179493835, 335.36365529493196, 335.36365529493196, 333.80043429497164, 333.80043429497164, 333.4352329199319, 333.4352329199319, 332.62975596194156, 332.62975596194156, 332.4201586289564, 332.4201586289564, 332.273369670962, 332.273369670962, 331.9590876289294, 331.9590876289294, 330.9054997129133, 330.9054997129133, 330.4728651299374, 330.4728651299374, 329.94795683794655, 329.94795683794655, 329.5655555879348, 329.5655555879348, 329.16010746295797, 329.16010746295797, 329.0053212129278, 329.0053212129278, 328.87825496296864, 328.87825496296864, 328.8666801289655, 328.8666801289655], "b_time_left": [360, 358.9280173329753, 358.9280173329753, 358.29114274994936, 358.29114274994936, 356.8582222079858, 356.8582222079858, 355.56456429098034, 355.56456429098034, 353.4508855829481, 353.4508855829481, 351.64771595795173, 351.64771595795173, 351.023531041923, 351.023531041923, 350.14895150094526, 350.14895150094526, 347.9760248339735, 347.9760248339735, 346.76844470895594, 346.76844470895594, 345.0821656679618, 345.0821656679618, 344.17730341793504, 344.17730341793504, 343.344778500963, 343.344778500963, 342.7426631679991, 342.7426631679991, 341.918737627042, 341.918737627042, 341.0190329600591, 341.0190329600591, 339.9295417520334, 339.9295417520334, 339.5742375020636, 339.5742375020636, 338.6469845020911, 338.6469845020911, 337.70494808611693, 337.70494808611693, 336.86134083609795, 336.86134083609795, 336.24968025210546, 336.24968025210546, 335.9052049611346, 335.9052049611346, 335.3710785031435, 335.3710785031435, 335.0148915441241, 335.0148915441241, 334.27867237717146, 334.27867237717146, 333.71407337719575, 333.71407337719575, 333.03137600224, 333.03137600224, 332.56250425224425, 332.56250425224425, 332.3349296692759, 332.3349296692759, 332.1381747532869, 332.1381747532869, 331.7907202532515, 331.7907202532515, 331.28227766923374, 331.28227766923374, 330.9098787102266, 330.9098787102266, 330.1921197522315, 330.1921197522315, 329.85872316820314, 329.85872316820314, 329.32044591818703, 329.32044591818703, 329.19964796019485, 329.19964796019485, 329.15236258518416, 329.15236258518416, 329.15037483518245], "a_moves_left": [39, 39, 38, 38, 37, 37, 36, 36, 35, 35, 34, 34, 33, 33, 32, 32, 31, 31, 30, 30, 29, 29, 28, 28, 27, 27, 26, 26, 25, 25, 24, 24, 23, 23, 22, 22, 21, 21, 20, 20, 19, 19, 18, 18, 17, 17, 16, 16, 15, 15, 14, 14, 13, 13, 12, 12, 11, 11, 10, 10, 9, 9, 8, 8, 7, 7, 6, 6, 5, 5, 4, 4, 3, 3, 2, 2, 1, 1, 0, 0], "b_moves_left": [40, 39, 39, 38, 38, 37, 37, 36, 36, 35, 35, 34, 34, 33, 33, 32, 32, 31, 31, 30, 30, 29, 29, 28, 28, 27, 27, 26, 26, 25, 25, 24, 24, 23, 23, 22, 22, 21, 21, 20, 20, 19, 19, 18, 18, 17, 17, 16, 16, 15, 15, 14, 14, 13, 13, 12, 12, 11, 11, 10, 10, 9, 9, 8, 8, 7, 7, 6, 6, 5, 5, 4, 4, 3, 3, 2, 2, 1, 1, 0], "trapdoor_triggered": [0, 0, 0, 0, 0, 0, 0, 0, 0, 0, 0, 1, 0, 0, 0, 0, 0, 0, 0, 0, 0, 0, 0, 0, 0, 0, 0, 0, 0, 0, 0, 0, 0, 0, 1, 0, 0, 0, 0, 0, 0, 0, 0, 0, 0, 0, 0, 0, 0, 0, 0, 0, 0, 0, 0, 0, 0, 0, 0, 0, 0, 0, 0, 0, 0, 0, 0, 0, 0, 0, 0, 0, 0, 1, 0, 0, 0, 0, 0, 0], "left_behind": ["egg", "egg", "plain", "plain", "egg", "egg", "plain", "plain", "egg", "egg", "plain", "plain", "egg", "plain", "plain", "plain", "egg", "egg", "plain", "plain", "egg", "egg", "plain", "plain", "egg", "egg", "plain", "plain", "egg", "egg", "plain", "plain", "egg", "egg", "plain", "plain", "plain", "egg", "plain", "plain", "egg", "egg", "plain", "plain", "egg", "plain", "plain", "plain", "egg", "plain", "plain", "turd", "turd", "egg", "plain", "plain", "egg", "egg", "plain", "plain", "plain", "plain", "plain", "plain", "egg", "egg", "plain", "plain", "plain", "egg", "plain", "plain", "plain", "egg", "plain", "plain", "plain", "plain", "plain", "plain"], "errlog_a": "", "errlog_b": "", "start_time": 360, "start_moves": 40, "turn_count": 80, "result": 0, "reason": "EGGS_LAID", "trapdoors": [[5, 5], [3, 2]], "spawn_a": [7, 3], "spawn_b": [0, 3]}