{"pos": [[0, 3], [7, 3], [0, 2], [7, 2], [0, 1], [7, 1], [0, 0], [7, 0], [1, 0], [7, 1], [2, 0], [6, 1], [2, 1], [6, 2], [3, 1], [6, 3], [2, 1], [6, 4], [0, 4], [6, 5], [1, 4], [6, 6], [1, 3], [7, 6], [1, 2], [6, 6], [1, 1], [6, 7], [1, 0], [6, 6], [1, 1], [5, 6], [1, 0], [4, 6], [1, 1], [4, 5], [1, 0], [4, 6], [1, 1], [4, 7], [1, 0], [4, 6], [1, 1], [3, 6], [1, 2], [3, 5], [0, 4], [2, 5], [0, 3], [2, 4], [0, 2], [2, 3], [0, 3], [3, 3], [1, 3], [3, 4], [1, 4], [2, 4], [1, 5], [2, 5], [1, 6], [2, 6], [0, 6], [2, 7], [0, 5], [1, 7], [0, 4], [0, 7], [0, 3], [1, 7], [0, 2], [1, 6], [0, 1], [2, 6], [1, 1], [2, 5], [1, 0], [2, 6], [1, 1], [2, 7]], "a_eggs_laid": [1, 1, 1, 1, 2, 2, 2, 2, 5, 5, 5, 5, 6, 6, 6, 6, 7, 7, 7, 7, 7, 7, 7, 7, 8, 8, 8, 8, 9, 9, 9, 9, 9, 9, 9, 9, 9, 9, 9, 9, 9, 9, 9, 9, 9, 9, 9, 9, 9, 9, 9, 9, 9, 9, 9, 9, 9, 9, 9, 9, 10, 10, 10, 10, 11, 11, 11, 11, 11, 11, 11, 11, 11, 11, 11, 11, 11, 11, 11, 11], "b_eggs_laid": [0, 1, 1, 1, 1, 2, 2, 2, 2, 5, 5, 5, 5, 6, 6, 6, 6, 7, 7, 11, 11, 12, 12, 12, 12, 13, 13, 13, 13, 14, 14, 14, 14, 15, 15, 15, 15, 16, 16, 16, 16, 17, 17, 17, 17, 18, 18, 22, 22, 23, 23, 23, 23, 24, 24, 24, 24, 25, 25, 25, 25, 25, 25, 25, 25, 26, 26, 26, 26, 29, 29, 29, 29, 30, 30, 30, 30, 30, 30, 30], "a_turds_left": [5, 5, 5, 5, 5, 5, 5, 5, 5, 5, 5, 5, 5, 5, 5, 5, 5, 5, 5, 5, 5, 5, 5, 5, 5, 5, 5, 5, 5, 5, 5, 5, 5, 5, 5, 5, 5, 5, 5, 5, 5, 5, 5, 5, 5, 5, 5, 5, 5, 5, 5, 5, 5, 5, 5, 5, 5, 5, 5, 5, 5, 5, 5, 5, 5, 5, 5, 5, 5, 5, 5, 5, 5, 5, 5, 5, 5, 5, 5, 5], "b_turds_left": [5, 5, 5, 5, 5, 5, 5, 5, 5, 5, 5, 5, 5, 5, 5, 5, 5, 5, 5, 5, 5, 5, 5, 5, 5, 5, 5, 5, 5, 5, 5, 5, 5, 5, 5, 5, 5, 5, 5, 5, 5, 5, 5, 5, 5, 5, 5, 5, 5, 5, 5, 5, 5, 5, 5, 4, 4, 4, 4, 3, 3, 3, 3, 3, 3, 3, 3, 3, 3, 3, 3, 3, 3, 3, 3, 3, 3, 3, 3, 2], "a_time_left": [358.64010058296844, 358.64010058296844, 357.90976612397935, 357.90976612397935, 356.38026562397135, 356.38026562397135, 355.8231797069893, 355.8231797069893, 355.0043101659976, 355.0043101659976, 354.2865485409857, 354.2865485409857, 351.8155961249722, 351.8155961249722, 350.2863656669506, 350.2863656669506, 347.20233016693965, 347.20233016693965, 345.81033824995393, 345.81033824995393, 345.14565037499415, 345.14565037499415, 343.4783115410246, 343.4783115410246, 341.3412643330521, 341.3412643330521, 340.22033687506337, 340.22033687506337, 338.7018322501099, 338.7018322501099, 338.2867974580731, 338.2867974580731, 337.63570279208943, 337.63570279208943, 336.96181612607324, 336.96181612607324, 336.2196070011123, 336.2196070011123, 335.54832733410876, 335.54832733410876, 335.0409642510931, 335.0409642510931, 334.63532716810005, 334.63532716810005, 333.9495867101359, 333.9495867101359, 333.0482200431288, 333.0482200431288, 332.6974122931133, 332.6974122931133, 332.1787036260939, 332.1787036260939, 331.8609207920963, 331.8609207920963, 331.2154071670957, 331.2154071670957, 330.8295114591019, 330.8295114591019, 330.72022529208334, 330.72022529208334, 330.46302804211155, 330.46302804211155, 330.3652014170657, 330.3652014170657, 329.73325820907485, 329.73325820907485, 329.62951550108846, 329.62951550108846, 329.58812208409654, 329.58812208409654, 329.48304295912385, 329.48304295912385, 329.3304192091455, 329.3304192091455, 329.20641429314855, 329.20641429314855, 329.07575704314513, 329.07575704314513, 329.04338025214383, 329.04338025214383], "b_time_left": [360, 358.343005792005, 358.343005792005, 357.307878334017, 357.307878334017, 356.3787042089971, 356.3787042089971, 355.53180337598315, 355.53180337598315, 354.20403125102166, 354.20403125102166, 353.11708904302213, 353.11708904302213, 348.92254979303107, 348.92254979303107, 346.94615746004274, 346.94615746004274, 343.788993460068, 343.788993460068, 343.3494968350278, 343.3494968350278, 339.4643954600324, 339.4643954600324, 338.1155507930671, 338.1155507930671, 336.2418903351063, 336.2418903351063, 334.7481197100715, 334.7481197100715, 334.3484255850781, 334.3484255850781, 333.79796954308404, 333.79796954308404, 333.18819837708725, 333.18819837708725, 332.45493916911073, 332.45493916911073, 331.77961525315186, 331.77961525315186, 331.13072433619527, 331.13072433619527, 330.6871745021781, 330.6871745021781, 330.07105775218224, 330.07105775218224, 328.37063804420177, 328.37063804420177, 327.67876625224017, 327.67876625224017, 326.95029412722215, 326.95029412722215, 326.39482637727633, 326.39482637727633, 325.82833525224123, 325.82833525224123, 325.3207205852377, 325.3207205852377, 324.0530154602602, 324.0530154602602, 323.33719321026, 323.33719321026, 322.8993891682476, 322.8993891682476, 322.2127047092072, 322.2127047092072, 321.846962292213, 321.846962292213, 321.73481833416736, 321.73481833416736, 321.6690983341541, 321.6690983341541, 321.4786018751329, 321.4786018751329, 321.1667026671348, 321.1667026671348, 320.7160422091256, 320.7160422091256, 320.6667829180951, 320.6667829180951, 320.66001158510335], "a_moves_left": [39, 39, 38, 38, 37, 37, 36, 36, 35, 35, 34, 34, 33, 33, 32, 32, 31, 31, 30, 30, 29, 29, 28, 28, 27, 27, 26, 26, 25, 25, 24, 24, 23, 23, 22, 22, 21, 21, 20, 20, 19, 19, 18, 18, 17, 17, 16, 16, 15, 15, 14, 14, 13, 13, 12, 12, 11, 11, 10, 10, 9, 9, 8, 8, 7, 7, 6, 6, 5, 5, 4, 4, 3, 3, 2, 2, 1, 1, 0, 0], "b_moves_left": [40, 39, 39, 38, 38, 37, 37, 36, 36, 35, 35, 34, 34, 33, 33, 32, 32, 31, 31, 30, 30, 29, 29, 28, 28, 27, 27, 26, 26, 25, 25, 24, 24, 23, 23, 22, 22, 21, 21, 20, 20, 19, 19, 18, 18, 17, 17, 16, 16, 15, 15, 14, 14, 13, 13, 12, 12, 11, 11, 10, 10, 9, 9, 8, 8, 7, 7, 6, 6, 5, 5, 4, 4, 3, 3, 2, 2, 1, 1, 0], "trapdoor_triggered": [0, 0, 0, 0, 0, 0, 0, 0, 0, 0, 0, 0, 0, 0, 0, 0, 0, 0, 1, 0, 0, 0, 0, 0, 0, 0, 0, 0, 0, 0, 0, 0, 0, 0, 0, 0, 0, 0, 0, 0, 0, 0, 0, 0, 0, 0, 1, 0, 0, 0, 0, 0, 0, 0, 0, 0, 0, 0, 0, 0, 0, 0, 0, 0, 0, 0, 0, 0, 0, 0, 0, 0, 0, 0, 0, 0, 0, 0, 0, 0], "left_behind": ["egg", "egg", "plain", "plain", "egg", "egg", "plain", "plain", "egg", "egg", "plain", "plain", "egg", "egg", "plain", "plain", "egg", "egg", "plain", "plain", "plain", "egg", "plain", "plain", "egg", "egg", "plain", "plain", "egg", "egg", "plain", "plain", "plain", "egg", "plain", "plain", "plain", "egg", "plain", "plain", "plain", "egg", "plain", "plain", "plain", "egg", "plain", "plain", "plain", "egg", "plain", "plain", "plain", "egg", "plain", "turd", "plain", "egg", "plain", "turd", "egg", "plain", "plain", "plain", "egg", "egg", "plain", "plain", "plain", "egg", "plain", "plain", "plain", "egg", "plain", "plain", "plain", "plain", "plain", "turd"], "errlog_a": "", "errlog_b": "", "start_time": 360, "start_moves": 40, "turn_count": 80, "result": 1, "reason": "EGGS_LAID", "trapdoors": [[2, 2], [3, 2]], "spawn_a": [0, 4], "spawn_b": [7, 4]}