{"pos": [[0, 1], [7, 1], [0, 0], [7, 0], [1, 0], [7, 1], [2, 0], [6, 1], [2, 1], [6, 2], [2, 2], [5, 2], [2, 3], [4, 2], [2, 4], [7, 2], [2, 5], [7, 3], [3, 5], [7, 4], [4, 5], [7, 3], [5, 5], [6, 3], [5, 6], [6, 4], [4, 6], [6, 5], [3, 6], [6, 6], [2, 6], [7, 6], [2, 5], [7, 7], [1, 5], [7, 6], [1, 4], [7, 7], [1, 3], [7, 6], [1, 2], [7, 7], [1, 1], [6, 7], [2, 1], [6, 6], [3, 1], [7, 6], [3, 0], [7, 5], [4, 0], [7, 4], [5, 0], [7, 3], [5, 1], [7, 2], [4, 1], [7, 1], [4, 2], [6, 1], [0, 2], [6, 0], [0, 3], [6, 1], [0, 4], [6, 0], [0, 5], [6, 1], [0, 6], [7, 1], [1, 6], [7, 2], [1, 7], [7, 3], [2, 7], [7, 2], [3, 7], [7, 3], [2, 7], [7, 4]], "a_eggs_laid": [1, 1, 1, 1, 4, 4, 4, 4, 5, 5, 5, 5, 6, 6, 6, 6, 11, 11, 11, 11, 12, 12, 12, 12, 13, 13, 13, 13, 13, 13, 13, 13, 14, 14, 14, 14, 15, 15, 15, 15, 16, 16, 16, 16, 17, 17, 17, 17, 18, 18, 18, 18, 19, 19, 19, 19, 20, 20, 20, 20, 21, 21, 21, 21, 21, 21, 22, 22, 22, 22, 23, 23, 23, 23, 24, 24, 24, 24, 25, 25], "b_eggs_laid": [0, 1, 1, 1, 1, 4, 4, 4, 4, 5, 5, 5, 5, 6, 6, 6, 6, 6, 6, 6, 6, 7, 7, 7, 7, 8, 8, 8, 8, 9, 9, 9, 9, 10, 10, 10, 10, 10, 10, 10, 10, 10, 10, 10, 10, 11, 11, 11, 11, 11, 11, 11, 11, 11, 11, 11, 11, 11, 11, 11, 11, 15, 15, 15, 15, 15, 15, 15, 15, 15, 15, 15, 15, 15, 15, 15, 15, 15, 15, 15], "a_turds_left": [5, 5, 5, 5, 5, 5, 5, 5, 5, 5, 5, 5, 5, 5, 5, 5, 5, 5, 5, 5, 5, 5, 5, 5, 5, 5, 5, 5, 4, 4, 4, 4, 4, 4, 4, 4, 4, 4, 4, 4, 4, 4, 4, 4, 4, 4, 4, 4, 4, 4, 4, 4, 4, 4, 4, 4, 4, 4, 4, 4, 4, 4, 4, 4, 4, 4, 4, 4, 4, 4, 4, 4, 4, 4, 4, 4, 4, 4, 4, 4], "b_turds_left": [5, 5, 5, 5, 5, 5, 5, 5, 5, 5, 5, 5, 5, 5, 5, 5, 5, 5, 5, 5, 5, 5, 5, 5, 5, 5, 5, 4, 4, 4, 4, 4, 4, 4, 4, 4, 4, 4, 4, 4, 4, 4, 4, 4, 4, 4, 4, 4, 4, 4, 4, 4, 4, 4, 4, 4, 4, 4, 4, 4, 4, 4, 4, 4, 4, 4, 4, 4, 4, 4, 4, 4, 4, 4, 4, 4, 4, 4, 4, 3], "a_time_left": [358.8149486249895, 358.8149486249895, 358.42178612499265, 358.42178612499265, 357.8564130839659, 357.8564130839659, 357.38245075097075, 357.38245075097075, 355.22531666693976, 355.22531666693976, 354.03828316694126, 354.03828316694126, 350.6915895419661, 350.6915895419661, 349.5676179169677, 349.5676179169677, 348.6528264999506, 348.6528264999506, 347.62076599994907, 347.62076599994907, 345.02824770793086, 345.02824770793086, 344.2156031249324, 344.2156031249324, 341.66322874993784, 341.66322874993784, 340.8304389589466, 340.8304389589466, 338.9127874179394, 338.9127874179394, 338.15813541796524, 338.15813541796524, 336.577578625991, 336.577578625991, 336.1692170010065, 336.1692170010065, 335.6598629169748, 335.6598629169748, 335.2816054589348, 335.2816054589348, 334.7367837089114, 334.7367837089114, 334.3872472089133, 334.3872472089133, 333.4577470429358, 333.4577470429358, 333.1908814589842, 333.1908814589842, 332.7522863759659, 332.7522863759659, 332.55956354300724, 332.55956354300724, 332.10116425098386, 332.10116425098386, 331.9433480849839, 331.9433480849839, 331.68048896000255, 331.68048896000255, 331.4515950009809, 331.4515950009809, 330.71273441798985, 330.71273441798985, 330.57451141800266, 330.57451141800266, 330.3904941260116, 330.3904941260116, 329.9894518760266, 329.9894518760266, 329.7606946260785, 329.7606946260785, 329.4898015841027, 329.4898015841027, 329.2257958750706, 329.2257958750706, 328.9601853330969, 328.9601853330969, 328.7781696250895, 328.7781696250895, 328.7461628341116, 328.7461628341116], "b_time_left": [360, 359.25032424996607, 359.25032424996607, 358.7032456659945, 358.7032456659945, 357.7227595410077, 357.7227595410077, 356.94488258304773, 356.94488258304773, 353.75754637503996, 353.75754637503996, 352.41428954101866, 352.41428954101866, 350.22881158301607, 350.22881158301607, 348.80324670806294, 348.80324670806294, 348.0348157500266, 348.0348157500266, 346.89931425004033, 346.89931425004033, 344.96708204207243, 344.96708204207243, 344.0490375830559, 344.0490375830559, 341.85919162409846, 341.85919162409846, 340.49660979106557, 340.49660979106557, 338.84984224906657, 338.84984224906657, 338.0950121660717, 338.0950121660717, 337.01116587407887, 337.01116587407887, 336.52415583311813, 336.52415583311813, 336.1831221660832, 336.1831221660832, 335.7137027491117, 335.7137027491117, 335.49899045715574, 335.49899045715574, 335.21301270712866, 335.21301270712866, 334.78428599913605, 334.78428599913605, 334.2891068321769, 334.2891068321769, 334.17960329016205, 334.17960329016205, 333.87067479017423, 333.87067479017423, 333.7491634981707, 333.7491634981707, 333.4883780811797, 333.4883780811797, 333.3010091651813, 333.3010091651813, 332.93782958219526, 332.93782958219526, 332.8402090401505, 332.8402090401505, 332.6983068321715, 332.6983068321715, 332.42912320717005, 332.42912320717005, 332.29819445719477, 332.29819445719477, 332.1363482492161, 332.1363482492161, 331.9514916242333, 331.9514916242333, 331.7533049992635, 331.7533049992635, 331.6048046652577, 331.6048046652577, 331.55154324823525, 331.55154324823525, 331.54752279020613], "a_moves_left": [39, 39, 38, 38, 37, 37, 36, 36, 35, 35, 34, 34, 33, 33, 32, 32, 31, 31, 30, 30, 29, 29, 28, 28, 27, 27, 26, 26, 25, 25, 24, 24, 23, 23, 22, 22, 21, 21, 20, 20, 19, 19, 18, 18, 17, 17, 16, 16, 15, 15, 14, 14, 13, 13, 12, 12, 11, 11, 10, 10, 9, 9, 8, 8, 7, 7, 6, 6, 5, 5, 4, 4, 3, 3, 2, 2, 1, 1, 0, 0], "b_moves_left": [40, 39, 39, 38, 38, 37, 37, 36, 36, 35, 35, 34, 34, 33, 33, 32, 32, 31, 31, 30, 30, 29, 29, 28, 28, 27, 27, 26, 26, 25, 25, 24, 24, 23, 23, 22, 22, 21, 21, 20, 20, 19, 19, 18, 18, 17, 17, 16, 16, 15, 15, 14, 14, 13, 13, 12, 12, 11, 11, 10, 10, 9, 9, 8, 8, 7, 7, 6, 6, 5, 5, 4, 4, 3, 3, 2, 2, 1, 1, 0], "trapdoor_triggered": [0, 0, 0, 0, 0, 0, 0, 0, 0, 0, 0, 0, 0, 0, 0, 1, 0, 0, 0, 0, 0, 0, 0, 0, 0, 0, 0, 0, 0, 0, 0, 0, 0, 0, 0, 0, 0, 0, 0, 0, 0, 0, 0, 0, 0, 0, 0, 0, 0, 0, 0, 0, 0, 0, 0, 0, 0, 0, 0, 0, 1, 0, 0, 0, 0, 0, 0, 0, 0, 0, 0, 0, 0, 0, 0, 0, 0, 0, 0, 0], "left_behind": ["egg", "egg", "plain", "plain", "egg", "egg", "plain", "plain", "egg", "egg", "plain", "plain", "egg", "egg", "plain", "plain", "egg", "plain", "plain", "plain", "egg", "egg", "plain", "plain", "egg", "egg", "plain", "turd", "turd", "egg", "plain", "plain", "egg", "egg", "plain", "plain", "egg", "plain", "plain", "plain", "egg", "plain", "plain", "plain", "egg", "egg", "plain", "plain", "egg", "plain", "plain", "plain", "egg", "plain", "plain", "plain", "egg", "plain", "plain", "plain", "egg", "plain", "plain", "plain", "plain", "plain", "egg", "plain", "plain", "plain", "egg", "plain", "plain", "plain", "egg", "plain", "plain", "plain", "egg", "turd"], "errlog_a": "", "errlog_b": "", "start_time": 360, "start_moves": 40, "turn_count": 80, "result": 0, "reason": "EGGS_LAID", "trapdoors": [[5, 3], [4, 3]], "spawn_a": [0, 2], "spawn_b": [7, 2]}