{"pos": [[7, 2], [1, 1], [7, 3], [1, 0], [7, 2], [2, 0], [6, 2], [3, 0], [6, 3], [4, 0], [6, 4], [5, 0], [6, 5], [5, 1], [6, 6], [6, 1], [5, 6], [5, 1], [5, 5], [5, 2], [5, 6], [5, 1], [4, 6], [4, 1], [5, 6], [3, 1], [5, 7], [3, 2], [6, 7], [3, 1], [7, 7], [2, 1], [7, 6], [2, 2], [7, 5], [2, 3], [6, 5], [2, 2], [6, 4], [1, 2], [6, 3], [1, 3], [5, 3], [1, 4], [5, 4], [1, 5], [5, 5], [2, 5], [5, 6], [3, 5], [5, 5], [0, 1], [4, 5], [0, 2], [3, 5], [0, 3], [3, 6], [0, 4], [3, 7], [0, 5], [3, 6], [0, 6], [4, 6], [0, 7], [5, 6], [0, 6], [5, 5], [1, 6], [5, 4], [2, 6], [5, 3], [3, 6], [4, 3], [2, 6], [5, 3], [2, 7], [4, 3], [2, 6], [3, 3], [2, 7]], "a_eggs_laid": [1, 1, 1, 1, 2, 2, 2, 2, 3, 3, 3, 3, 4, 4, 4, 4, 5, 5, 5, 5, 6, 6, 6, 6, 7, 7, 7, 7, 8, 8, 8, 8, 11, 11, 11, 11, 12, 12, 12, 12, 12, 12, 12, 12, 13, 13, 13, 13, 13, 13, 13, 13, 17, 17, 17, 17, 18, 18, 18, 18, 19, 19, 19, 19, 19, 19, 19, 19, 19, 19, 19, 19, 19, 19, 19, 19, 19, 19, 19, 19], "b_eggs_laid": [0, 1, 1, 1, 1, 2, 2, 2, 2, 3, 3, 3, 3, 4, 4, 4, 4, 5, 5, 5, 5, 6, 6, 6, 6, 7, 7, 7, 7, 8, 8, 8, 8, 9, 9, 9, 9, 10, 10, 10, 10, 11, 11, 11, 11, 12, 12, 12, 12, 13, 13, 13, 13, 13, 13, 13, 13, 14, 14, 14, 14, 15, 15, 15, 15, 18, 18, 18, 18, 19, 19, 19, 19, 20, 20, 20, 20, 20, 20, 20], "a_turds_left": [5, 5, 5, 5, 5, 5, 5, 5, 5, 5, 5, 5, 5, 5, 5, 5, 5, 5, 5, 5, 5, 5, 5, 5, 5, 5, 5, 5, 5, 5, 5, 5, 5, 5, 5, 5, 5, 5, 5, 5, 5, 5, 5, 5, 5, 5, 5, 5, 5, 5, 5, 5, 5, 5, 5, 5, 5, 5, 5, 5, 5, 5, 5, 5, 5, 5, 5, 5, 5, 5, 5, 5, 5, 5, 5, 5, 5, 5, 5, 5], "b_turds_left": [5, 5, 5, 5, 5, 5, 5, 5, 5, 5, 5, 5, 5, 5, 5, 5, 5, 5, 5, 5, 5, 5, 5, 5, 5, 5, 5, 5, 5, 5, 5, 5, 5, 5, 5, 5, 5, 5, 5, 5, 5, 5, 5, 5, 5, 5, 5, 5, 5, 5, 5, 5, 5, 5, 5, 5, 5, 5, 5, 5, 5, 5, 5, 5, 5, 5, 5, 5, 5, 5, 5, 5, 5, 5, 5, 5, 5, 4, 4, 4], "a_time_left": [357.82338141597575, 357.82338141597575, 356.4489523329539, 356.4489523329539, 354.1230408749543, 354.1230408749543, 353.192629832949, 353.192629832949, 349.5365372489905, 349.5365372489905, 348.110987499007, 348.110987499007, 344.0269092070521, 344.0269092070521, 342.0349434570526, 342.0349434570526, 339.46451116504613, 339.46451116504613, 338.0254042070592, 338.0254042070592, 333.54808641504496, 333.54808641504496, 332.48091054003453, 332.48091054003453, 328.2236069990322, 328.2236069990322, 327.11917254002765, 327.11917254002765, 325.08374904002994, 325.08374904002994, 324.50117508205585, 324.50117508205585, 323.6034482070827, 323.6034482070827, 322.9437354570837, 322.9437354570837, 321.6002782070427, 321.6002782070427, 320.6069779570098, 320.6069779570098, 318.8331527490518, 318.8331527490518, 318.0504664570326, 318.0504664570326, 315.374119332002, 315.374119332002, 314.47853441600455, 314.47853441600455, 313.26199266599724, 313.26199266599724, 312.4027420000057, 312.4027420000057, 311.9780370000517, 311.9780370000517, 311.4261185840587, 311.4261185840587, 309.45340820908314, 309.45340820908314, 308.7998938750825, 308.7998938750825, 307.5678814171115, 307.5678814171115, 307.0358398751123, 307.0358398751123, 306.5952242910862, 306.5952242910862, 306.14044045703486, 306.14044045703486, 305.4072501240298, 305.4072501240298, 305.2582754990435, 305.2582754990435, 305.06190429005073, 305.06190429005073, 304.93164716503816, 304.93164716503816, 304.6941467480501, 304.6941467480501, 304.6620167060173, 304.6620167060173], "b_time_left": [360, 358.56405512499623, 358.56405512499623, 357.23551712499466, 357.23551712499466, 356.05943979200674, 356.05943979200674, 354.65930404199753, 354.65930404199753, 352.545859417005, 352.545859417005, 350.9943021670333, 350.9943021670333, 347.69699695904274, 347.69699695904274, 346.19533050002065, 346.19533050002065, 344.5062823330518, 344.5062823330518, 342.43700962507864, 342.43700962507864, 340.13260316703236, 340.13260316703236, 338.6560891670524, 338.6560891670524, 336.7223841670202, 336.7223841670202, 335.39225658401847, 335.39225658401847, 334.46621800004505, 334.46621800004505, 333.78318337502424, 333.78318337502424, 332.8777930000215, 332.8777930000215, 331.7941668750718, 331.7941668750718, 330.9593751660432, 330.9593751660432, 330.3124538330594, 330.3124538330594, 327.9632098330767, 327.9632098330767, 326.5628625000827, 326.5628625000827, 324.6328117500525, 324.6328117500525, 324.1208115000627, 324.1208115000627, 322.6764209580724, 322.6764209580724, 321.6916154160863, 321.6916154160863, 321.2707117080572, 321.2707117080572, 320.4882292910479, 320.4882292910479, 318.6917141660815, 318.6917141660815, 318.0017944580759, 318.0017944580759, 317.19641395803774, 317.19641395803774, 316.95819479203783, 316.95819479203783, 316.73551120905904, 316.73551120905904, 316.45871741708834, 316.45871741708834, 315.31245383410715, 315.31245383410715, 315.0002807090641, 315.0002807090641, 314.65161816810723, 314.65161816810723, 314.3474642930669, 314.3474642930669, 314.21465604304103, 314.21465604304103, 314.20871350105153], "a_moves_left": [39, 39, 38, 38, 37, 37, 36, 36, 35, 35, 34, 34, 33, 33, 32, 32, 31, 31, 30, 30, 29, 29, 28, 28, 27, 27, 26, 26, 25, 25, 24, 24, 23, 23, 22, 22, 21, 21, 20, 20, 19, 19, 18, 18, 17, 17, 16, 16, 15, 15, 14, 14, 13, 13, 12, 12, 11, 11, 10, 10, 9, 9, 8, 8, 7, 7, 6, 6, 5, 5, 4, 4, 3, 3, 2, 2, 1, 1, 0, 0], "b_moves_left": [40, 39, 39, 38, 38, 37, 37, 36, 36, 35, 35, 34, 34, 33, 33, 32, 32, 31, 31, 30, 30, 29, 29, 28, 28, 27, 27, 26, 26, 25, 25, 24, 24, 23, 23, 22, 22, 21, 21, 20, 20, 19, 19, 18, 18, 17, 17, 16, 16, 15, 15, 14, 14, 13, 13, 12, 12, 11, 11, 10, 10, 9, 9, 8, 8, 7, 7, 6, 6, 5, 5, 4, 4, 3, 3, 2, 2, 1, 1, 0], "trapdoor_triggered": [0, 0, 0, 0, 0, 0, 0, 0, 0, 0, 0, 0, 0, 0, 0, 0, 0, 0, 0, 0, 0, 0, 0, 0, 0, 0, 0, 0, 0, 0, 0, 0, 0, 0, 0, 0, 0, 0, 0, 0, 0, 0, 0, 0, 0, 0, 0, 0, 0, 0, 0, 1, 0, 0, 0, 0, 0, 0, 0, 0, 0, 0, 0, 0, 0, 0, 0, 0, 0, 0, 0, 0, 0, 0, 0, 0, 0, 0, 0, 0], "left_behind": ["egg", "egg", "plain", "plain", "egg", "egg", "plain", "plain", "egg", "egg", "plain", "plain", "egg", "egg", "plain", "plain", "egg", "egg", "plain", "plain", "egg", "egg", "plain", "plain", "egg", "egg", "plain", "plain", "egg", "egg", "plain", "plain", "egg", "egg", "plain", "plain", "egg", "egg", "plain", "plain", "plain", "egg", "plain", "plain", "egg", "egg", "plain", "plain", "plain", "egg", "plain", "plain", "plain", "plain", "plain", "plain", "egg", "egg", "plain", "plain", "egg", "egg", "plain", "plain", "plain", "egg", "plain", "plain", "plain", "egg", "plain", "plain", "plain", "egg", "plain", "plain", "plain", "turd", "plain", "plain"], "errlog_a": "", "errlog_b": "", "start_time": 360, "start_moves": 40, "turn_count": 80, "result": 1, "reason": "EGGS_LAID", "trapdoors": [[4, 4], [3, 4]], "spawn_a": [7, 1], "spawn_b": [0, 1]}