{"pos": [[7, 2], [0, 2], [6, 2], [0, 1], [6, 3], [1, 1], [6, 4], [1, 0], [6, 5], [2, 0], [6, 6], [3, 0], [5, 6], [4, 0], [5, 5], [5, 0], [4, 5], [5, 1], [3, 5], [6, 1], [3, 4], [5, 1], [7, 3], [0, 3], [6, 3], [0, 2], [5, 3], [1, 2], [4, 3], [2, 2], [7, 3], [2, 1], [7, 4], [3, 1], [7, 5], [4, 1], [7, 6], [4, 2], [7, 7], [0, 3], [6, 7], [1, 3], [5, 7], [2, 3], [5, 6], [2, 4], [4, 6], [2, 5], [4, 5], [2, 4], [7, 3], [1, 4], [7, 2], [1, 5], [7, 1], [1, 6], [7, 0], [1, 5], [6, 0], [0, 5], [7, 0], [0, 6], [7, 1], [0, 7], [7, 2], [1, 7], [6, 2], [2, 7], [7, 3], [2, 6], [6, 3], [3, 6], [5, 3], [2, 6], [7, 3], [2, 5], [7, 4], [1, 5], [7, 5], [0, 5]], "a_eggs_laid": [1, 1, 1, 1, 2, 2, 2, 2, 3, 3, 3, 3, 4, 4, 4, 4, 5, 5, 5, 5, 6, 6, 6, 6, 10, 10, 10, 10, 11, 11, 11, 11, 11, 11, 11, 11, 12, 12, 12, 12, 19, 19, 19, 19, 20, 20, 20, 20, 21, 21, 21, 21, 21, 21, 21, 21, 22, 22, 22, 22, 23, 23, 23, 23, 23, 23, 23, 23, 23, 23, 23, 23, 23, 23, 23, 23, 23, 23, 23, 23], "b_eggs_laid": [0, 1, 1, 1, 1, 2, 2, 2, 2, 3, 3, 3, 3, 4, 4, 4, 4, 5, 5, 5, 5, 6, 6, 10, 10, 10, 10, 10, 10, 11, 11, 15, 15, 16, 16, 16, 16, 17, 17, 17, 17, 17, 17, 17, 17, 18, 18, 18, 18, 19, 19, 23, 23, 24, 24, 24, 24, 25, 25, 25, 25, 26, 26, 26, 26, 29, 29, 29, 29, 34, 34, 34, 34, 35, 35, 39, 39, 39, 39, 39], "a_turds_left": [5, 5, 4, 4, 4, 4, 3, 3, 3, 3, 2, 2, 2, 2, 1, 1, 1, 1, 1, 1, 1, 1, 1, 1, 1, 1, 1, 1, 1, 1, 1, 1, 1, 1, 1, 1, 1, 1, 1, 1, 1, 1, 1, 1, 1, 1, 1, 1, 1, 1, 1, 1, 1, 1, 1, 1, 1, 1, 1, 1, 1, 1, 0, 0, 0, 0, 0, 0, 0, 0, 0, 0, 0, 0, 0, 0, 0, 0, 0, 0], "b_turds_left": [5, 5, 5, 5, 5, 5, 5, 5, 5, 5, 5, 5, 5, 5, 5, 5, 5, 5, 5, 5, 5, 5, 5, 5, 5, 5, 5, 5, 5, 5, 5, 5, 5, 5, 5, 5, 5, 5, 5, 5, 5, 5, 5, 5, 5, 5, 5, 5, 5, 5, 5, 5, 5, 5, 5, 5, 5, 5, 5, 5, 5, 5, 5, 5, 5, 5, 5, 5, 5, 5, 5, 5, 5, 5, 5, 5, 5, 5, 5, 4], "a_time_left": [358.314396458969, 358.314396458969, 357.42094904294936, 357.42094904294936, 355.57125300192274, 355.57125300192274, 353.9225436269189, 353.9225436269189, 351.5739352099481, 351.5739352099481, 350.25496112694964, 350.25496112694964, 347.92232725198846, 347.92232725198846, 346.8625012100092, 346.8625012100092, 344.67440975201316, 344.67440975201316, 343.2348643349833, 343.2348643349833, 341.6106450849911, 341.6106450849911, 340.4039951270097, 340.4039951270097, 340.22206154401647, 340.22206154401647, 339.821923793992, 339.821923793992, 337.38081671099644, 337.38081671099644, 336.2018863360281, 336.2018863360281, 335.7030952530331, 335.7030952530331, 334.8668268370093, 334.8668268370093, 332.9252603370114, 332.9252603370114, 332.1905137540307, 332.1905137540307, 331.7886995880399, 331.7886995880399, 331.25256888003787, 331.25256888003787, 329.7402122130152, 329.7402122130152, 329.20161925506545, 329.20161925506545, 327.5140821300447, 327.5140821300447, 326.6874909210601, 326.6874909210601, 326.12230975407874, 326.12230975407874, 325.83676250407007, 325.83676250407007, 324.8749915880617, 324.8749915880617, 324.71072329604067, 324.71072329604067, 324.3385816710652, 324.3385816710652, 324.2345267540659, 324.2345267540659, 324.1210315870703, 324.1210315870703, 323.98722083709436, 323.98722083709436, 323.66332267108373, 323.66332267108373, 323.54841767111793, 323.54841767111793, 323.302832921152, 323.302832921152, 323.1982299631345, 323.1982299631345, 323.107144338137, 323.107144338137, 323.0893727961229, 323.0893727961229], "b_time_left": [360, 358.4260741249891, 358.4260741249891, 357.3275059169391, 357.3275059169391, 355.6769447089755, 355.6769447089755, 354.22665541700553, 354.22665541700553, 352.1203200420132, 352.1203200420132, 351.2678764590528, 351.2678764590528, 349.2836451670737, 349.2836451670737, 348.3097313340404, 348.3097313340404, 346.37156054202933, 346.37156054202933, 345.14126649999525, 345.14126649999525, 343.94140712497756, 343.94140712497756, 343.63920716696884, 343.63920716696884, 343.4200244169915, 343.4200244169915, 342.4532205419382, 342.4532205419382, 340.53498854191275, 340.53498854191275, 340.30413166689686, 340.30413166689686, 339.33949924987974, 339.33949924987974, 338.57403141690884, 338.57403141690884, 337.96272054186556, 337.96272054186556, 337.39650333387544, 337.39650333387544, 337.11190437490586, 337.11190437490586, 336.4160495828837, 336.4160495828837, 335.35711724992143, 335.35711724992143, 334.1658690829063, 334.1658690829063, 333.3508530408726, 333.3508530408726, 333.18152329087025, 333.18152329087025, 332.69925283186603, 332.69925283186603, 332.19943158183014, 332.19943158183014, 331.816330956819, 331.816330956819, 331.5912236648146, 331.5912236648146, 331.44159670581575, 331.44159670581575, 331.3557927478105, 331.3557927478105, 331.2102734558284, 331.2102734558284, 331.03734333085595, 331.03734333085595, 330.70351058081724, 330.70351058081724, 330.54011024784995, 330.54011024784995, 330.20788266387535, 330.20788266387535, 330.05285620491486, 330.05285620491486, 330.001076454937, 330.001076454937, 329.9944157889113], "a_moves_left": [39, 39, 38, 38, 37, 37, 36, 36, 35, 35, 34, 34, 33, 33, 32, 32, 31, 31, 30, 30, 29, 29, 28, 28, 27, 27, 26, 26, 25, 25, 24, 24, 23, 23, 22, 22, 21, 21, 20, 20, 19, 19, 18, 18, 17, 17, 16, 16, 15, 15, 14, 14, 13, 13, 12, 12, 11, 11, 10, 10, 9, 9, 8, 8, 7, 7, 6, 6, 5, 5, 4, 4, 3, 3, 2, 2, 1, 1, 0, 0], "b_moves_left": [40, 39, 39, 38, 38, 37, 37, 36, 36, 35, 35, 34, 34, 33, 33, 32, 32, 31, 31, 30, 30, 29, 29, 28, 28, 27, 27, 26, 26, 25, 25, 24, 24, 23, 23, 22, 22, 21, 21, 20, 20, 19, 19, 18, 18, 17, 17, 16, 16, 15, 15, 14, 14, 13, 13, 12, 12, 11, 11, 10, 10, 9, 9, 8, 8, 7, 7, 6, 6, 5, 5, 4, 4, 3, 3, 2, 2, 1, 1, 0], "trapdoor_triggered": [0, 0, 0, 0, 0, 0, 0, 0, 0, 0, 0, 0, 0, 0, 0, 0, 0, 0, 0, 0, 0, 0, 1, 1, 0, 0, 0, 0, 0, 0, 1, 0, 0, 0, 0, 0, 0, 0, 0, 1, 0, 0, 0, 0, 0, 0, 0, 0, 0, 0, 1, 0, 0, 0, 0, 0, 0, 0, 0, 0, 0, 0, 0, 0, 0, 0, 0, 0, 1, 0, 0, 0, 0, 0, 1, 0, 0, 0, 0, 0], "left_behind": ["egg", "egg", "turd", "plain", "egg", "egg", "turd", "plain", "egg", "egg", "turd", "plain", "egg", "egg", "turd", "plain", "egg", "egg", "plain", "plain", "egg", "egg", "plain", "plain", "plain", "plain", "plain", "plain", "egg", "egg", "plain", "plain", "plain", "egg", "plain", "plain", "egg", "egg", "plain", "plain", "egg", "plain", "plain", "plain", "egg", "egg", "plain", "plain", "egg", "egg", "plain", "plain", "plain", "egg", "plain", "plain", "egg", "egg", "plain", "plain", "egg", "egg", "turd", "plain", "plain", "egg", "plain", "plain", "plain", "egg", "plain", "plain", "plain", "egg", "plain", "plain", "plain", "plain", "plain", "turd"], "errlog_a": "", "errlog_b": "", "start_time": 360, "start_moves": 40, "turn_count": 80, "result": 1, "reason": "EGGS_LAID", "trapdoors": [[4, 4], [5, 2]], "spawn_a": [7, 3], "spawn_b": [0, 3]}