{"pos": [[0, 3], [7, 3], [0, 2], [7, 2], [0, 1], [7, 1], [0, 0], [7, 0], [1, 0], [7, 1], [2, 0], [6, 1], [2, 1], [6, 2], [2, 2], [5, 2], [2, 3], [4, 2], [2, 4], [3, 2], [2, 5], [3, 1], [2, 6], [2, 1], [3, 6], [3, 1], [4, 6], [4, 1], [5, 6], [4, 0], [5, 5], [5, 0], [6, 5], [4, 0], [6, 4], [5, 0], [6, 5], [4, 0], [7, 5], [3, 0], [7, 6], [4, 0], [7, 7], [4, 1], [7, 6], [5, 1], [6, 6], [6, 1], [6, 7], [6, 2], [5, 7], [6, 3], [4, 7], [6, 2], [3, 7], [6, 3], [3, 6], [6, 2], [3, 5], [6, 1], [2, 5], [6, 0], [1, 5], [5, 0], [1, 4], [4, 0], [1, 3], [4, 1], [1, 2], [4, 2], [1, 1], [4, 3], [1, 2], [3, 3], [1, 1], [4, 3], [1, 2], [5, 3], [0, 2], [5, 2]], "a_eggs_laid": [1, 1, 1, 1, 2, 2, 2, 2, 5, 5, 5, 5, 6, 6, 6, 6, 7, 7, 7, 7, 8, 8, 8, 8, 9, 9, 9, 9, 10, 10, 10, 10, 11, 11, 11, 11, 12, 12, 12, 12, 13, 13, 13, 13, 16, 16, 16, 16, 17, 17, 17, 17, 18, 18, 18, 18, 19, 19, 19, 19, 20, 20, 20, 20, 21, 21, 21, 21, 22, 22, 22, 22, 23, 23, 23, 23, 23, 23, 23, 23], "b_eggs_laid": [0, 1, 1, 1, 1, 2, 2, 2, 2, 5, 5, 5, 5, 6, 6, 6, 6, 7, 7, 7, 7, 8, 8, 8, 8, 9, 9, 9, 9, 10, 10, 10, 10, 11, 11, 11, 11, 11, 11, 11, 11, 12, 12, 12, 12, 12, 12, 12, 12, 12, 12, 12, 12, 13, 13, 13, 13, 13, 13, 13, 13, 13, 13, 13, 13, 13, 13, 13, 13, 13, 13, 13, 13, 14, 14, 14, 14, 14, 14, 14], "a_turds_left": [5, 5, 5, 5, 5, 5, 5, 5, 5, 5, 5, 5, 5, 5, 5, 5, 5, 5, 5, 5, 5, 5, 5, 5, 5, 5, 5, 5, 5, 5, 5, 5, 5, 5, 5, 5, 5, 5, 5, 5, 5, 5, 5, 5, 5, 5, 5, 5, 5, 5, 5, 5, 5, 5, 5, 5, 5, 5, 5, 5, 5, 5, 5, 5, 5, 5, 5, 5, 5, 5, 5, 5, 5, 5, 5, 5, 5, 5, 5, 5], "b_turds_left": [5, 5, 5, 5, 5, 5, 5, 5, 5, 5, 5, 5, 5, 5, 5, 5, 5, 5, 5, 4, 4, 4, 4, 4, 4, 4, 4, 4, 4, 4, 4, 4, 4, 4, 4, 4, 4, 4, 4, 4, 4, 4, 4, 4, 4, 4, 4, 4, 4, 4, 4, 4, 4, 4, 4, 4, 4, 4, 4, 4, 4, 4, 4, 4, 4, 4, 4, 4, 4, 4, 4, 4, 4, 4, 4, 3, 3, 3, 3, 2], "a_time_left": [358.8186876249965, 358.8186876249965, 358.25001295801485, 358.25001295801485, 356.8629656670382, 356.8629656670382, 356.45845595904393, 356.45845595904393, 355.9051352510578, 355.9051352510578, 355.44923129305243, 355.44923129305243, 353.395699334098, 353.395699334098, 352.30312716809567, 352.30312716809567, 349.2117659591022, 349.2117659591022, 348.10393266711617, 348.10393266711617, 346.14328370813746, 346.14328370813746, 345.35666837514145, 345.35666837514145, 343.8518807091168, 343.8518807091168, 343.09926645911764, 343.09926645911764, 341.090593167115, 341.090593167115, 340.6151366251288, 340.6151366251288, 338.87519216613146, 338.87519216613146, 338.52943341614446, 338.52943341614446, 338.06368737417506, 338.06368737417506, 337.76070166617865, 337.76070166617865, 337.0514465411543, 337.0514465411543, 336.9031449581962, 336.9031449581962, 336.5248319171951, 336.5248319171951, 336.2715190012241, 336.2715190012241, 335.4591298342566, 335.4591298342566, 335.23992075026035, 335.23992075026035, 334.3485345832305, 334.3485345832305, 334.2109524582629, 334.2109524582629, 333.93174616625765, 333.93174616625765, 333.68671941629145, 333.68671941629145, 332.9866916242754, 332.9866916242754, 332.82840595726157, 332.82840595726157, 332.4869133742759, 332.4869133742759, 332.3614387072739, 332.3614387072739, 331.81214874930447, 331.81214874930447, 331.60503141529625, 331.60503141529625, 330.3035293322755, 330.3035293322755, 330.10919616627507, 330.10919616627507, 329.9685502083157, 329.9685502083157, 329.9322519163252, 329.9322519163252], "b_time_left": [360, 358.83211650000885, 358.83211650000885, 358.14589658303885, 358.14589658303885, 357.2213485420798, 357.2213485420798, 356.6550358760869, 356.6550358760869, 355.6906513760914, 355.6906513760914, 354.8845589591074, 354.8845589591074, 351.9039472510922, 351.9039472510922, 350.6713651260943, 350.6713651260943, 348.64993354305625, 348.64993354305625, 347.68330475105904, 347.68330475105904, 346.54908266704297, 346.54908266704297, 345.44595583406044, 345.44595583406044, 344.9899207500275, 344.9899207500275, 343.92495383304777, 343.92495383304777, 342.96477762504946, 342.96477762504946, 342.22489758301526, 342.22489758301526, 340.80534616700606, 340.80534616700606, 340.11215629201615, 340.11215629201615, 339.70575508399634, 339.70575508399634, 339.25286704296013, 339.25286704296013, 338.70514395995997, 338.70514395995997, 338.36389366793446, 338.36389366793446, 338.0451602509129, 338.0451602509129, 336.9896812508814, 336.9896812508814, 336.7505420848611, 336.7505420848611, 336.160705126822, 336.160705126822, 335.7262242108118, 335.7262242108118, 335.20096600282704, 335.20096600282704, 335.04752600286156, 335.04752600286156, 334.5075422108639, 334.5075422108639, 334.3126938769128, 334.3126938769128, 333.9006122929277, 333.9006122929277, 333.7194909589598, 333.7194909589598, 333.23993937595515, 333.23993937595515, 333.035085083975, 333.035085083975, 332.8314909589826, 332.8314909589826, 332.64879937499063, 332.64879937499063, 332.5292441250058, 332.5292441250058, 332.50065341603477, 332.50065341603477, 332.49676241603447], "a_moves_left": [39, 39, 38, 38, 37, 37, 36, 36, 35, 35, 34, 34, 33, 33, 32, 32, 31, 31, 30, 30, 29, 29, 28, 28, 27, 27, 26, 26, 25, 25, 24, 24, 23, 23, 22, 22, 21, 21, 20, 20, 19, 19, 18, 18, 17, 17, 16, 16, 15, 15, 14, 14, 13, 13, 12, 12, 11, 11, 10, 10, 9, 9, 8, 8, 7, 7, 6, 6, 5, 5, 4, 4, 3, 3, 2, 2, 1, 1, 0, 0], "b_moves_left": [40, 39, 39, 38, 38, 37, 37, 36, 36, 35, 35, 34, 34, 33, 33, 32, 32, 31, 31, 30, 30, 29, 29, 28, 28, 27, 27, 26, 26, 25, 25, 24, 24, 23, 23, 22, 22, 21, 21, 20, 20, 19, 19, 18, 18, 17, 17, 16, 16, 15, 15, 14, 14, 13, 13, 12, 12, 11, 11, 10, 10, 9, 9, 8, 8, 7, 7, 6, 6, 5, 5, 4, 4, 3, 3, 2, 2, 1, 1, 0], "trapdoor_triggered": [0, 0, 0, 0, 0, 0, 0, 0, 0, 0, 0, 0, 0, 0, 0, 0, 0, 0, 0, 0, 0, 0, 0, 0, 0, 0, 0, 0, 0, 0, 0, 0, 0, 0, 0, 0, 0, 0, 0, 0, 0, 0, 0, 0, 0, 0, 0, 0, 0, 0, 0, 0, 0, 0, 0, 0, 0, 0, 0, 0, 0, 0, 0, 0, 0, 0, 0, 0, 0, 0, 0, 0, 0, 0, 0, 0, 0, 0, 0, 0], "left_behind": ["egg", "egg", "plain", "plain", "egg", "egg", "plain", "plain", "egg", "egg", "plain", "plain", "egg", "egg", "plain", "plain", "egg", "egg", "plain", "turd", "egg", "egg", "plain", "plain", "egg", "egg", "plain", "plain", "egg", "egg", "plain", "plain", "egg", "egg", "plain", "plain", "egg", "plain", "plain", "plain", "egg", "egg", "plain", "plain", "egg", "plain", "plain", "plain", "egg", "plain", "plain", "plain", "egg", "egg", "plain", "plain", "egg", "plain", "plain", "plain", "egg", "plain", "plain", "plain", "egg", "plain", "plain", "plain", "egg", "plain", "plain", "plain", "egg", "egg", "plain", "turd", "plain", "plain", "plain", "turd"], "errlog_a": "", "errlog_b": "", "start_time": 360, "start_moves": 40, "turn_count": 80, "result": 0, "reason": "EGGS_LAID", "trapdoors": [[4, 4], [5, 4]], "spawn_a": [0, 4], "spawn_b": [7, 4]}