{"pos": [[0, 5], [7, 5], [0, 6], [7, 4], [0, 5], [7, 3], [0, 4], [7, 2], [0, 3], [7, 1], [1, 3], [7, 0], [1, 2], [7, 1], [1, 1], [6, 1], [2, 1], [6, 2], [2, 2], [6, 3], [2, 3], [6, 4], [1, 3], [6, 5], [0, 3], [6, 6], [1, 3], [6, 7], [2, 3], [6, 6], [0, 6], [5, 6], [0, 5], [4, 6], [0, 4], [3, 6], [0, 5], [3, 5], [0, 6], [2, 5], [1, 6], [3, 5], [2, 6], [4, 5], [2, 7], [4, 4], [1, 7], [5, 4], [2, 7], [5, 3], [3, 7], [5, 2], [4, 7], [5, 1], [4, 6], [5, 0], [4, 7], [5, 1], [3, 7], [4, 1], [4, 7], [4, 0], [4, 6], [3, 0], [4, 7], [4, 0], [3, 7], [5, 0], [2, 7], [6, 0], [1, 7], [6, 1], [1, 6], [6, 0], [1, 7], [6, 1], [0, 7], [6, 0], [1, 7], [7, 0]], "a_eggs_laid": [0, 0, 0, 0, 1, 1, 1, 1, 1, 1, 1, 1, 1, 1, 1, 1, 1, 1, 1, 1, 2, 2, 2, 2, 3, 3, 3, 3, 3, 3, 3, 3, 3, 3, 3, 3, 3, 3, 3, 3, 3, 3, 3, 3, 3, 3, 3, 3, 3, 3, 3, 3, 3, 3, 3, 3, 4, 4, 4, 4, 4, 4, 4, 4, 4, 4, 4, 4, 4, 4, 4, 4, 4, 4, 4, 4, 4, 4, 4, 4], "b_eggs_laid": [0, 1, 1, 1, 1, 2, 2, 2, 2, 3, 3, 3, 3, 6, 6, 6, 6, 7, 7, 7, 7, 8, 8, 8, 8, 9, 9, 9, 9, 10, 10, 14, 14, 15, 15, 15, 15, 16, 16, 16, 16, 17, 17, 17, 17, 18, 18, 18, 18, 19, 19, 19, 19, 20, 20, 20, 20, 21, 21, 21, 21, 22, 22, 22, 22, 23, 23, 23, 23, 23, 23, 23, 23, 23, 23, 23, 23, 23, 23, 23], "a_turds_left": [5, 5, 5, 5, 5, 5, 5, 5, 5, 5, 5, 5, 5, 5, 4, 4, 4, 4, 4, 4, 4, 4, 4, 4, 4, 4, 4, 4, 4, 4, 4, 4, 4, 4, 3, 3, 3, 3, 3, 3, 3, 3, 3, 3, 2, 2, 2, 2, 2, 2, 2, 2, 1, 1, 0, 0, 0, 0, 0, 0, 0, 0, 0, 0, 0, 0, 0, 0, 0, 0, 0, 0, 0, 0, 0, 0, 0, 0, 0, 0], "b_turds_left": [5, 5, 5, 5, 5, 5, 5, 5, 5, 5, 5, 5, 5, 5, 5, 5, 5, 5, 5, 5, 5, 5, 5, 5, 5, 5, 5, 5, 5, 5, 5, 5, 5, 5, 5, 5, 5, 5, 5, 5, 5, 5, 5, 5, 5, 5, 5, 5, 5, 5, 5, 5, 5, 5, 5, 5, 5, 5, 5, 5, 5, 5, 5, 5, 5, 5, 5, 5, 5, 5, 5, 5, 5, 5, 5, 5, 5, 5, 5, 5], "a_time_left": [358.4754336249898, 358.4754336249898, 356.96985991700785, 356.96985991700785, 355.4643576249946, 355.4643576249946, 353.9588669160148, 353.9588669160148, 352.4533630410442, 352.4533630410442, 350.9478891240433, 350.9478891240433, 349.4423840820673, 349.4423840820673, 347.9368267490645, 347.9368267490645, 346.43129204108845, 346.43129204108845, 344.925806208048, 344.925806208048, 343.42025404202286, 343.42025404202286, 341.9147060010582, 341.9147060010582, 340.40912575105904, 340.40912575105904, 338.90363741805777, 338.90363741805777, 337.39807858510176, 337.39807858510176, 335.89260979311075, 335.89260979311075, 334.3871234601247, 334.3871234601247, 332.8816875441116, 332.8816875441116, 331.37628937809495, 331.37628937809495, 329.8708067110856, 329.8708067110856, 328.3652898360742, 328.3652898360742, 326.8598045860417, 326.8598045860417, 325.35428725305246, 325.35428725305246, 323.8488076700596, 323.8488076700596, 322.343328461051, 322.343328461051, 320.8378706270596, 320.8378706270596, 319.33238821005216, 319.33238821005216, 317.82694429403637, 317.82694429403637, 316.32154150202405, 316.32154150202405, 314.8161589599913, 314.8161589599913, 313.31072583497735, 313.31072583497735, 311.8053219599533, 311.8053219599533, 310.2998433349421, 310.2998433349421, 308.79442029393977, 308.79442029393977, 307.28900783590507, 307.28900783590507, 305.7835700449068, 305.7835700449068, 304.28271162789315, 304.28271162789315, 302.781225836894, 302.781225836894, 301.28098450391553, 301.28098450391553, 299.78064883791376, 299.78064883791376], "b_time_left": [360, 359.70678983296966, 359.70678983296966, 359.5728970830096, 359.5728970830096, 359.2948135419865, 359.2948135419865, 359.13934233394684, 359.13934233394684, 358.77417183393845, 358.77417183393845, 358.56389579194365, 358.56389579194365, 358.1910074169282, 358.1910074169282, 358.0144190839492, 358.0144190839492, 357.18689666793216, 357.18689666793216, 356.9275543349213, 356.9275543349213, 356.23658741789404, 356.23658741789404, 356.02534108492546, 356.02534108492546, 355.57510900194757, 355.57510900194757, 355.48980366793694, 355.48980366793694, 355.1774251679308, 355.1774251679308, 355.1183661259711, 355.1183661259711, 354.7239004179719, 354.7239004179719, 354.4924783759634, 354.4924783759634, 354.27628704195376, 354.27628704195376, 354.1943025829387, 354.1943025829387, 353.9712954159477, 353.9712954159477, 353.84044229093706, 353.84044229093706, 353.5569073749357, 353.5569073749357, 353.38259716593893, 353.38259716593893, 353.0585671249428, 353.0585671249428, 352.90138987492537, 352.90138987492537, 352.73560704191914, 352.73560704191914, 352.6931071249419, 352.6931071249419, 352.6443076249561, 352.6443076249561, 352.60001558298245, 352.60001558298245, 352.53031083301175, 352.53031083301175, 352.51240308297565, 352.51240308297565, 352.46381316601764, 352.46381316601764, 352.4424546660157, 352.4424546660157, 352.41330712503986, 352.41330712503986, 352.3723650840693, 352.3723650840693, 352.3387934170896, 352.3387934170896, 352.3041447920841, 352.3041447920841, 352.2974643341149, 352.2974643341149, 352.2960722921416], "a_moves_left": [39, 39, 38, 38, 37, 37, 36, 36, 35, 35, 34, 34, 33, 33, 32, 32, 31, 31, 30, 30, 29, 29, 28, 28, 27, 27, 26, 26, 25, 25, 24, 24, 23, 23, 22, 22, 21, 21, 20, 20, 19, 19, 18, 18, 17, 17, 16, 16, 15, 15, 14, 14, 13, 13, 12, 12, 11, 11, 10, 10, 9, 9, 8, 8, 7, 7, 6, 6, 5, 5, 4, 4, 3, 3, 2, 2, 1, 1, 0, 0], "b_moves_left": [40, 39, 39, 38, 38, 37, 37, 36, 36, 35, 35, 34, 34, 33, 33, 32, 32, 31, 31, 30, 30, 29, 29, 28, 28, 27, 27, 26, 26, 25, 25, 24, 24, 23, 23, 22, 22, 21, 21, 20, 20, 19, 19, 18, 18, 17, 17, 16, 16, 15, 15, 14, 14, 13, 13, 12, 12, 11, 11, 10, 10, 9, 9, 8, 8, 7, 7, 6, 6, 5, 5, 4, 4, 3, 3, 2, 2, 1, 1, 0], "trapdoor_triggered": [0, 0, 0, 0, 0, 0, 0, 0, 0, 0, 0, 0, 0, 0, 0, 0, 0, 0, 0, 0, 0, 0, 0, 0, 0, 0, 0, 0, 0, 0, 1, 0, 0, 0, 0, 0, 0, 0, 0, 0, 0, 0, 0, 0, 0, 0, 0, 0, 0, 0, 0, 0, 0, 0, 0, 0, 0, 0, 0, 0, 0, 0, 0, 0, 0, 0, 0, 0, 0, 0, 0, 0, 0, 0, 0, 0, 0, 0, 0, 0], "left_behind": ["plain", "egg", "plain", "plain", "egg", "egg", "plain", "plain", "plain", "egg", "plain", "plain", "plain", "egg", "turd", "plain", "plain", "egg", "plain", "plain", "egg", "egg", "plain", "plain", "egg", "egg", "plain", "plain", "plain", "egg", "plain", "plain", "plain", "egg", "turd", "plain", "plain", "egg", "plain", "plain", "plain", "egg", "plain", "plain", "turd", "egg", "plain", "plain", "plain", "egg", "plain", "plain", "turd", "egg", "turd", "plain", "egg", "egg", "plain", "plain", "plain", "egg", "plain", "plain", "plain", "egg", "plain", "plain", "plain", "plain", "plain", "plain", "plain", "plain", "plain", "plain", "plain", "plain", "plain", "plain"], "errlog_a": "", "errlog_b": "", "start_time": 360, "start_moves": 40, "turn_count": 80, "result": 1, "reason": "EGGS_LAID", "trapdoors": [[2, 4], [3, 4]], "spawn_a": [0, 6], "spawn_b": [7, 6]}