{"pos": [[0, 3], [7, 3], [0, 2], [7, 2], [0, 1], [7, 1], [0, 0], [7, 0], [1, 0], [7, 1], [2, 0], [6, 1], [2, 1], [6, 2], [2, 2], [6, 3], [2, 3], [6, 4], [2, 4], [6, 5], [2, 5], [6, 6], [3, 5], [7, 6], [3, 6], [7, 7], [2, 6], [6, 7], [2, 5], [6, 6], [1, 5], [5, 6], [1, 4], [5, 5], [1, 3], [5, 4], [1, 2], [5, 3], [1, 1], [5, 2], [1, 0], [5, 1], [2, 0], [4, 1], [1, 0], [3, 1], [1, 1], [3, 2], [1, 2], [3, 3], [1, 1], [4, 3], [1, 2], [3, 3], [1, 1], [7, 4], [1, 2], [7, 3], [1, 3], [6, 3], [1, 4], [6, 2], [1, 5], [6, 1], [1, 6], [6, 0], [1, 7], [5, 0], [2, 7], [6, 0], [3, 7], [6, 1], [3, 6], [6, 0], [4, 6], [6, 1], [4, 5], [5, 1], [3, 5], [5, 0]], "a_eggs_laid": [1, 1, 1, 1, 2, 2, 2, 2, 5, 5, 5, 5, 6, 6, 6, 6, 7, 7, 7, 7, 8, 8, 8, 8, 9, 9, 9, 9, 10, 10, 10, 10, 11, 11, 11, 11, 12, 12, 12, 12, 13, 13, 13, 13, 13, 13, 13, 13, 13, 13, 13, 13, 13, 13, 13, 13, 17, 17, 17, 17, 17, 17, 17, 17, 17, 17, 17, 17, 18, 18, 18, 18, 19, 19, 19, 19, 20, 20, 20, 20], "b_eggs_laid": [0, 1, 1, 1, 1, 2, 2, 2, 2, 5, 5, 5, 5, 6, 6, 6, 6, 7, 7, 7, 7, 8, 8, 8, 8, 9, 9, 9, 9, 10, 10, 10, 10, 11, 11, 11, 11, 12, 12, 12, 12, 13, 13, 13, 13, 14, 14, 14, 14, 15, 15, 15, 15, 16, 16, 16, 16, 16, 16, 16, 16, 16, 16, 16, 16, 16, 16, 16, 16, 17, 17, 17, 17, 17, 17, 17, 17, 17, 17, 17], "a_turds_left": [5, 5, 5, 5, 5, 5, 5, 5, 5, 5, 5, 5, 5, 5, 5, 5, 5, 5, 5, 5, 5, 5, 5, 5, 5, 5, 5, 5, 5, 5, 5, 5, 5, 5, 5, 5, 5, 5, 5, 5, 5, 5, 5, 5, 5, 5, 5, 5, 5, 5, 5, 5, 5, 5, 4, 4, 4, 4, 4, 4, 4, 4, 4, 4, 4, 4, 4, 4, 4, 4, 4, 4, 4, 4, 4, 4, 4, 4, 4, 4], "b_turds_left": [5, 5, 5, 5, 5, 5, 5, 5, 5, 5, 5, 5, 5, 5, 5, 5, 5, 5, 5, 5, 5, 5, 5, 5, 5, 5, 5, 5, 5, 5, 5, 5, 5, 5, 5, 5, 5, 5, 5, 5, 5, 5, 5, 5, 5, 5, 5, 4, 4, 4, 4, 4, 4, 4, 4, 4, 4, 4, 4, 4, 4, 4, 4, 4, 4, 4, 4, 4, 4, 4, 4, 4, 4, 4, 4, 4, 4, 4, 4, 3], "a_time_left": [358.98444937501336, 358.98444937501336, 358.4984110420337, 358.4984110420337, 357.4215356250643, 357.4215356250643, 357.07060695806285, 357.07060695806285, 356.5914080000948, 356.5914080000948, 356.1979326251312, 356.1979326251312, 354.44595033308724, 354.44595033308724, 353.5200849160901, 353.5200849160901, 351.0716587911011, 351.0716587911011, 350.0135478331358, 350.0135478331358, 347.49315958312945, 347.49315958312945, 346.347560167138, 346.347560167138, 344.52886400016723, 344.52886400016723, 344.0818215832114, 344.0818215832114, 341.8846766251954, 341.8846766251954, 341.3094118752051, 341.3094118752051, 339.3617002501851, 339.3617002501851, 338.83877508318983, 338.83877508318983, 336.75436241721036, 336.75436241721036, 336.0515857502469, 336.0515857502469, 334.15647083322983, 334.15647083322983, 333.7295997082256, 333.7295997082256, 333.2165725422674, 333.2165725422674, 332.92278987623286, 332.92278987623286, 332.5011916682124, 332.5011916682124, 332.18262350116856, 332.18262350116856, 331.64206033514347, 331.64206033514347, 331.4236520851264, 331.4236520851264, 331.3362594600767, 331.3362594600767, 331.27919233508874, 331.27919233508874, 331.066703002085, 331.066703002085, 330.88485216908157, 330.88485216908157, 330.72603712807177, 330.72603712807177, 330.52100225305185, 330.52100225305185, 329.9635210870765, 329.9635210870765, 329.8735035461141, 329.8735035461141, 329.7077646711259, 329.7077646711259, 329.58642967115156, 329.58642967115156, 329.2968844631687, 329.2968844631687, 329.2726557541755, 329.2726557541755], "b_time_left": [360, 359.0495789999841, 359.0495789999841, 358.4594777500024, 358.4594777500024, 357.9218969589565, 357.9218969589565, 357.51866604195675, 357.51866604195675, 356.8744802919682, 356.8744802919682, 356.2532266259659, 356.2532266259659, 353.8948030419415, 353.8948030419415, 352.8054508329369, 352.8054508329369, 350.50288895791164, 350.50288895791164, 349.448633791937, 349.448633791937, 346.72889179195045, 346.72889179195045, 345.8114228749182, 345.8114228749182, 344.2639111249009, 344.2639111249009, 343.8305589169031, 343.8305589169031, 342.8812398748705, 342.8812398748705, 342.1652101248619, 342.1652101248619, 341.3688677918399, 341.3688677918399, 340.3202012088732, 340.3202012088732, 339.3325226258603, 339.3325226258603, 338.3914808338741, 338.3914808338741, 338.01476129190996, 338.01476129190996, 337.66741862596245, 337.66741862596245, 337.2579311259324, 337.2579311259324, 336.99153320892947, 336.99153320892947, 336.56564045895357, 336.56564045895357, 336.3716627919348, 336.3716627919348, 335.808985624928, 335.808985624928, 335.67859304189915, 335.67859304189915, 335.62461316684494, 335.62461316684494, 335.3013933748007, 335.3013933748007, 335.12948366679484, 335.12948366679484, 334.72137075074716, 334.72137075074716, 334.335207375756, 334.335207375756, 333.92627520876704, 333.92627520876704, 333.5274989177706, 333.5274989177706, 333.18989654281177, 333.18989654281177, 332.9645174597972, 332.9645174597972, 332.5998190428363, 332.5998190428363, 332.5779572518659, 332.5779572518659, 332.57441146089695], "a_moves_left": [39, 39, 38, 38, 37, 37, 36, 36, 35, 35, 34, 34, 33, 33, 32, 32, 31, 31, 30, 30, 29, 29, 28, 28, 27, 27, 26, 26, 25, 25, 24, 24, 23, 23, 22, 22, 21, 21, 20, 20, 19, 19, 18, 18, 17, 17, 16, 16, 15, 15, 14, 14, 13, 13, 12, 12, 11, 11, 10, 10, 9, 9, 8, 8, 7, 7, 6, 6, 5, 5, 4, 4, 3, 3, 2, 2, 1, 1, 0, 0], "b_moves_left": [40, 39, 39, 38, 38, 37, 37, 36, 36, 35, 35, 34, 34, 33, 33, 32, 32, 31, 31, 30, 30, 29, 29, 28, 28, 27, 27, 26, 26, 25, 25, 24, 24, 23, 23, 22, 22, 21, 21, 20, 20, 19, 19, 18, 18, 17, 17, 16, 16, 15, 15, 14, 14, 13, 13, 12, 12, 11, 11, 10, 10, 9, 9, 8, 8, 7, 7, 6, 6, 5, 5, 4, 4, 3, 3, 2, 2, 1, 1, 0], "trapdoor_triggered": [0, 0, 0, 0, 0, 0, 0, 0, 0, 0, 0, 0, 0, 0, 0, 0, 0, 0, 0, 0, 0, 0, 0, 0, 0, 0, 0, 0, 0, 0, 0, 0, 0, 0, 0, 0, 0, 0, 0, 0, 0, 0, 0, 0, 0, 0, 0, 0, 0, 0, 0, 0, 0, 0, 0, 1, 0, 0, 0, 0, 0, 0, 0, 0, 0, 0, 0, 0, 0, 0, 0, 0, 0, 0, 0, 0, 0, 0, 0, 0], "left_behind": ["egg", "egg", "plain", "plain", "egg", "egg", "plain", "plain", "egg", "egg", "plain", "plain", "egg", "egg", "plain", "plain", "egg", "egg", "plain", "plain", "egg", "egg", "plain", "plain", "egg", "egg", "plain", "plain", "egg", "egg", "plain", "plain", "egg", "egg", "plain", "plain", "egg", "egg", "plain", "plain", "egg", "egg", "plain", "plain", "plain", "egg", "plain", "turd", "plain", "egg", "plain", "plain", "plain", "egg", "turd", "plain", "plain", "plain", "plain", "plain", "plain", "plain", "plain", "plain", "plain", "plain", "plain", "plain", "egg", "egg", "plain", "plain", "egg", "plain", "plain", "plain", "egg", "plain", "plain", "turd"], "errlog_a": "", "errlog_b": "", "start_time": 360, "start_moves": 40, "turn_count": 80, "result": 0, "reason": "EGGS_LAID", "trapdoors": [[4, 2], [3, 4]], "spawn_a": [0, 4], "spawn_b": [7, 4]}