{"pos": [[0, 5], [7, 3], [1, 5], [7, 2], [2, 5], [7, 1], [2, 6], [7, 0], [2, 5], [7, 1], [0, 4], [6, 1], [1, 4], [6, 2], [0, 4], [6, 3], [0, 3], [6, 4], [1, 3], [6, 5], [2, 3], [6, 6], [0, 4], [7, 6], [0, 3]], "a_eggs_laid": [1, 1, 1, 1, 2, 2, 2, 2, 3, 3, 3, 3, 3, 3, 3, 3, 3, 3, 3, 3, 4, 4, 4, 4, 4], "b_eggs_laid": [0, 1, 1, 1, 1, 2, 2, 2, 2, 5, 5, 9, 9, 10, 10, 14, 14, 15, 15, 15, 15, 16, 16, 20, 20], "a_turds_left": [5, 5, 4, 4, 4, 4, 4, 4, 4, 4, 4, 4, 4, 4, 4, 4, 4, 4, 3, 3, 3, 3, 3, 3, 3], "b_turds_left": [5, 5, 5, 5, 5, 5, 5, 5, 5, 5, 5, 5, 5, 5, 5, 5, 5, 5, 5, 5, 5, 5, 5, 5, 5], "a_time_left": [358.51910500001395, 358.51910500001395, 357.65031408303184, 357.65031408303184, 355.10875483305426, 355.10875483305426, 354.00553424906684, 354.00553424906684, 352.04695441608783, 352.04695441608783, 350.6888408740633, 350.6888408740633, 349.9516227490385, 349.9516227490385, 348.7052092900267, 348.7052092900267, 348.00505587400403, 348.00505587400403, 347.12911220802926, 347.12911220802926, 344.68042724905536, 344.68042724905536, 342.9857211650233, 342.9857211650233, 342.53734495601384], "b_time_left": [360, 358.1854542910005, 358.1854542910005, 356.92407616594573, 356.92407616594573, 354.16062929091277, 354.16062929091277, 352.1414122909191, 352.1414122909191, 350.47641058289446, 350.47641058289446, 350.146353082906, 350.146353082906, 346.6939966669306, 346.6939966669306, 346.25203254190274, 346.25203254190274, 343.7757767078583, 343.7757767078583, 342.36410679185065, 342.36410679185065, 338.15442208288005, 338.15442208288005, 337.7642221248825, 337.7642221248825], "a_moves_left": [39, 39, 38, 38, 37, 37, 36, 36, 35, 35, 34, 34, 33, 33, 32, 32, 31, 31, 30, 30, 29, 29, 28, 28, 27], "b_moves_left": [40, 39, 39, 38, 38, 37, 37, 36, 36, 35, 35, 34, 34, 33, 33, 32, 32, 31, 31, 30, 30, 29, 29, 28, 28], "trapdoor_triggered": [0, 0, 0, 0, 0, 0, 0, 0, 0, 0, 1, 0, 0, 0, 1, 0, 0, 0, 0, 0, 0, 0, 1, 0, 0], "left_behind": ["egg", "egg", "turd", "plain", "egg", "egg", "plain", "plain", "egg", "egg", "plain", "plain", "plain", "egg", "plain", "plain", "plain", "egg", "turd", "plain", "egg", "egg", "plain", "plain", "plain"], "errlog_a": "", "errlog_b": "Timeout", "start_time": 360, "start_moves": 40, "turn_count": 25, "result": 0, "reason": "CODE_CRASH", "trapdoors": [[2, 4], [4, 5]], "spawn_a": [0, 4], "spawn_b": [7, 4]}