{"pos": [[7, 4], [0, 4], [7, 3], [0, 3], [7, 2], [0, 2], [7, 1], [0, 1], [6, 1], [1, 1], [5, 1], [1, 0], [6, 1], [2, 0], [6, 2], [3, 0], [6, 3], [3, 1], [5, 3], [4, 1], [6, 3], [3, 1], [6, 4], [3, 2], [7, 4], [3, 1], [6, 4], [2, 1], [6, 5], [2, 2], [5, 5], [2, 3], [5, 6], [2, 2], [4, 6], [1, 2], [3, 6], [1, 3], [3, 7], [1, 4], [2, 7], [1, 5], [3, 7], [2, 5], [4, 7], [3, 5], [5, 7], [4, 5], [6, 7], [4, 4], [7, 7], [0, 5], [7, 6], [0, 6], [6, 6], [0, 7], [6, 5], [1, 7], [6, 6], [1, 6], [6, 5], [2, 6], [6, 6], [3, 6], [6, 5], [3, 5], [5, 5], [0, 5], [5, 4], [0, 4], [5, 5], [1, 4], [5, 4], [1, 3], [5, 5], [2, 3], [6, 5], [1, 3], [6, 6], [0, 3]], "a_eggs_laid": [1, 1, 1, 1, 2, 2, 2, 2, 3, 3, 3, 3, 4, 4, 4, 4, 5, 5, 5, 5, 5, 5, 5, 5, 6, 6, 6, 6, 6, 6, 6, 6, 7, 7, 7, 7, 8, 8, 8, 8, 9, 9, 9, 9, 9, 9, 9, 9, 10, 10, 10, 10, 17, 17, 17, 17, 18, 18, 18, 18, 18, 18, 18, 18, 18, 18, 18, 18, 22, 22, 22, 22, 22, 22, 22, 22, 22, 22, 22, 22], "b_eggs_laid": [0, 1, 1, 1, 1, 2, 2, 2, 2, 3, 3, 3, 3, 4, 4, 4, 4, 5, 5, 5, 5, 6, 6, 6, 6, 7, 7, 7, 7, 8, 8, 8, 8, 9, 9, 9, 9, 10, 10, 10, 10, 11, 11, 11, 11, 12, 12, 12, 12, 13, 13, 13, 13, 13, 13, 13, 13, 16, 16, 16, 16, 17, 17, 17, 17, 18, 18, 18, 18, 18, 18, 18, 18, 18, 18, 18, 18, 18, 18, 18], "a_turds_left": [5, 5, 5, 5, 5, 5, 5, 5, 5, 5, 5, 5, 5, 5, 5, 5, 5, 5, 5, 5, 4, 4, 4, 4, 4, 4, 4, 4, 4, 4, 4, 4, 4, 4, 4, 4, 4, 4, 4, 4, 4, 4, 4, 4, 4, 4, 4, 4, 4, 4, 4, 4, 4, 4, 4, 4, 4, 4, 4, 4, 4, 4, 4, 4, 4, 4, 4, 4, 4, 4, 4, 4, 4, 4, 4, 4, 4, 4, 4, 4], "b_turds_left": [5, 5, 5, 5, 5, 5, 5, 5, 5, 5, 5, 5, 5, 5, 5, 5, 5, 5, 5, 5, 5, 5, 5, 5, 5, 5, 5, 5, 5, 5, 5, 5, 5, 5, 5, 5, 5, 5, 5, 5, 5, 5, 5, 4, 4, 4, 4, 4, 4, 4, 4, 4, 4, 4, 4, 4, 4, 4, 4, 4, 4, 4, 4, 4, 4, 4, 4, 4, 4, 4, 4, 4, 4, 4, 4, 4, 4, 4, 4, 3], "a_time_left": [358.913928791997, 358.913928791997, 358.36072287597926, 358.36072287597926, 357.14289858494885, 357.14289858494885, 356.6195778759429, 356.6195778759429, 355.1336654169136, 355.1336654169136, 354.09858070791233, 354.09858070791233, 352.8201507909107, 352.8201507909107, 352.06249174888944, 352.06249174888944, 349.7975230409065, 349.7975230409065, 348.79686958290404, 348.79686958290404, 347.8002586658695, 347.8002586658695, 347.15254908188945, 347.15254908188945, 346.0248794978834, 346.0248794978834, 345.7284398728516, 345.7284398728516, 344.81899670581333, 344.81899670581333, 344.31177049782127, 344.31177049782127, 341.43218462279765, 341.43218462279765, 341.00482174783247, 341.00482174783247, 337.85753945686156, 337.85753945686156, 337.23907137289643, 337.23907137289643, 336.0020880388911, 336.0020880388911, 335.6662564968574, 335.6662564968574, 335.323772746895, 335.323772746895, 335.0844537058729, 335.0844537058729, 334.83876541483914, 334.83876541483914, 334.6188666228554, 334.6188666228554, 334.4777487478568, 334.4777487478568, 334.1996283318731, 334.1996283318731, 333.7509448318742, 333.7509448318742, 333.39026320690755, 333.39026320690755, 333.0538099569385, 333.0538099569385, 332.72552841494326, 332.72552841494326, 332.49591116490774, 332.49591116490774, 332.22003928991035, 332.22003928991035, 332.1339487899095, 332.1339487899095, 331.9639497898752, 331.9639497898752, 331.83258703991305, 331.83258703991305, 331.5947405399056, 331.5947405399056, 331.44894620688865, 331.44894620688865, 331.41323637386085, 331.41323637386085], "b_time_left": [360, 359.21908725000685, 359.21908725000685, 358.66535029100487, 358.66535029100487, 357.9120772909955, 357.9120772909955, 357.3406919160043, 357.3406919160043, 356.0391807910055, 356.0391807910055, 354.8278584990185, 354.8278584990185, 353.8284394160146, 353.8284394160146, 352.96550562401535, 352.96550562401535, 351.52547987399157, 351.52547987399157, 350.33858149894513, 350.33858149894513, 349.55251399899134, 349.55251399899134, 348.5880993740284, 348.5880993740284, 348.09415816602996, 348.09415816602996, 347.7583337909891, 347.7583337909891, 345.76538433198584, 345.76538433198584, 344.6438800819451, 344.6438800819451, 342.4911694569746, 342.4911694569746, 341.62455908197444, 341.62455908197444, 340.21998937398894, 340.21998937398894, 339.683103124029, 339.683103124029, 338.68266454106197, 338.68266454106197, 338.4716497490299, 338.4716497490299, 337.9188635410392, 337.9188635410392, 337.34404541604454, 337.34404541604454, 337.05390749906655, 337.05390749906655, 336.8933811650495, 336.8933811650495, 336.7723273730371, 336.7723273730371, 336.3290902900044, 336.3290902900044, 336.1453274980304, 336.1453274980304, 335.9958389980602, 335.9958389980602, 335.644108164066, 335.644108164066, 335.45338649710175, 335.45338649710175, 335.28300078806933, 335.28300078806933, 335.0737575380481, 335.0737575380481, 334.95750837103697, 334.95750837103697, 334.8428212040453, 334.8428212040453, 334.6913034130703, 334.6913034130703, 334.5065278300899, 334.5065278300899, 334.41232562210644, 334.41232562210644, 334.4075904971105], "a_moves_left": [39, 39, 38, 38, 37, 37, 36, 36, 35, 35, 34, 34, 33, 33, 32, 32, 31, 31, 30, 30, 29, 29, 28, 28, 27, 27, 26, 26, 25, 25, 24, 24, 23, 23, 22, 22, 21, 21, 20, 20, 19, 19, 18, 18, 17, 17, 16, 16, 15, 15, 14, 14, 13, 13, 12, 12, 11, 11, 10, 10, 9, 9, 8, 8, 7, 7, 6, 6, 5, 5, 4, 4, 3, 3, 2, 2, 1, 1, 0, 0], "b_moves_left": [40, 39, 39, 38, 38, 37, 37, 36, 36, 35, 35, 34, 34, 33, 33, 32, 32, 31, 31, 30, 30, 29, 29, 28, 28, 27, 27, 26, 26, 25, 25, 24, 24, 23, 23, 22, 22, 21, 21, 20, 20, 19, 19, 18, 18, 17, 17, 16, 16, 15, 15, 14, 14, 13, 13, 12, 12, 11, 11, 10, 10, 9, 9, 8, 8, 7, 7, 6, 6, 5, 5, 4, 4, 3, 3, 2, 2, 1, 1, 0], "trapdoor_triggered": [0, 0, 0, 0, 0, 0, 0, 0, 0, 0, 0, 0, 0, 0, 0, 0, 0, 0, 0, 0, 0, 0, 0, 0, 0, 0, 0, 0, 0, 0, 0, 0, 0, 0, 0, 0, 0, 0, 0, 0, 0, 0, 0, 0, 0, 0, 0, 0, 0, 0, 0, 1, 0, 0, 0, 0, 0, 0, 0, 0, 0, 0, 0, 0, 0, 0, 0, 1, 0, 0, 0, 0, 0, 0, 0, 0, 0, 0, 0, 0], "left_behind": ["egg", "egg", "plain", "plain", "egg", "egg", "plain", "plain", "egg", "egg", "plain", "plain", "egg", "egg", "plain", "plain", "egg", "egg", "plain", "plain", "turd", "egg", "plain", "plain", "egg", "egg", "plain", "plain", "plain", "egg", "plain", "plain", "egg", "egg", "plain", "plain", "egg", "egg", "plain", "plain", "egg", "egg", "plain", "turd", "plain", "egg", "plain", "plain", "egg", "egg", "plain", "plain", "egg", "plain", "plain", "plain", "egg", "egg", "plain", "plain", "plain", "egg", "plain", "plain", "plain", "egg", "plain", "plain", "plain", "plain", "plain", "plain", "plain", "plain", "plain", "plain", "plain", "plain", "plain", "turd"], "errlog_a": "", "errlog_b": "", "start_time": 360, "start_moves": 40, "turn_count": 80, "result": 0, "reason": "EGGS_LAID", "trapdoors": [[4, 2], [3, 4]], "spawn_a": [7, 5], "spawn_b": [0, 5]}