{"pos": [[1, 2], [7, 1], [0, 2], [7, 0], [0, 3]], "a_eggs_laid": [1, 1, 1, 1, 1], "b_eggs_laid": [0, 1, 1, 1, 1], "a_turds_left": [5, 5, 4, 4, 4], "b_turds_left": [5, 5, 5, 5, 5], "a_time_left": [358.48829316697083, 358.48829316697083, 356.9829834169359, 356.9829834169359, 355.4774648339371], "b_time_left": [360, 357.5846707089804, 357.5846707089804, 357.24158579297364, 357.24158579297364], "a_moves_left": [39, 39, 38, 38, 37], "b_moves_left": [40, 39, 39, 38, 38], "trapdoor_triggered": [0, 0, 0, 0, 0], "left_behind": ["egg", "egg", "turd", "plain", "plain"], "errlog_a": "", "errlog_b": "Timeout", "start_time": 360, "start_moves": 40, "turn_count": 5, "result": 0, "reason": "CODE_CRASH", "trapdoors": [[4, 2], [5, 2]], "spawn_a": [0, 2], "spawn_b": [7, 2]}