{"pos": [[0, 3], [7, 1], [1, 3], [7, 0], [1, 2], [7, 1], [1, 1], [6, 1], [2, 1], [6, 2], [2, 0], [5, 2], [2, 1], [4, 2], [2, 2], [4, 3], [2, 1], [4, 2], [3, 1], [4, 1], [3, 2], [4, 2], [0, 2], [3, 2], [0, 3], [4, 2], [0, 4], [4, 1], [0, 5], [4, 0], [0, 6], [5, 0], [1, 6], [6, 0], [1, 5], [6, 1], [1, 6], [6, 2], [2, 6], [6, 3], [3, 6], [6, 4], [4, 6], [6, 5], [3, 6], [5, 5], [3, 5], [7, 2], [3, 4], [7, 3], [0, 2], [7, 4], [0, 1], [7, 5], [0, 0], [7, 6], [1, 0], [7, 7], [1, 1], [6, 7], [1, 0], [6, 6], [1, 1], [5, 6], [1, 0], [5, 5], [2, 0], [7, 2], [3, 0], [7, 1], [4, 0], [6, 1], [3, 0], [6, 0], [2, 0], [6, 1], [1, 0], [6, 0], [1, 1], [7, 0]], "a_eggs_laid": [1, 1, 1, 1, 2, 2, 2, 2, 3, 3, 3, 3, 4, 4, 4, 4, 5, 5, 5, 5, 6, 6, 6, 6, 6, 6, 6, 6, 7, 7, 7, 7, 8, 8, 8, 8, 9, 9, 9, 9, 10, 10, 10, 10, 11, 11, 11, 11, 16, 16, 16, 16, 16, 16, 16, 16, 19, 19, 19, 19, 19, 19, 19, 19, 19, 19, 19, 19, 23, 23, 23, 23, 24, 24, 24, 24, 24, 24, 24, 24], "b_eggs_laid": [0, 1, 1, 1, 1, 4, 4, 4, 4, 5, 5, 5, 5, 6, 6, 6, 6, 7, 7, 7, 7, 8, 8, 12, 12, 13, 13, 13, 13, 13, 13, 13, 13, 14, 14, 14, 14, 14, 14, 14, 14, 15, 15, 15, 15, 16, 16, 16, 16, 16, 16, 20, 20, 21, 21, 21, 21, 22, 22, 22, 22, 23, 23, 23, 23, 24, 24, 24, 24, 24, 24, 24, 24, 24, 24, 24, 24, 24, 24, 24], "a_turds_left": [5, 5, 4, 4, 4, 4, 4, 4, 4, 4, 4, 4, 4, 4, 4, 4, 4, 4, 4, 4, 4, 4, 4, 4, 4, 4, 4, 4, 4, 4, 3, 3, 3, 3, 3, 3, 3, 3, 2, 2, 2, 2, 2, 2, 2, 2, 1, 1, 1, 1, 1, 1, 1, 1, 1, 1, 1, 1, 1, 1, 1, 1, 1, 1, 1, 1, 1, 1, 1, 1, 1, 1, 1, 1, 1, 1, 1, 1, 1, 1], "b_turds_left": [5, 5, 5, 5, 5, 5, 5, 5, 5, 5, 5, 5, 5, 5, 5, 5, 5, 5, 5, 5, 5, 5, 5, 5, 5, 5, 5, 5, 5, 5, 5, 5, 5, 5, 5, 5, 5, 5, 5, 5, 5, 5, 5, 5, 5, 5, 5, 5, 5, 5, 5, 5, 5, 5, 5, 5, 5, 5, 5, 5, 5, 5, 5, 5, 5, 5, 5, 5, 5, 5, 5, 5, 5, 5, 5, 5, 5, 5, 5, 4], "a_time_left": [358.42701616702834, 358.42701616702834, 357.79010854201624, 357.79010854201624, 356.15145841700723, 356.15145841700723, 355.18897554202704, 355.18897554202704, 352.3560690419981, 352.3560690419981, 350.734883541998, 350.734883541998, 347.4641829589964, 347.4641829589964, 346.0264450419927, 346.0264450419927, 343.2027557500405, 343.2027557500405, 342.222390791052, 342.222390791052, 340.99738920805976, 340.99738920805976, 340.59261441708077, 340.59261441708077, 340.2295288750902, 340.2295288750902, 340.07064125011675, 340.07064125011675, 339.41004654206336, 339.41004654206336, 338.97531450004317, 338.97531450004317, 337.69121258403175, 337.69121258403175, 337.358767000027, 337.358767000027, 336.3153720420669, 336.3153720420669, 335.5545549590606, 335.5545549590606, 332.9493400840438, 332.9493400840438, 331.46648208406987, 331.46648208406987, 328.92504929204006, 328.92504929204006, 327.9320599580533, 327.9320599580533, 327.2957131670555, 327.2957131670555, 326.7920802500448, 326.7920802500448, 326.37578166608, 326.37578166608, 325.9562493740814, 325.9562493740814, 324.8095362490858, 324.8095362490858, 324.56475733208936, 324.56475733208936, 324.0529455820797, 324.0529455820797, 323.7267546650837, 323.7267546650837, 323.38701912306715, 323.38701912306715, 322.97191166406265, 322.97191166406265, 322.8478709140327, 322.8478709140327, 322.7399549970287, 322.7399549970287, 322.53761008003494, 322.53761008003494, 322.373658247001, 322.373658247001, 322.14577108004596, 322.14577108004596, 322.1184407050605, 322.1184407050605], "b_time_left": [360, 358.1913596660015, 358.1913596660015, 356.982722249988, 356.982722249988, 355.6026689169812, 355.6026689169812, 354.40936383302324, 354.40936383302324, 350.6466558750253, 350.6466558750253, 349.3005804590066, 349.3005804590066, 346.4832771680085, 346.4832771680085, 344.9348548340495, 344.9348548340495, 343.58902104303706, 343.58902104303706, 342.7623630010057, 342.7623630010057, 342.1744379590382, 342.1744379590382, 341.7508677090518, 341.7508677090518, 341.2190400840482, 341.2190400840482, 340.50687808409566, 340.50687808409566, 340.16271141706966, 340.16271141706966, 339.6934680840932, 339.6934680840932, 338.2831002920866, 338.2831002920866, 337.400094584038, 337.400094584038, 336.71353979199193, 336.71353979199193, 335.76621374994284, 335.76621374994284, 333.3025522499229, 333.3025522499229, 331.8689792919322, 331.8689792919322, 330.1690797919291, 330.1690797919291, 329.2958237499115, 329.2958237499115, 328.9821268339292, 328.9821268339292, 328.76920337596675, 328.76920337596675, 328.44242466794094, 328.44242466794094, 328.0971384179429, 328.0971384179429, 327.8747055429849, 327.8747055429849, 327.70704000093974, 327.70704000093974, 327.49285962595604, 327.49285962595604, 327.1772240839782, 327.1772240839782, 326.90182412497234, 326.90182412497234, 326.6389557499788, 326.6389557499788, 326.5316957909381, 326.5316957909381, 326.3133637079736, 326.3133637079736, 326.1749127910007, 326.1749127910007, 325.9877734989859, 325.9877734989859, 325.90735787397716, 325.90735787397716, 325.9016410819604], "a_moves_left": [39, 39, 38, 38, 37, 37, 36, 36, 35, 35, 34, 34, 33, 33, 32, 32, 31, 31, 30, 30, 29, 29, 28, 28, 27, 27, 26, 26, 25, 25, 24, 24, 23, 23, 22, 22, 21, 21, 20, 20, 19, 19, 18, 18, 17, 17, 16, 16, 15, 15, 14, 14, 13, 13, 12, 12, 11, 11, 10, 10, 9, 9, 8, 8, 7, 7, 6, 6, 5, 5, 4, 4, 3, 3, 2, 2, 1, 1, 0, 0], "b_moves_left": [40, 39, 39, 38, 38, 37, 37, 36, 36, 35, 35, 34, 34, 33, 33, 32, 32, 31, 31, 30, 30, 29, 29, 28, 28, 27, 27, 26, 26, 25, 25, 24, 24, 23, 23, 22, 22, 21, 21, 20, 20, 19, 19, 18, 18, 17, 17, 16, 16, 15, 15, 14, 14, 13, 13, 12, 12, 11, 11, 10, 10, 9, 9, 8, 8, 7, 7, 6, 6, 5, 5, 4, 4, 3, 3, 2, 2, 1, 1, 0], "trapdoor_triggered": [0, 0, 0, 0, 0, 0, 0, 0, 0, 0, 0, 0, 0, 0, 0, 0, 0, 0, 0, 0, 0, 0, 1, 0, 0, 0, 0, 0, 0, 0, 0, 0, 0, 0, 0, 0, 0, 0, 0, 0, 0, 0, 0, 0, 0, 0, 0, 1, 0, 0, 1, 0, 0, 0, 0, 0, 0, 0, 0, 0, 0, 0, 0, 0, 0, 0, 0, 1, 0, 0, 0, 0, 0, 0, 0, 0, 0, 0, 0, 0], "left_behind": ["egg", "egg", "turd", "plain", "egg", "egg", "plain", "plain", "egg", "egg", "plain", "plain", "egg", "egg", "plain", "plain", "egg", "egg", "plain", "plain", "egg", "egg", "plain", "plain", "plain", "egg", "plain", "plain", "egg", "plain", "turd", "plain", "egg", "egg", "plain", "plain", "egg", "plain", "turd", "plain", "egg", "egg", "plain", "plain", "egg", "egg", "turd", "plain", "egg", "plain", "plain", "plain", "plain", "egg", "plain", "plain", "egg", "egg", "plain", "plain", "plain", "egg", "plain", "plain", "plain", "egg", "plain", "plain", "plain", "plain", "plain", "plain", "egg", "plain", "plain", "plain", "plain", "plain", "plain", "turd"], "errlog_a": "", "errlog_b": "", "start_time": 360, "start_moves": 40, "turn_count": 80, "result": 2, "reason": "EGGS_LAID", "trapdoors": [[3, 3], [5, 4]], "spawn_a": [0, 2], "spawn_b": [7, 2]}