{"pos": [[0, 1], [7, 1], [0, 0], [7, 0], [1, 0], [7, 1], [2, 0], [6, 1], [2, 1], [6, 2], [2, 2], [6, 3], [2, 3], [5, 3], [0, 2], [5, 2], [0, 1], [5, 1], [1, 1], [5, 0], [1, 2], [5, 1], [1, 3], [4, 1], [1, 4], [3, 1], [1, 5], [3, 0], [2, 5], [3, 1], [3, 5], [3, 2], [4, 5], [4, 2], [5, 5], [4, 1], [6, 5], [4, 0], [6, 6], [5, 0], [5, 6], [6, 0], [4, 6], [6, 1], [3, 6], [6, 0], [2, 6], [6, 1], [2, 7], [6, 0], [1, 7], [6, 1], [1, 6], [6, 0], [0, 6], [6, 1], [0, 5], [6, 0], [0, 4], [6, 1], [0, 3], [6, 0], [0, 2], [6, 1], [0, 1], [6, 0], [1, 1], [6, 1], [1, 2], [6, 0], [1, 1], [6, 1], [1, 2], [6, 0], [1, 3], [6, 1], [1, 4], [6, 0], [1, 5], [7, 0]], "a_eggs_laid": [1, 1, 1, 1, 4, 4, 4, 4, 5, 5, 5, 5, 6, 6, 6, 6, 6, 6, 6, 6, 7, 7, 7, 7, 8, 8, 8, 8, 9, 9, 9, 9, 10, 10, 10, 10, 11, 11, 11, 11, 12, 12, 12, 12, 13, 13, 13, 13, 14, 14, 14, 14, 15, 15, 15, 15, 16, 16, 16, 16, 17, 17, 17, 17, 17, 17, 17, 17, 17, 17, 17, 17, 17, 17, 17, 17, 17, 17, 17, 17], "b_eggs_laid": [0, 1, 1, 1, 1, 4, 4, 4, 4, 5, 5, 5, 5, 6, 6, 10, 10, 11, 11, 11, 11, 12, 12, 12, 12, 13, 13, 13, 13, 14, 14, 14, 14, 15, 15, 15, 15, 15, 15, 15, 15, 15, 15, 15, 15, 15, 15, 15, 15, 15, 15, 15, 15, 15, 15, 15, 15, 15, 15, 15, 15, 15, 15, 15, 15, 15, 15, 15, 15, 15, 15, 15, 15, 15, 15, 15, 15, 15, 15, 15], "a_turds_left": [5, 5, 5, 5, 5, 5, 5, 5, 5, 5, 5, 5, 5, 5, 4, 4, 4, 4, 4, 4, 4, 4, 4, 4, 4, 4, 4, 4, 4, 4, 4, 4, 4, 4, 4, 4, 4, 4, 4, 4, 4, 4, 4, 4, 4, 4, 4, 4, 4, 4, 4, 4, 4, 4, 4, 4, 4, 4, 4, 4, 4, 4, 4, 4, 4, 4, 4, 4, 4, 4, 4, 4, 4, 4, 4, 4, 4, 4, 4, 4], "b_turds_left": [5, 5, 5, 5, 5, 5, 5, 5, 5, 5, 5, 5, 5, 5, 5, 5, 5, 5, 5, 5, 5, 5, 5, 5, 5, 5, 5, 5, 5, 5, 5, 5, 5, 5, 5, 4, 4, 4, 4, 4, 4, 4, 4, 4, 4, 4, 4, 4, 4, 4, 4, 4, 4, 4, 4, 4, 4, 4, 4, 4, 4, 4, 4, 4, 4, 4, 4, 4, 4, 4, 4, 4, 4, 4, 4, 4, 4, 4, 4, 3], "a_time_left": [358.835990749998, 358.835990749998, 358.4371437910013, 358.4371437910013, 357.8845587489777, 357.8845587489777, 357.40109191596275, 357.40109191596275, 355.32502133300295, 355.32502133300295, 354.17656716599595, 354.17656716599595, 351.0906016660156, 351.0906016660156, 349.88489833299536, 349.88489833299536, 349.23576954199234, 349.23576954199234, 348.7212812920334, 348.7212812920334, 347.20586779201403, 347.20586779201403, 346.5245942090405, 346.5245942090405, 342.7520026669954, 342.7520026669954, 342.08149354194757, 342.08149354194757, 340.65860208298545, 340.65860208298545, 340.0623999579693, 340.0623999579693, 338.463353540923, 338.463353540923, 337.89620979095344, 337.89620979095344, 337.06862537394045, 337.06862537394045, 336.77328216593014, 336.77328216593014, 336.17946741596097, 336.17946741596097, 335.96408629091457, 335.96408629091457, 335.06558945792494, 335.06558945792494, 334.8665634999634, 334.8665634999634, 334.0973346659448, 334.0973346659448, 333.96618833293905, 333.96618833293905, 333.48183912492823, 333.48183912492823, 333.3522595828981, 333.3522595828981, 332.9657891248935, 332.9657891248935, 332.8524332079105, 332.8524332079105, 332.38041620794684, 332.38041620794684, 332.2891972079524, 332.2891972079524, 332.15547670796514, 332.15547670796514, 332.06757912493777, 332.06757912493777, 331.8722074999241, 331.8722074999241, 331.7441237499006, 331.7441237499006, 331.55351904087, 331.55351904087, 331.39828924887115, 331.39828924887115, 331.16623912384966, 331.16623912384966, 331.14279749884736, 331.14279749884736], "b_time_left": [360, 359.3052672079648, 359.3052672079648, 358.7852801660192, 358.7852801660192, 357.8672581660212, 357.8672581660212, 357.20465291599976, 357.20465291599976, 354.8304269160144, 354.8304269160144, 353.75231633201474, 353.75231633201474, 352.1999327490339, 352.1999327490339, 351.8515439580078, 351.8515439580078, 350.90305800002534, 350.90305800002534, 349.5470343750203, 349.5470343750203, 348.5450737500214, 348.5450737500214, 347.724578415975, 347.724578415975, 346.4956263320055, 346.4956263320055, 345.71785999799613, 345.71785999799613, 344.9900487479754, 344.9900487479754, 344.22482687298907, 344.22482687298907, 343.7323883729405, 343.7323883729405, 343.1644621229498, 343.1644621229498, 342.79548270691885, 342.79548270691885, 342.17769649793627, 342.17769649793627, 341.9908724979032, 341.9908724979032, 341.5216162059223, 341.5216162059223, 341.27755324792815, 341.27755324792815, 340.8703659559251, 340.8703659559251, 340.46298283094075, 340.46298283094075, 340.0853746639332, 340.0853746639332, 339.9202263309271, 339.9202263309271, 339.6127572469413, 339.6127572469413, 339.46948245493695, 339.46948245493695, 339.2120258709765, 339.2120258709765, 339.1276707050274, 339.1276707050274, 339.00853687204653, 339.00853687204653, 338.91721045505255, 338.91721045505255, 338.7230596630834, 338.7230596630834, 338.62245499604614, 338.62245499604614, 338.44117245503, 338.44117245503, 338.3384113300126, 338.3384113300126, 338.20240778900916, 338.20240778900916, 338.16548962303204, 338.16548962303204, 338.16134903905913], "a_moves_left": [39, 39, 38, 38, 37, 37, 36, 36, 35, 35, 34, 34, 33, 33, 32, 32, 31, 31, 30, 30, 29, 29, 28, 28, 27, 27, 26, 26, 25, 25, 24, 24, 23, 23, 22, 22, 21, 21, 20, 20, 19, 19, 18, 18, 17, 17, 16, 16, 15, 15, 14, 14, 13, 13, 12, 12, 11, 11, 10, 10, 9, 9, 8, 8, 7, 7, 6, 6, 5, 5, 4, 4, 3, 3, 2, 2, 1, 1, 0, 0], "b_moves_left": [40, 39, 39, 38, 38, 37, 37, 36, 36, 35, 35, 34, 34, 33, 33, 32, 32, 31, 31, 30, 30, 29, 29, 28, 28, 27, 27, 26, 26, 25, 25, 24, 24, 23, 23, 22, 22, 21, 21, 20, 20, 19, 19, 18, 18, 17, 17, 16, 16, 15, 15, 14, 14, 13, 13, 12, 12, 11, 11, 10, 10, 9, 9, 8, 8, 7, 7, 6, 6, 5, 5, 4, 4, 3, 3, 2, 2, 1, 1, 0], "trapdoor_triggered": [0, 0, 0, 0, 0, 0, 0, 0, 0, 0, 0, 0, 0, 0, 1, 0, 0, 0, 0, 0, 0, 0, 0, 0, 0, 0, 0, 0, 0, 0, 0, 0, 0, 0, 0, 0, 0, 0, 0, 0, 0, 0, 0, 0, 0, 0, 0, 0, 0, 0, 0, 0, 0, 0, 0, 0, 0, 0, 0, 0, 0, 0, 0, 0, 0, 0, 0, 0, 0, 0, 0, 0, 0, 0, 0, 0, 0, 0, 0, 0], "left_behind": ["egg", "egg", "plain", "plain", "egg", "egg", "plain", "plain", "egg", "egg", "plain", "plain", "egg", "egg", "turd", "plain", "plain", "egg", "plain", "plain", "egg", "egg", "plain", "plain", "egg", "egg", "plain", "plain", "egg", "egg", "plain", "plain", "egg", "egg", "plain", "turd", "egg", "plain", "plain", "plain", "egg", "plain", "plain", "plain", "egg", "plain", "plain", "plain", "egg", "plain", "plain", "plain", "egg", "plain", "plain", "plain", "egg", "plain", "plain", "plain", "egg", "plain", "plain", "plain", "plain", "plain", "plain", "plain", "plain", "plain", "plain", "plain", "plain", "plain", "plain", "plain", "plain", "plain", "plain", "turd"], "errlog_a": "", "errlog_b": "", "start_time": 360, "start_moves": 40, "turn_count": 80, "result": 0, "reason": "EGGS_LAID", "trapdoors": [[2, 4], [3, 4]], "spawn_a": [0, 2], "spawn_b": [7, 2]}