{"pos": [[0, 3], [7, 5], [0, 2], [7, 6], [0, 1], [6, 6], [0, 0], [5, 6], [0, 1], [6, 6], [0, 0], [7, 6], [0, 1], [6, 6], [1, 1], [6, 5], [1, 2], [5, 5], [1, 3], [5, 4], [1, 2], [6, 4], [0, 2], [7, 4], [0, 1], [7, 5], [0, 2], [7, 4], [0, 1], [7, 5], [1, 1], [7, 6], [1, 0], [6, 6], [1, 1], [7, 6], [2, 1], [7, 7], [2, 0], [6, 7], [1, 0], [5, 7], [2, 0], [4, 7], [1, 0], [4, 6], [1, 1], [5, 6], [0, 1], [4, 6], [0, 0], [4, 5], [1, 0], [4, 4], [2, 0], [5, 4], [3, 0], [6, 4], [2, 0], [6, 3], [1, 0], [7, 3], [2, 0], [6, 3], [3, 0], [5, 3], [3, 1], [5, 2], [0, 4], [4, 2], [0, 5], [5, 2], [0, 6], [4, 2], [0, 7], [4, 1], [1, 7], [4, 0], [2, 7], [3, 0]], "a_eggs_laid": [0, 0, 0, 0, 0, 0, 0, 0, 3, 3, 3, 3, 3, 3, 3, 3, 3, 3, 3, 3, 3, 3, 3, 3, 3, 3, 3, 3, 3, 3, 3, 3, 3, 3, 3, 3, 4, 4, 4, 4, 4, 4, 4, 4, 5, 5, 5, 5, 5, 5, 5, 5, 5, 5, 5, 5, 5, 5, 5, 5, 5, 5, 5, 5, 5, 5, 5, 5, 5, 5, 6, 6, 6, 6, 7, 7, 7, 7, 8, 8], "b_eggs_laid": [0, 0, 0, 0, 0, 1, 1, 1, 1, 2, 2, 2, 2, 2, 2, 2, 2, 3, 3, 3, 3, 3, 3, 3, 3, 4, 4, 4, 4, 4, 4, 4, 4, 4, 4, 4, 4, 4, 4, 4, 4, 5, 5, 5, 5, 5, 5, 5, 5, 5, 5, 5, 5, 6, 6, 6, 6, 6, 6, 6, 6, 6, 6, 6, 6, 7, 7, 7, 7, 11, 11, 11, 11, 12, 12, 12, 12, 12, 12, 12], "a_turds_left": [5, 5, 4, 4, 3, 3, 3, 3, 3, 3, 3, 3, 3, 3, 2, 2, 2, 2, 2, 2, 1, 1, 1, 1, 1, 1, 1, 1, 1, 1, 1, 1, 1, 1, 0, 0, 0, 0, 0, 0, 0, 0, 0, 0, 0, 0, 0, 0, 0, 0, 0, 0, 0, 0, 0, 0, 0, 0, 0, 0, 0, 0, 0, 0, 0, 0, 0, 0, 0, 0, 0, 0, 0, 0, 0, 0, 0, 0, 0, 0], "b_turds_left": [5, 5, 5, 5, 5, 5, 5, 5, 5, 5, 5, 5, 5, 5, 5, 5, 5, 5, 5, 4, 4, 3, 3, 2, 2, 2, 2, 1, 1, 1, 1, 1, 1, 1, 1, 1, 1, 1, 1, 1, 1, 1, 1, 1, 1, 0, 0, 0, 0, 0, 0, 0, 0, 0, 0, 0, 0, 0, 0, 0, 0, 0, 0, 0, 0, 0, 0, 0, 0, 0, 0, 0, 0, 0, 0, 0, 0, 0, 0, 0], "a_time_left": [358.4759044580278, 358.4759044580278, 356.9704020000063, 356.9704020000063, 355.46907975000795, 355.46907975000795, 353.96741487504914, 353.96741487504914, 352.4618555420311, 352.4618555420311, 350.9564293330768, 350.9564293330768, 349.4508819170878, 349.4508819170878, 347.94534254207974, 347.94534254207974, 346.44164475105936, 346.44164475105936, 344.9360212510801, 344.9360212510801, 343.430498543079, 343.430498543079, 341.92493195907446, 341.92493195907446, 340.41930962505285, 340.41930962505285, 338.9138412080938, 338.9138412080938, 337.40826424909756, 337.40826424909756, 335.90282499906607, 335.90282499906607, 334.39714308211114, 334.39714308211114, 332.89215658209287, 332.89215658209287, 331.38833783211885, 331.38833783211885, 329.8829151651589, 329.8829151651589, 328.3792961651925, 328.3792961651925, 326.87385287322104, 326.87385287322104, 325.36828558222624, 325.36828558222624, 323.8643995822058, 323.8643995822058, 322.3588521652273, 322.3588521652273, 320.8534162072465, 320.8534162072465, 319.35067387326853, 319.35067387326853, 317.8452316642506, 317.8452316642506, 316.34319987223716, 316.34319987223716, 314.83764183020685, 314.83764183020685, 313.3336774131749, 313.3336774131749, 311.8283007051796, 311.8283007051796, 310.3231632881798, 310.3231632881798, 308.8176060381811, 308.8176060381811, 307.3119842042215, 307.3119842042215, 305.81020778720267, 305.81020778720267, 304.30466828722274, 304.30466828722274, 302.7992097462411, 302.7992097462411, 301.29849978821585, 301.29849978821585, 299.79274395422544, 299.79274395422544], "b_time_left": [360, 358.4752982920036, 358.4752982920036, 356.9699410420144, 356.9699410420144, 355.46438604203286, 355.46438604203286, 353.95983216702007, 353.95983216702007, 352.4541796260164, 352.4541796260164, 350.9486295009847, 350.9486295009847, 349.4430761259864, 349.4430761259864, 347.9421179179335, 347.9421179179335, 346.436587167962, 346.436587167962, 344.9310666269739, 344.9310666269739, 343.4254709180095, 343.4254709180095, 341.91996541805565, 341.91996541805565, 340.4143693340593, 340.4143693340593, 338.90840491704876, 338.90840491704876, 337.40295008401154, 337.40295008401154, 335.89750408404507, 335.89750408404507, 334.3920637500705, 334.3920637500705, 332.89109066606034, 332.89109066606034, 331.38556024909485, 331.38556024909485, 329.88155070709763, 329.88155070709763, 328.37588895711815, 328.37588895711815, 326.8703727481188, 326.8703727481188, 325.36492404009914, 325.36492404009914, 323.85949349805014, 323.85949349805014, 322.3540370820556, 322.3540370820556, 320.84818783204537, 320.84818783204537, 319.3426836660947, 319.3426836660947, 317.8372378741042, 317.8372378741042, 316.33167370810406, 316.33167370810406, 314.82980183308246, 314.82980183308246, 313.32797225005925, 313.32797225005925, 311.82695237500593, 311.82695237500593, 310.3213720420026, 310.3213720420026, 308.8162887499784, 308.8162887499784, 307.3110206669662, 307.3110206669662, 305.8052079169429, 305.8052079169429, 304.29964908293914, 304.29964908293914, 302.7941501249443, 302.7941501249443, 301.28679729194846, 301.28679729194846, 299.7828811259824], "a_moves_left": [39, 39, 38, 38, 37, 37, 36, 36, 35, 35, 34, 34, 33, 33, 32, 32, 31, 31, 30, 30, 29, 29, 28, 28, 27, 27, 26, 26, 25, 25, 24, 24, 23, 23, 22, 22, 21, 21, 20, 20, 19, 19, 18, 18, 17, 17, 16, 16, 15, 15, 14, 14, 13, 13, 12, 12, 11, 11, 10, 10, 9, 9, 8, 8, 7, 7, 6, 6, 5, 5, 4, 4, 3, 3, 2, 2, 1, 1, 0, 0], "b_moves_left": [40, 39, 39, 38, 38, 37, 37, 36, 36, 35, 35, 34, 34, 33, 33, 32, 32, 31, 31, 30, 30, 29, 29, 28, 28, 27, 27, 26, 26, 25, 25, 24, 24, 23, 23, 22, 22, 21, 21, 20, 20, 19, 19, 18, 18, 17, 17, 16, 16, 15, 15, 14, 14, 13, 13, 12, 12, 11, 11, 10, 10, 9, 9, 8, 8, 7, 7, 6, 6, 5, 5, 4, 4, 3, 3, 2, 2, 1, 1, 0], "trapdoor_triggered": [0, 0, 0, 0, 0, 0, 0, 0, 0, 0, 0, 0, 0, 0, 0, 0, 0, 0, 0, 0, 0, 0, 0, 0, 0, 0, 0, 0, 0, 0, 0, 0, 0, 0, 0, 0, 0, 0, 0, 0, 0, 0, 0, 0, 0, 0, 0, 0, 0, 0, 0, 0, 0, 0, 0, 0, 0, 0, 0, 0, 0, 0, 0, 0, 0, 0, 0, 0, 1, 0, 0, 0, 0, 0, 0, 0, 0, 0, 0, 0], "left_behind": ["plain", "plain", "turd", "plain", "turd", "egg", "plain", "plain", "egg", "egg", "plain", "plain", "plain", "plain", "turd", "plain", "plain", "egg", "plain", "turd", "turd", "turd", "plain", "turd", "plain", "egg", "plain", "turd", "plain", "plain", "plain", "plain", "plain", "plain", "turd", "plain", "egg", "plain", "plain", "plain", "plain", "egg", "plain", "plain", "egg", "turd", "plain", "plain", "plain", "plain", "plain", "plain", "plain", "egg", "plain", "plain", "plain", "plain", "plain", "plain", "plain", "plain", "plain", "plain", "plain", "egg", "plain", "plain", "plain", "plain", "egg", "plain", "plain", "egg", "egg", "plain", "plain", "plain", "egg", "plain"], "errlog_a": "", "errlog_b": "", "start_time": 360, "start_moves": 40, "turn_count": 80, "result": 1, "reason": "EGGS_LAID", "trapdoors": [[2, 2], [3, 2]], "spawn_a": [0, 4], "spawn_b": [7, 4]}