{"pos": [[7, 2], [1, 1], [7, 3], [2, 1], [7, 4], [3, 1], [6, 4], [4, 1], [6, 5], [4, 0], [6, 6], [5, 0], [5, 6], [6, 0], [4, 6], [6, 1], [3, 6], [6, 2], [2, 6], [0, 1], [2, 5], [0, 2], [1, 5], [1, 2], [2, 5], [0, 2], [3, 5], [0, 3], [4, 5], [0, 4], [5, 5], [1, 4], [5, 4], [1, 3], [5, 3], [2, 3], [7, 1], [2, 2], [7, 2], [3, 2], [6, 2], [3, 1], [6, 3], [3, 0], [5, 3], [2, 0], [4, 3], [1, 0], [3, 3], [0, 0], [3, 4], [1, 0], [2, 4], [1, 1], [2, 5], [1, 2], [2, 6], [1, 3], [1, 6], [1, 2], [0, 6], [1, 1], [1, 6], [2, 1], [1, 7], [3, 1], [2, 7], [4, 1], [3, 7], [4, 2], [3, 6], [3, 2], [3, 5], [2, 2], [4, 5], [2, 3], [5, 5], [2, 2], [5, 4], [2, 1]], "a_eggs_laid": [1, 1, 1, 1, 2, 2, 2, 2, 3, 3, 3, 3, 4, 4, 4, 4, 5, 5, 5, 5, 10, 10, 10, 10, 11, 11, 11, 11, 12, 12, 12, 12, 13, 13, 13, 13, 14, 14, 14, 14, 14, 14, 15, 15, 15, 15, 15, 15, 15, 15, 16, 16, 16, 16, 17, 17, 17, 17, 17, 17, 17, 17, 18, 18, 18, 18, 19, 19, 19, 19, 20, 20, 20, 20, 20, 20, 20, 20, 20, 20], "b_eggs_laid": [0, 1, 1, 1, 1, 2, 2, 2, 2, 3, 3, 3, 3, 4, 4, 4, 4, 5, 5, 5, 5, 5, 5, 5, 5, 6, 6, 6, 6, 7, 7, 7, 7, 8, 8, 8, 8, 13, 13, 13, 13, 14, 14, 14, 14, 15, 15, 15, 15, 16, 16, 16, 16, 16, 16, 16, 16, 16, 16, 16, 16, 16, 16, 16, 16, 16, 16, 16, 16, 16, 16, 16, 16, 16, 16, 16, 16, 16, 16, 16], "a_turds_left": [5, 5, 5, 5, 5, 5, 5, 5, 5, 5, 5, 5, 5, 5, 5, 5, 5, 5, 5, 5, 5, 5, 5, 5, 5, 5, 5, 5, 5, 5, 5, 5, 5, 5, 5, 5, 5, 5, 5, 5, 5, 5, 5, 5, 5, 5, 5, 5, 5, 5, 5, 5, 5, 5, 5, 5, 5, 5, 5, 5, 5, 5, 5, 5, 5, 5, 5, 5, 5, 5, 5, 5, 5, 5, 5, 5, 5, 5, 5, 5], "b_turds_left": [5, 5, 5, 5, 5, 5, 5, 5, 5, 5, 5, 5, 5, 5, 5, 5, 5, 5, 5, 5, 5, 5, 5, 5, 5, 5, 5, 5, 5, 5, 5, 5, 5, 5, 5, 5, 5, 5, 5, 5, 5, 5, 5, 5, 5, 5, 5, 5, 5, 5, 5, 5, 5, 5, 5, 5, 5, 5, 5, 5, 5, 5, 5, 5, 5, 5, 5, 5, 5, 5, 5, 5, 5, 5, 5, 5, 5, 5, 5, 4], "a_time_left": [358.5289077910129, 358.5289077910129, 357.5784987490042, 357.5784987490042, 354.84156783198705, 354.84156783198705, 353.75361408200115, 353.75361408200115, 350.91964391601505, 350.91964391601505, 350.1477655409835, 350.1477655409835, 348.2251270409906, 348.2251270409906, 347.5197584159905, 347.5197584159905, 345.16857020696625, 345.16857020696625, 344.2893262899597, 344.2893262899597, 343.6394632899319, 343.6394632899319, 342.59187520691194, 342.59187520691194, 340.13950483192457, 340.13950483192457, 339.44028662290657, 339.44028662290657, 337.7492615809315, 337.7492615809315, 337.33001270593377, 337.33001270593377, 335.0516586229205, 335.0516586229205, 334.64421016490087, 334.64421016490087, 332.83793637290364, 332.83793637290364, 332.6025832478772, 332.6025832478772, 331.8081858729129, 331.8081858729129, 331.266645706899, 331.266645706899, 330.4478420818923, 330.4478420818923, 330.2559202068951, 330.2559202068951, 329.81365308188833, 329.81365308188833, 329.68743624788476, 329.68743624788476, 329.5781275398913, 329.5781275398913, 329.2437869979185, 329.2437869979185, 328.90433295594994, 328.90433295594994, 328.74128862295765, 328.74128862295765, 328.463980497967, 328.463980497967, 328.21334408101393, 328.21334408101393, 327.9680132900248, 327.9680132900248, 327.7078211650369, 327.7078211650369, 327.4850054150447, 327.4850054150447, 327.1578155820607, 327.1578155820607, 326.9912869570544, 326.9912869570544, 326.85854199907044, 326.85854199907044, 326.76938174909446, 326.76938174909446, 326.75233949912945, 326.75233949912945], "b_time_left": [360, 358.81770479201805, 358.81770479201805, 357.72201420902275, 357.72201420902275, 355.7696454170509, 355.7696454170509, 354.3708460830385, 354.3708460830385, 351.77810450003017, 351.77810450003017, 350.6950478749932, 350.6950478749932, 348.76738241600106, 348.76738241600106, 347.9268499989994, 347.9268499989994, 346.05350120703224, 346.05350120703224, 344.8439382900251, 344.8439382900251, 344.4406994980527, 344.4406994980527, 343.6632630810491, 343.6632630810491, 341.746278664039, 341.746278664039, 340.99813137209276, 340.99813137209276, 339.6346100391238, 339.6346100391238, 338.7828008311335, 338.7828008311335, 337.31660583114717, 337.31660583114717, 336.3171154151787, 336.3171154151787, 335.94444583222503, 335.94444583222503, 335.54021816625027, 335.54021816625027, 334.0328981662169, 334.0328981662169, 333.69910512521164, 333.69910512521164, 332.9013177922461, 332.9013177922461, 332.34352950024186, 332.34352950024186, 331.3769407502259, 331.3769407502259, 331.1110109172296, 331.1110109172296, 330.8078939592233, 330.8078939592233, 330.57559666823363, 330.57559666823363, 330.2972552932333, 330.2972552932333, 330.02405783423455, 330.02405783423455, 329.7827282502549, 329.7827282502549, 329.6020657502813, 329.6020657502813, 329.41188333428, 329.41188333428, 329.26441745925695, 329.26441745925695, 329.0526234182762, 329.0526234182762, 328.92732858430827, 328.92732858430827, 328.7584883343661, 328.7584883343661, 328.55834262637654, 328.55834262637654, 328.5457831263775, 328.5457831263775, 328.5411191263702], "a_moves_left": [39, 39, 38, 38, 37, 37, 36, 36, 35, 35, 34, 34, 33, 33, 32, 32, 31, 31, 30, 30, 29, 29, 28, 28, 27, 27, 26, 26, 25, 25, 24, 24, 23, 23, 22, 22, 21, 21, 20, 20, 19, 19, 18, 18, 17, 17, 16, 16, 15, 15, 14, 14, 13, 13, 12, 12, 11, 11, 10, 10, 9, 9, 8, 8, 7, 7, 6, 6, 5, 5, 4, 4, 3, 3, 2, 2, 1, 1, 0, 0], "b_moves_left": [40, 39, 39, 38, 38, 37, 37, 36, 36, 35, 35, 34, 34, 33, 33, 32, 32, 31, 31, 30, 30, 29, 29, 28, 28, 27, 27, 26, 26, 25, 25, 24, 24, 23, 23, 22, 22, 21, 21, 20, 20, 19, 19, 18, 18, 17, 17, 16, 16, 15, 15, 14, 14, 13, 13, 12, 12, 11, 11, 10, 10, 9, 9, 8, 8, 7, 7, 6, 6, 5, 5, 4, 4, 3, 3, 2, 2, 1, 1, 0], "trapdoor_triggered": [0, 0, 0, 0, 0, 0, 0, 0, 0, 0, 0, 0, 0, 0, 0, 0, 0, 0, 0, 1, 0, 0, 0, 0, 0, 0, 0, 0, 0, 0, 0, 0, 0, 0, 0, 0, 1, 0, 0, 0, 0, 0, 0, 0, 0, 0, 0, 0, 0, 0, 0, 0, 0, 0, 0, 0, 0, 0, 0, 0, 0, 0, 0, 0, 0, 0, 0, 0, 0, 0, 0, 0, 0, 0, 0, 0, 0, 0, 0, 0], "left_behind": ["egg", "egg", "plain", "plain", "egg", "egg", "plain", "plain", "egg", "egg", "plain", "plain", "egg", "egg", "plain", "plain", "egg", "egg", "plain", "plain", "egg", "plain", "plain", "plain", "egg", "egg", "plain", "plain", "egg", "egg", "plain", "plain", "egg", "egg", "plain", "plain", "egg", "egg", "plain", "plain", "plain", "egg", "egg", "plain", "plain", "egg", "plain", "plain", "plain", "egg", "egg", "plain", "plain", "plain", "egg", "plain", "plain", "plain", "plain", "plain", "plain", "plain", "egg", "plain", "plain", "plain", "egg", "plain", "plain", "plain", "egg", "plain", "plain", "plain", "plain", "plain", "plain", "plain", "plain", "turd"], "errlog_a": "", "errlog_b": "", "start_time": 360, "start_moves": 40, "turn_count": 80, "result": 0, "reason": "EGGS_LAID", "trapdoors": [[4, 4], [5, 2]], "spawn_a": [7, 1], "spawn_b": [0, 1]}