{"pos": [[0, 3], [7, 3], [0, 2], [7, 2], [0, 1], [7, 1], [0, 0], [7, 0], [1, 0], [7, 1], [2, 0], [6, 1], [2, 1], [6, 2], [2, 2], [6, 3], [2, 3], [6, 4], [2, 4], [6, 5], [2, 5], [6, 6], [3, 5], [7, 6], [3, 6], [7, 7], [2, 6], [6, 7], [2, 5], [6, 6], [1, 5], [5, 6], [1, 4], [5, 5], [1, 3], [5, 4], [1, 2], [5, 3], [1, 1], [5, 2], [1, 0], [5, 1], [1, 1], [5, 0], [2, 1], [5, 1], [3, 1], [4, 1], [2, 1], [4, 2], [2, 0], [4, 3], [3, 0], [7, 4], [3, 1], [7, 3], [2, 1], [6, 3], [2, 2], [6, 2], [2, 1], [5, 2], [2, 2], [6, 2], [1, 2], [6, 3], [1, 3], [6, 2], [1, 4], [6, 1], [1, 5], [6, 0], [1, 6], [6, 1], [1, 7], [6, 0], [2, 7], [7, 0], [3, 7], [6, 0]], "a_eggs_laid": [1, 1, 1, 1, 2, 2, 2, 2, 5, 5, 5, 5, 6, 6, 6, 6, 7, 7, 7, 7, 8, 8, 8, 8, 9, 9, 9, 9, 10, 10, 10, 10, 11, 11, 11, 11, 12, 12, 12, 12, 13, 13, 13, 13, 13, 13, 13, 13, 14, 14, 14, 14, 14, 14, 18, 18, 18, 18, 18, 18, 18, 18, 18, 18, 18, 18, 18, 18, 18, 18, 18, 18, 18, 18, 18, 18, 19, 19, 19, 19], "b_eggs_laid": [0, 1, 1, 1, 1, 2, 2, 2, 2, 5, 5, 5, 5, 6, 6, 6, 6, 7, 7, 7, 7, 8, 8, 8, 8, 9, 9, 9, 9, 10, 10, 10, 10, 11, 11, 11, 11, 12, 12, 12, 12, 13, 13, 13, 13, 14, 14, 14, 14, 15, 15, 15, 15, 16, 16, 16, 16, 16, 16, 16, 16, 16, 16, 16, 16, 16, 16, 16, 16, 16, 16, 16, 16, 16, 16, 16, 16, 16, 16, 16], "a_turds_left": [5, 5, 5, 5, 5, 5, 5, 5, 5, 5, 5, 5, 5, 5, 5, 5, 5, 5, 5, 5, 5, 5, 5, 5, 5, 5, 5, 5, 5, 5, 5, 5, 5, 5, 5, 5, 5, 5, 5, 5, 5, 5, 5, 5, 5, 5, 5, 5, 5, 5, 5, 5, 5, 5, 5, 5, 5, 5, 5, 5, 5, 5, 5, 5, 5, 5, 5, 5, 5, 5, 5, 5, 5, 5, 5, 5, 5, 5, 5, 5], "b_turds_left": [5, 5, 5, 5, 5, 5, 5, 5, 5, 5, 5, 5, 5, 5, 5, 5, 5, 5, 5, 5, 5, 5, 5, 5, 5, 5, 5, 5, 5, 5, 5, 5, 5, 5, 5, 5, 5, 5, 5, 5, 5, 5, 5, 5, 5, 5, 5, 5, 5, 5, 5, 5, 5, 5, 5, 5, 5, 5, 5, 5, 5, 5, 5, 5, 5, 5, 5, 5, 5, 5, 5, 5, 5, 5, 5, 5, 5, 4, 4, 4], "a_time_left": [358.8581766659627, 358.8581766659627, 358.31991366593866, 358.31991366593866, 357.1927769159083, 357.1927769159083, 356.82290908292634, 356.82290908292634, 356.3167253329302, 356.3167253329302, 355.89701904094545, 355.89701904094545, 354.0086164989625, 354.0086164989625, 353.0063550409395, 353.0063550409395, 350.37524666596437, 350.37524666596437, 349.2225809159572, 349.2225809159572, 346.5719619569718, 346.5719619569718, 345.527830164996, 345.527830164996, 343.13788195699453, 343.13788195699453, 342.68730383197544, 342.68730383197544, 340.72906587296166, 340.72906587296166, 340.1715646649827, 340.1715646649827, 338.97146858199267, 338.97146858199267, 338.4653244569781, 338.4653244569781, 337.2004343729932, 337.2004343729932, 336.7333851639996, 336.7333851639996, 335.43333791400073, 335.43333791400073, 335.0680543720373, 335.0680543720373, 334.70345178904245, 334.70345178904245, 334.30325487203663, 334.30325487203663, 333.9149832050316, 333.9149832050316, 333.64065124600893, 333.64065124600893, 333.30071149603464, 333.30071149603464, 333.16906828805804, 333.16906828805804, 333.0651878710487, 333.0651878710487, 332.7672098290059, 332.7672098290059, 332.5702052459819, 332.5702052459819, 332.2184044960304, 332.2184044960304, 332.0518598710187, 332.0518598710187, 331.77304608002305, 331.77304608002305, 331.61264995503007, 331.61264995503007, 331.35731220501475, 331.35731220501475, 331.2316174140433, 331.2316174140433, 330.9392586640315, 330.9392586640315, 330.70992595603457, 330.70992595603457, 330.7040746640414, 330.7040746640414], "b_time_left": [360, 359.02512908395147, 359.02512908395147, 358.4081528749666, 358.4081528749666, 357.850771916972, 357.850771916972, 357.42745062499307, 357.42745062499307, 356.7465948329773, 356.7465948329773, 356.0861804159358, 356.0861804159358, 353.54221920797136, 353.54221920797136, 352.3632580419653, 352.3632580419653, 350.0902555839857, 350.0902555839857, 349.12683966802433, 349.12683966802433, 346.41212529304903, 346.41212529304903, 345.5219701260794, 345.5219701260794, 343.99420275108423, 343.99420275108423, 343.5794787090854, 343.5794787090854, 342.8018228750443, 342.8018228750443, 342.140033667034, 342.140033667034, 341.35400112502975, 341.35400112502975, 340.47970445803367, 340.47970445803367, 339.6544964170316, 339.6544964170316, 338.88522333302535, 338.88522333302535, 338.53297320805723, 338.53297320805723, 338.1843185000471, 338.1843185000471, 337.37143120809924, 337.37143120809924, 336.785181375104, 336.785181375104, 336.4833046661224, 336.4833046661224, 336.29000679112505, 336.29000679112505, 335.9141993740923, 335.9141993740923, 335.8242151241284, 335.8242151241284, 335.66757304110797, 335.66757304110797, 335.4855257490999, 335.4855257490999, 335.265290332085, 335.265290332085, 335.0861366240424, 335.0861366240424, 334.8479677490541, 334.8479677490541, 334.67455404106295, 334.67455404106295, 334.4290860830224, 334.4290860830224, 334.21827241702704, 334.21827241702704, 333.92015250003897, 333.92015250003897, 333.55678412504494, 333.55678412504494, 333.52947554102866, 333.52947554102866, 333.5280794570572], "a_moves_left": [39, 39, 38, 38, 37, 37, 36, 36, 35, 35, 34, 34, 33, 33, 32, 32, 31, 31, 30, 30, 29, 29, 28, 28, 27, 27, 26, 26, 25, 25, 24, 24, 23, 23, 22, 22, 21, 21, 20, 20, 19, 19, 18, 18, 17, 17, 16, 16, 15, 15, 14, 14, 13, 13, 12, 12, 11, 11, 10, 10, 9, 9, 8, 8, 7, 7, 6, 6, 5, 5, 4, 4, 3, 3, 2, 2, 1, 1, 0, 0], "b_moves_left": [40, 39, 39, 38, 38, 37, 37, 36, 36, 35, 35, 34, 34, 33, 33, 32, 32, 31, 31, 30, 30, 29, 29, 28, 28, 27, 27, 26, 26, 25, 25, 24, 24, 23, 23, 22, 22, 21, 21, 20, 20, 19, 19, 18, 18, 17, 17, 16, 16, 15, 15, 14, 14, 13, 13, 12, 12, 11, 11, 10, 10, 9, 9, 8, 8, 7, 7, 6, 6, 5, 5, 4, 4, 3, 3, 2, 2, 1, 1, 0], "trapdoor_triggered": [0, 0, 0, 0, 0, 0, 0, 0, 0, 0, 0, 0, 0, 0, 0, 0, 0, 0, 0, 0, 0, 0, 0, 0, 0, 0, 0, 0, 0, 0, 0, 0, 0, 0, 0, 0, 0, 0, 0, 0, 0, 0, 0, 0, 0, 0, 0, 0, 0, 0, 0, 0, 0, 1, 0, 0, 0, 0, 0, 0, 0, 0, 0, 0, 0, 0, 0, 0, 0, 0, 0, 0, 0, 0, 0, 0, 0, 0, 0, 0], "left_behind": ["egg", "egg", "plain", "plain", "egg", "egg", "plain", "plain", "egg", "egg", "plain", "plain", "egg", "egg", "plain", "plain", "egg", "egg", "plain", "plain", "egg", "egg", "plain", "plain", "egg", "egg", "plain", "plain", "egg", "egg", "plain", "plain", "egg", "egg", "plain", "plain", "egg", "egg", "plain", "plain", "egg", "egg", "plain", "plain", "plain", "egg", "plain", "plain", "egg", "egg", "plain", "plain", "plain", "egg", "plain", "plain", "plain", "plain", "plain", "plain", "plain", "plain", "plain", "plain", "plain", "plain", "plain", "plain", "plain", "plain", "plain", "plain", "plain", "plain", "plain", "plain", "egg", "turd", "plain", "plain"], "errlog_a": "", "errlog_b": "", "start_time": 360, "start_moves": 40, "turn_count": 80, "result": 0, "reason": "EGGS_LAID", "trapdoors": [[4, 4], [3, 4]], "spawn_a": [0, 4], "spawn_b": [7, 4]}