{"pos": [[7, 2], [0, 2], [7, 1], [0, 1], [7, 2], [1, 1], [6, 2], [1, 0], [6, 1], [2, 0], [5, 1], [3, 0], [6, 1], [3, 1], [6, 0], [4, 1], [7, 0], [4, 0], [7, 1], [5, 0], [7, 2], [4, 0], [7, 3], [4, 1], [7, 4], [3, 1], [6, 4], [0, 3], [6, 5], [0, 2], [6, 6], [1, 2], [5, 6], [1, 1], [4, 6], [2, 1], [4, 5], [3, 1], [3, 5], [0, 3], [3, 4], [0, 4], [4, 4], [1, 4], [4, 3], [1, 5], [5, 3], [2, 5], [5, 2], [2, 4], [5, 1], [2, 3], [6, 1], [2, 2], [6, 0], [0, 3], [6, 1], [0, 4], [6, 2], [0, 5], [5, 2], [1, 5], [4, 2], [1, 6], [4, 3], [2, 6], [5, 3], [3, 6], [4, 3], [3, 7], [5, 3], [4, 7], [4, 3], [3, 7], [5, 3], [2, 7], [4, 3], [2, 6], [3, 3], [2, 7]], "a_eggs_laid": [1, 1, 1, 1, 2, 2, 2, 2, 3, 3, 3, 3, 4, 4, 4, 4, 5, 5, 5, 5, 5, 5, 5, 5, 5, 5, 5, 5, 10, 10, 10, 10, 11, 11, 11, 11, 12, 12, 12, 12, 17, 17, 17, 17, 18, 18, 18, 18, 19, 19, 19, 19, 19, 19, 19, 19, 23, 23, 23, 23, 23, 23, 23, 23, 24, 24, 24, 24, 24, 24, 24, 24, 24, 24, 24, 24, 24, 24, 24, 24], "b_eggs_laid": [0, 1, 1, 1, 1, 2, 2, 2, 2, 3, 3, 3, 3, 4, 4, 4, 4, 5, 5, 5, 5, 6, 6, 6, 6, 6, 6, 6, 6, 6, 6, 6, 6, 7, 7, 7, 7, 8, 8, 8, 8, 8, 8, 8, 8, 9, 9, 9, 9, 10, 10, 10, 10, 11, 11, 11, 11, 11, 11, 11, 11, 12, 12, 12, 12, 13, 13, 13, 13, 14, 14, 14, 14, 15, 15, 15, 15, 15, 15, 15], "a_turds_left": [5, 5, 5, 5, 5, 5, 5, 5, 5, 5, 5, 5, 5, 5, 5, 5, 5, 5, 5, 5, 5, 5, 5, 5, 5, 5, 5, 5, 5, 5, 5, 5, 5, 5, 5, 5, 5, 5, 5, 5, 5, 5, 5, 5, 5, 5, 5, 5, 5, 5, 5, 5, 5, 5, 5, 5, 5, 5, 5, 5, 5, 5, 5, 5, 5, 5, 5, 5, 5, 5, 5, 5, 5, 5, 5, 5, 5, 5, 5, 5], "b_turds_left": [5, 5, 5, 5, 5, 5, 5, 5, 5, 5, 5, 5, 5, 5, 5, 5, 5, 5, 5, 5, 5, 5, 5, 5, 5, 5, 5, 5, 5, 5, 5, 5, 5, 5, 5, 5, 5, 5, 5, 5, 5, 5, 5, 5, 5, 5, 5, 5, 5, 5, 5, 5, 5, 5, 5, 5, 5, 5, 5, 5, 5, 5, 5, 5, 5, 5, 5, 5, 5, 5, 5, 5, 5, 5, 5, 5, 5, 4, 4, 4], "a_time_left": [358.21444041701034, 358.21444041701034, 357.1933398330002, 357.1933398330002, 354.23273737495765, 354.23273737495765, 352.4551422499353, 352.4551422499353, 349.3022250419017, 349.3022250419017, 347.691671541892, 347.691671541892, 343.6773895008955, 343.6773895008955, 329.74320879293373, 329.74320879293373, 322.53149304294493, 322.53149304294493, 322.0494762089802, 322.0494762089802, 321.22946520900587, 321.22946520900587, 320.61200795904733, 320.61200795904733, 319.740287459048, 319.740287459048, 314.001670125057, 314.001670125057, 311.1923507920583, 311.1923507920583, 309.6505624590209, 309.6505624590209, 293.785358793044, 293.785358793044, 291.7336028770078, 291.7336028770078, 278.8954096690286, 278.8954096690286, 275.72428283502813, 275.72428283502813, 272.7025504190242, 272.7025504190242, 268.82189262803877, 268.82189262803877, 261.1352601280669, 261.1352601280669, 256.3384665030753, 256.3384665030753, 250.6236885030521, 250.6236885030521, 248.81892692000838, 248.81892692000838, 247.5037385870237, 247.5037385870237, 246.40178158698836, 246.40178158698836, 246.1560975869652, 246.1560975869652, 245.148406253953, 245.148406253953, 242.93510833691107, 242.93510833691107, 241.69511696189875, 241.69511696189875, 237.0474958369159, 237.0474958369159, 236.01923350291327, 236.01923350291327, 235.05918600293808, 235.05918600293808, 233.98909566993825, 233.98909566993825, 233.16296075296123, 233.16296075296123, 232.7078907949617, 232.7078907949617, 231.72884579497622, 231.72884579497622, 231.62901904497994, 231.62901904497994], "b_time_left": [360, 358.6193976670038, 358.6193976670038, 357.39914691698505, 357.39914691698505, 355.45596841699444, 355.45596841699444, 353.2008371669799, 353.2008371669799, 351.4895888339961, 351.4895888339961, 350.03377087501576, 350.03377087501576, 346.6719557920005, 346.6719557920005, 339.70285008399514, 339.70285008399514, 338.6359693760169, 338.6359693760169, 337.6029867930338, 337.6029867930338, 337.0352835429949, 337.0352835429949, 336.16043129295576, 336.16043129295576, 332.99618937593186, 332.99618937593186, 326.26661512593273, 326.26661512593273, 324.848352875968, 324.848352875968, 322.99429941695416, 322.99429941695416, 314.4516975840088, 314.4516975840088, 311.4211054170155, 311.4211054170155, 300.7776256260113, 300.7776256260113, 295.7530500009889, 295.7530500009889, 293.4790581679554, 293.4790581679554, 289.8788510009763, 289.8788510009763, 281.13327012595255, 281.13327012595255, 276.82386425096774, 276.82386425096774, 274.3925809589564, 274.3925809589564, 273.4601177930017, 273.4601177930017, 270.4112502509961, 270.4112502509961, 269.72201641701395, 269.72201641701395, 269.3346728339675, 269.3346728339675, 268.2234366670018, 268.2234366670018, 264.8339075000258, 264.8339075000258, 263.003721666988, 263.003721666988, 260.6895593329682, 260.6895593329682, 260.13688112492673, 260.13688112492673, 258.17351091693854, 258.17351091693854, 257.5190559589537, 257.5190559589537, 256.46445129293716, 256.46445129293716, 255.9482965429197, 255.9482965429197, 255.542663750879, 255.542663750879, 255.5282665428822], "a_moves_left": [39, 39, 38, 38, 37, 37, 36, 36, 35, 35, 34, 34, 33, 33, 32, 32, 31, 31, 30, 30, 29, 29, 28, 28, 27, 27, 26, 26, 25, 25, 24, 24, 23, 23, 22, 22, 21, 21, 20, 20, 19, 19, 18, 18, 17, 17, 16, 16, 15, 15, 14, 14, 13, 13, 12, 12, 11, 11, 10, 10, 9, 9, 8, 8, 7, 7, 6, 6, 5, 5, 4, 4, 3, 3, 2, 2, 1, 1, 0, 0], "b_moves_left": [40, 39, 39, 38, 38, 37, 37, 36, 36, 35, 35, 34, 34, 33, 33, 32, 32, 31, 31, 30, 30, 29, 29, 28, 28, 27, 27, 26, 26, 25, 25, 24, 24, 23, 23, 22, 22, 21, 21, 20, 20, 19, 19, 18, 18, 17, 17, 16, 16, 15, 15, 14, 14, 13, 13, 12, 12, 11, 11, 10, 10, 9, 9, 8, 8, 7, 7, 6, 6, 5, 5, 4, 4, 3, 3, 2, 2, 1, 1, 0], "trapdoor_triggered": [0, 0, 0, 0, 0, 0, 0, 0, 0, 0, 0, 0, 0, 0, 0, 0, 0, 0, 0, 0, 0, 0, 0, 0, 0, 0, 0, 1, 0, 0, 0, 0, 0, 0, 0, 0, 0, 0, 0, 1, 0, 0, 0, 0, 0, 0, 0, 0, 0, 0, 0, 0, 0, 0, 0, 1, 0, 0, 0, 0, 0, 0, 0, 0, 0, 0, 0, 0, 0, 0, 0, 0, 0, 0, 0, 0, 0, 0, 0, 0], "left_behind": ["egg", "egg", "plain", "plain", "egg", "egg", "plain", "plain", "egg", "egg", "plain", "plain", "egg", "egg", "plain", "plain", "egg", "egg", "plain", "plain", "plain", "egg", "plain", "plain", "plain", "plain", "plain", "plain", "egg", "plain", "plain", "plain", "egg", "egg", "plain", "plain", "egg", "egg", "plain", "plain", "egg", "plain", "plain", "plain", "egg", "egg", "plain", "plain", "egg", "egg", "plain", "plain", "plain", "egg", "plain", "plain", "plain", "plain", "plain", "plain", "plain", "egg", "plain", "plain", "egg", "egg", "plain", "plain", "plain", "egg", "plain", "plain", "plain", "egg", "plain", "plain", "plain", "turd", "plain", "plain"], "errlog_a": "", "errlog_b": "", "start_time": 360, "start_moves": 40, "turn_count": 80, "result": 0, "reason": "EGGS_LAID", "trapdoors": [[5, 5], [3, 2]], "spawn_a": [7, 3], "spawn_b": [0, 3]}