{"pos": [[6, 1], [1, 1], [5, 1], [1, 0], [5, 2], [2, 0], [6, 2], [3, 0], [6, 3], [3, 1], [7, 1], [4, 1], [7, 0], [4, 0], [6, 0], [5, 0], [6, 1], [4, 0], [6, 2], [4, 1], [6, 3], [3, 1], [7, 1], [3, 2], [7, 2], [3, 1], [7, 3], [2, 1], [7, 4], [2, 2], [7, 5], [2, 3], [6, 5], [2, 2], [5, 5], [1, 2], [5, 4], [1, 3], [4, 4], [1, 4], [4, 5], [1, 5], [3, 5], [2, 5], [3, 6], [2, 6], [4, 6], [3, 6], [5, 6], [2, 6], [5, 7], [2, 7], [5, 6], [2, 6], [6, 6], [1, 6], [7, 6], [1, 5], [7, 7], [0, 5], [7, 6], [0, 4], [6, 6], [0, 3], [5, 6], [0, 2], [4, 6], [0, 1], [5, 6], [1, 1], [5, 5], [1, 0], [6, 5], [2, 0], [6, 4], [3, 0], [5, 4], [4, 0], [4, 4], [3, 0]], "a_eggs_laid": [1, 1, 1, 1, 2, 2, 2, 2, 3, 3, 3, 3, 3, 3, 3, 3, 4, 4, 4, 4, 4, 4, 4, 4, 4, 4, 4, 4, 5, 5, 5, 5, 6, 6, 6, 6, 7, 7, 7, 7, 8, 8, 8, 8, 9, 9, 9, 9, 10, 10, 10, 10, 11, 11, 11, 11, 12, 12, 12, 12, 15, 15, 15, 15, 15, 15, 15, 15, 15, 15, 15, 15, 15, 15, 15, 15, 16, 16, 16, 16], "b_eggs_laid": [0, 1, 1, 1, 1, 2, 2, 2, 2, 3, 3, 7, 7, 8, 8, 8, 8, 9, 9, 9, 9, 9, 9, 13, 13, 14, 14, 14, 14, 15, 15, 15, 15, 16, 16, 16, 16, 17, 17, 17, 17, 18, 18, 18, 18, 19, 19, 19, 19, 20, 20, 20, 20, 21, 21, 21, 21, 22, 22, 22, 22, 23, 23, 23, 23, 24, 24, 24, 24, 24, 24, 24, 24, 24, 24, 24, 24, 24, 24, 24], "a_turds_left": [5, 5, 5, 5, 5, 5, 4, 4, 4, 4, 3, 3, 3, 3, 2, 2, 2, 2, 2, 2, 2, 2, 2, 2, 2, 2, 1, 1, 1, 1, 1, 1, 1, 1, 1, 1, 1, 1, 1, 1, 1, 1, 1, 1, 1, 1, 1, 1, 1, 1, 1, 1, 1, 1, 1, 1, 1, 1, 1, 1, 1, 1, 1, 1, 1, 1, 1, 1, 1, 1, 1, 1, 1, 1, 1, 1, 1, 1, 1, 1], "b_turds_left": [5, 5, 5, 5, 5, 5, 5, 5, 5, 5, 5, 5, 5, 5, 5, 5, 5, 5, 5, 5, 5, 5, 5, 5, 5, 5, 5, 5, 5, 5, 5, 5, 5, 5, 5, 5, 5, 5, 5, 5, 5, 5, 5, 5, 5, 5, 5, 5, 5, 5, 5, 5, 5, 5, 5, 5, 5, 5, 5, 5, 5, 5, 5, 5, 5, 5, 5, 5, 5, 5, 5, 5, 5, 5, 5, 5, 5, 5, 5, 4], "a_time_left": [358.43516612501116, 358.43516612501116, 356.4413302090252, 356.4413302090252, 354.35913025104674, 354.35913025104674, 353.0307172090397, 353.0307172090397, 350.6290300420369, 350.6290300420369, 349.2042979170801, 349.2042979170801, 348.8560945840436, 348.8560945840436, 348.6565414170618, 348.6565414170618, 348.4925810000859, 348.4925810000859, 348.2752607081202, 348.2752607081202, 348.05859799915925, 348.05859799915925, 347.5611540831742, 347.5611540831742, 346.86607529217144, 346.86607529217144, 346.3045724591939, 346.3045724591939, 344.24620850017527, 344.24620850017527, 343.284215541149, 343.284215541149, 340.8642970821238, 340.8642970821238, 339.91562258207705, 339.91562258207705, 336.88372395711485, 336.88372395711485, 335.8637223741389, 335.8637223741389, 332.89249166613445, 332.89249166613445, 332.09100379113806, 332.09100379113806, 331.04639695811784, 331.04639695811784, 330.8229988330859, 330.8229988330859, 330.32545566605404, 330.32545566605404, 329.4497155820718, 329.4497155820718, 328.5680912490934, 328.5680912490934, 328.1511027071392, 328.1511027071392, 326.4500618321472, 326.4500618321472, 326.1406988321687, 326.1406988321687, 325.5856568731833, 325.5856568731833, 325.36820466519566, 325.36820466519566, 324.85995158116566, 324.85995158116566, 324.70691124815494, 324.70691124815494, 324.6251469151466, 324.6251469151466, 324.4336547901039, 324.4336547901039, 324.3278143730713, 324.3278143730713, 324.11299487308133, 324.11299487308133, 323.4122792070848, 323.4122792070848, 323.3677624570555, 323.3677624570555], "b_time_left": [360, 357.8245034170104, 357.8245034170104, 355.8832878759713, 355.8832878759713, 353.7727575429599, 353.7727575429599, 352.37075375096174, 352.37075375096174, 349.43988562596496, 349.43988562596496, 349.0378988759476, 349.0378988759476, 348.6005390849896, 348.6005390849896, 348.34270837699296, 348.34270837699296, 348.1882828770322, 348.1882828770322, 347.97433683503186, 347.97433683503186, 347.60142850200646, 347.60142850200646, 347.27258645999245, 347.27258645999245, 346.3947966690175, 346.3947966690175, 345.5912491279887, 345.5912491279887, 343.4718462949968, 343.4718462949968, 342.3678400029894, 342.3678400029894, 338.9378356699599, 338.9378356699599, 337.5937202529167, 337.5937202529167, 334.5737405028776, 334.5737405028776, 333.1372201698832, 333.1372201698832, 330.1754340028856, 330.1754340028856, 328.9675766688888, 328.9675766688888, 327.4282497938839, 327.4282497938839, 326.47935579391196, 326.47935579391196, 325.491953710909, 325.491953710909, 324.3803022529464, 324.3803022529464, 323.5452723779599, 323.5452723779599, 322.4712478359579, 322.4712478359579, 321.8325860449113, 321.8325860449113, 321.3623390449211, 321.3623390449211, 321.0750830039033, 321.0750830039033, 320.7587545448914, 320.7587545448914, 320.0221395039116, 320.0221395039116, 319.78749329590937, 319.78749329590937, 319.59225042088656, 319.59225042088656, 319.2723920039134, 319.2723920039134, 319.07987437886186, 319.07987437886186, 318.5668407958583, 318.5668407958583, 318.51850683789235, 318.51850683789235, 318.5105599628878], "a_moves_left": [39, 39, 38, 38, 37, 37, 36, 36, 35, 35, 34, 34, 33, 33, 32, 32, 31, 31, 30, 30, 29, 29, 28, 28, 27, 27, 26, 26, 25, 25, 24, 24, 23, 23, 22, 22, 21, 21, 20, 20, 19, 19, 18, 18, 17, 17, 16, 16, 15, 15, 14, 14, 13, 13, 12, 12, 11, 11, 10, 10, 9, 9, 8, 8, 7, 7, 6, 6, 5, 5, 4, 4, 3, 3, 2, 2, 1, 1, 0, 0], "b_moves_left": [40, 39, 39, 38, 38, 37, 37, 36, 36, 35, 35, 34, 34, 33, 33, 32, 32, 31, 31, 30, 30, 29, 29, 28, 28, 27, 27, 26, 26, 25, 25, 24, 24, 23, 23, 22, 22, 21, 21, 20, 20, 19, 19, 18, 18, 17, 17, 16, 16, 15, 15, 14, 14, 13, 13, 12, 12, 11, 11, 10, 10, 9, 9, 8, 8, 7, 7, 6, 6, 5, 5, 4, 4, 3, 3, 2, 2, 1, 1, 0], "trapdoor_triggered": [0, 0, 0, 0, 0, 0, 0, 0, 0, 0, 1, 0, 0, 0, 0, 0, 0, 0, 0, 0, 0, 0, 1, 0, 0, 0, 0, 0, 0, 0, 0, 0, 0, 0, 0, 0, 0, 0, 0, 0, 0, 0, 0, 0, 0, 0, 0, 0, 0, 0, 0, 0, 0, 0, 0, 0, 0, 0, 0, 0, 0, 0, 0, 0, 0, 0, 0, 0, 0, 0, 0, 0, 0, 0, 0, 0, 0, 0, 0, 0], "left_behind": ["egg", "egg", "plain", "plain", "egg", "egg", "turd", "plain", "egg", "egg", "turd", "plain", "plain", "egg", "turd", "plain", "egg", "egg", "plain", "plain", "plain", "plain", "plain", "plain", "plain", "egg", "turd", "plain", "egg", "egg", "plain", "plain", "egg", "egg", "plain", "plain", "egg", "egg", "plain", "plain", "egg", "egg", "plain", "plain", "egg", "egg", "plain", "plain", "egg", "egg", "plain", "plain", "egg", "egg", "plain", "plain", "egg", "egg", "plain", "plain", "egg", "egg", "plain", "plain", "plain", "egg", "plain", "plain", "plain", "plain", "plain", "plain", "plain", "plain", "plain", "plain", "egg", "plain", "plain", "turd"], "errlog_a": "", "errlog_b": "", "start_time": 360, "start_moves": 40, "turn_count": 80, "result": 1, "reason": "EGGS_LAID", "trapdoors": [[5, 3], [3, 4]], "spawn_a": [7, 1], "spawn_b": [0, 1]}