{"pos": [[7, 2], [0, 2], [7, 1], [0, 1], [6, 1], [1, 1], [6, 2], [2, 1], [6, 3], [2, 0], [6, 4], [3, 0], [6, 5], [3, 1], [6, 6], [4, 1], [5, 6], [4, 2], [4, 6], [5, 2], [4, 7], [5, 1], [3, 7], [5, 0], [3, 6], [5, 1], [2, 6], [6, 1], [2, 5], [6, 0], [2, 4], [5, 0], [2, 5], [4, 0], [1, 5], [4, 1], [2, 5], [4, 0], [3, 5], [3, 0], [4, 5], [2, 0], [5, 5], [1, 0], [6, 5], [1, 1], [7, 5], [1, 2], [7, 6], [1, 3], [7, 7], [1, 4], [6, 7], [0, 4], [5, 7], [0, 5], [5, 6], [0, 6], [4, 6], [0, 7], [4, 5], [0, 6], [4, 4], [1, 6], [5, 4], [1, 7], [6, 4], [2, 7], [6, 3], [1, 7], [6, 4], [2, 7], [6, 5], [1, 7], [6, 6], [1, 6], [5, 6], [1, 7], [4, 6], [0, 7]], "a_eggs_laid": [1, 1, 1, 1, 2, 2, 2, 2, 3, 3, 3, 3, 4, 4, 4, 4, 5, 5, 5, 5, 6, 6, 6, 6, 7, 7, 7, 7, 8, 8, 8, 8, 9, 9, 9, 9, 10, 10, 10, 10, 11, 11, 11, 11, 12, 12, 12, 12, 13, 13, 13, 13, 16, 16, 16, 16, 17, 17, 17, 17, 17, 17, 17, 17, 18, 18, 18, 18, 18, 18, 18, 18, 18, 18, 18, 18, 18, 18, 18, 18], "b_eggs_laid": [0, 1, 1, 1, 1, 2, 2, 2, 2, 3, 3, 3, 3, 4, 4, 4, 4, 5, 5, 5, 5, 6, 6, 6, 6, 7, 7, 7, 7, 8, 8, 8, 8, 8, 8, 8, 8, 8, 8, 8, 8, 8, 8, 8, 8, 9, 9, 9, 9, 10, 10, 10, 10, 11, 11, 11, 11, 12, 12, 12, 12, 15, 15, 15, 15, 16, 16, 16, 16, 16, 16, 16, 16, 17, 17, 17, 17, 17, 17, 17], "a_turds_left": [5, 5, 5, 5, 5, 5, 5, 5, 5, 5, 5, 5, 5, 5, 5, 5, 5, 5, 5, 5, 5, 5, 5, 5, 5, 5, 5, 5, 5, 5, 5, 5, 5, 5, 5, 5, 5, 5, 5, 5, 5, 5, 5, 5, 5, 5, 5, 5, 5, 5, 5, 5, 5, 5, 5, 5, 5, 5, 5, 5, 5, 5, 5, 5, 5, 5, 5, 5, 5, 5, 5, 5, 5, 5, 5, 5, 5, 5, 5, 5], "b_turds_left": [5, 5, 5, 5, 5, 5, 5, 5, 5, 5, 5, 5, 5, 5, 5, 5, 5, 5, 5, 4, 4, 4, 4, 4, 4, 4, 4, 4, 4, 4, 4, 4, 4, 4, 4, 4, 4, 4, 4, 4, 4, 4, 4, 4, 4, 4, 4, 4, 4, 4, 4, 4, 4, 4, 4, 4, 4, 4, 4, 4, 4, 4, 4, 4, 4, 4, 4, 4, 4, 4, 4, 4, 4, 4, 4, 4, 4, 4, 4, 3], "a_time_left": [358.9811034160084, 358.9811034160084, 358.4828430819907, 358.4828430819907, 357.05657103995327, 357.05657103995327, 356.11588178994134, 356.11588178994134, 353.7669646649156, 353.7669646649156, 353.0498858729261, 353.0498858729261, 351.0890449139406, 351.0890449139406, 350.0684328309726, 350.0684328309726, 347.62223945598816, 347.62223945598816, 346.49613937200047, 346.49613937200047, 345.02455299702706, 345.02455299702706, 344.6712183300406, 344.6712183300406, 343.7562589130248, 343.7562589130248, 343.34474695503013, 343.34474695503013, 342.3226805800223, 342.3226805800223, 342.05691362102516, 342.05691362102516, 341.4464451620006, 341.4464451620006, 341.19705928699113, 341.19705928699113, 340.4902714960044, 340.4902714960044, 340.2873626209912, 340.2873626209912, 339.7601446209592, 339.7601446209592, 339.3453658709186, 339.3453658709186, 337.7970076209167, 337.7970076209167, 337.3930851208861, 337.3930851208861, 336.39187432988547, 336.39187432988547, 336.08808978885645, 336.08808978885645, 335.6321774138487, 335.6321774138487, 335.4446762468433, 335.4446762468433, 334.9727094548871, 334.9727094548871, 334.7091351209092, 334.7091351209092, 334.465828703891, 334.465828703891, 334.2580104118679, 334.2580104118679, 333.57315620285226, 333.57315620285226, 333.4757858698722, 333.4757858698722, 333.33093499491224, 333.33093499491224, 333.2583459528978, 333.2583459528978, 333.10895453585545, 333.10895453585545, 333.02405378583353, 333.02405378583353, 332.9324144938146, 332.9324144938146, 332.90674441086594, 332.90674441086594], "b_time_left": [360, 359.0358005829621, 359.0358005829621, 358.46301124896854, 358.46301124896854, 357.2565309989732, 357.2565309989732, 356.16350862395484, 356.16350862395484, 354.48574229096994, 354.48574229096994, 353.3798565409961, 353.3798565409961, 351.4901089160121, 351.4901089160121, 350.3171424990287, 350.3171424990287, 348.24481191602536, 348.24481191602536, 346.93806362501346, 346.93806362501346, 345.90739958302584, 345.90739958302584, 345.3690562910051, 345.3690562910051, 344.09028262499487, 344.09028262499487, 343.36036941595376, 343.36036941595376, 342.2281557499664, 342.2281557499664, 341.52053816698026, 341.52053816698026, 341.12869683397, 341.12869683397, 340.28929954295745, 340.28929954295745, 339.8411130839959, 339.8411130839959, 339.03314837499056, 339.03314837499056, 338.71859454200603, 338.71859454200603, 337.9966970839887, 337.9966970839887, 337.41625991795445, 337.41625991795445, 336.7603010009625, 336.7603010009625, 336.29481220897287, 336.29481220897287, 336.0381095839548, 336.0381095839548, 335.80617687595077, 335.80617687595077, 335.5157572509488, 335.5157572509488, 335.33351450099144, 335.33351450099144, 335.17165645898785, 335.17165645898785, 334.8818003759952, 334.8818003759952, 334.57240091700805, 334.57240091700805, 334.32239995902637, 334.32239995902637, 334.1408287920058, 334.1408287920058, 334.0045252079726, 334.0045252079726, 333.82393649895675, 333.82393649895675, 333.648179539945, 333.648179539945, 333.54874299798394, 333.54874299798394, 333.5086603729869, 333.5086603729869, 333.50464658101555], "a_moves_left": [39, 39, 38, 38, 37, 37, 36, 36, 35, 35, 34, 34, 33, 33, 32, 32, 31, 31, 30, 30, 29, 29, 28, 28, 27, 27, 26, 26, 25, 25, 24, 24, 23, 23, 22, 22, 21, 21, 20, 20, 19, 19, 18, 18, 17, 17, 16, 16, 15, 15, 14, 14, 13, 13, 12, 12, 11, 11, 10, 10, 9, 9, 8, 8, 7, 7, 6, 6, 5, 5, 4, 4, 3, 3, 2, 2, 1, 1, 0, 0], "b_moves_left": [40, 39, 39, 38, 38, 37, 37, 36, 36, 35, 35, 34, 34, 33, 33, 32, 32, 31, 31, 30, 30, 29, 29, 28, 28, 27, 27, 26, 26, 25, 25, 24, 24, 23, 23, 22, 22, 21, 21, 20, 20, 19, 19, 18, 18, 17, 17, 16, 16, 15, 15, 14, 14, 13, 13, 12, 12, 11, 11, 10, 10, 9, 9, 8, 8, 7, 7, 6, 6, 5, 5, 4, 4, 3, 3, 2, 2, 1, 1, 0], "trapdoor_triggered": [0, 0, 0, 0, 0, 0, 0, 0, 0, 0, 0, 0, 0, 0, 0, 0, 0, 0, 0, 0, 0, 0, 0, 0, 0, 0, 0, 0, 0, 0, 0, 0, 0, 0, 0, 0, 0, 0, 0, 0, 0, 0, 0, 0, 0, 0, 0, 0, 0, 0, 0, 0, 0, 0, 0, 0, 0, 0, 0, 0, 0, 0, 0, 0, 0, 0, 0, 0, 0, 0, 0, 0, 0, 0, 0, 0, 0, 0, 0, 0], "left_behind": ["egg", "egg", "plain", "plain", "egg", "egg", "plain", "plain", "egg", "egg", "plain", "plain", "egg", "egg", "plain", "plain", "egg", "egg", "plain", "turd", "egg", "egg", "plain", "plain", "egg", "egg", "plain", "plain", "egg", "egg", "plain", "plain", "egg", "plain", "plain", "plain", "egg", "plain", "plain", "plain", "egg", "plain", "plain", "plain", "egg", "egg", "plain", "plain", "egg", "egg", "plain", "plain", "egg", "egg", "plain", "plain", "egg", "egg", "plain", "plain", "plain", "egg", "plain", "plain", "egg", "egg", "plain", "plain", "plain", "plain", "plain", "plain", "plain", "egg", "plain", "plain", "plain", "plain", "plain", "turd"], "errlog_a": "", "errlog_b": "", "start_time": 360, "start_moves": 40, "turn_count": 80, "result": 0, "reason": "EGGS_LAID", "trapdoors": [[5, 3], [3, 4]], "spawn_a": [7, 3], "spawn_b": [0, 3]}