{"pos": [[7, 2], [1, 1], [7, 3], [2, 1], [7, 4], [3, 1], [6, 4], [4, 1], [6, 5], [4, 0], [6, 6], [5, 0], [5, 6], [6, 0], [4, 6], [6, 1], [3, 6], [6, 2], [2, 6], [6, 3], [2, 5], [6, 2], [2, 4], [5, 2], [2, 3], [4, 2], [7, 1], [0, 1], [7, 0], [1, 1], [7, 1], [1, 2], [7, 0], [1, 3], [7, 1], [1, 4], [7, 2], [1, 5], [7, 3], [2, 5], [7, 4], [1, 5], [7, 5], [1, 6], [6, 5], [1, 5], [5, 5], [0, 5], [5, 6], [0, 4], [5, 7], [0, 3], [4, 7], [1, 3], [3, 7], [2, 3], [2, 7], [3, 3], [1, 7], [3, 2], [0, 7], [3, 1], [0, 6], [3, 0], [0, 7], [2, 0], [0, 6], [1, 0], [0, 7], [1, 1], [1, 7], [1, 2], [2, 7], [1, 3], [2, 6], [1, 4], [3, 6], [1, 3], [3, 5], [0, 3]], "a_eggs_laid": [1, 1, 1, 1, 2, 2, 2, 2, 3, 3, 3, 3, 4, 4, 4, 4, 5, 5, 5, 5, 6, 6, 6, 6, 7, 7, 7, 7, 11, 11, 11, 11, 11, 11, 11, 11, 11, 11, 11, 11, 11, 11, 11, 11, 12, 12, 12, 12, 13, 13, 13, 13, 14, 14, 14, 14, 15, 15, 15, 15, 16, 16, 16, 16, 16, 16, 16, 16, 16, 16, 16, 16, 16, 16, 16, 16, 16, 16, 16, 16], "b_eggs_laid": [0, 1, 1, 1, 1, 2, 2, 2, 2, 3, 3, 3, 3, 4, 4, 4, 4, 5, 5, 5, 5, 6, 6, 6, 6, 7, 7, 11, 11, 11, 11, 11, 11, 12, 12, 12, 12, 13, 13, 13, 13, 14, 14, 14, 14, 15, 15, 15, 15, 16, 16, 16, 16, 17, 17, 17, 17, 18, 18, 18, 18, 19, 19, 19, 19, 20, 20, 20, 20, 21, 21, 21, 21, 21, 21, 21, 21, 21, 21, 21], "a_turds_left": [5, 5, 5, 5, 5, 5, 5, 5, 5, 5, 5, 5, 5, 5, 5, 5, 5, 5, 5, 5, 5, 5, 5, 5, 5, 5, 5, 5, 5, 5, 5, 5, 5, 5, 5, 5, 5, 5, 5, 5, 5, 5, 5, 5, 5, 5, 5, 5, 5, 5, 5, 5, 5, 5, 5, 5, 5, 5, 5, 5, 5, 5, 5, 5, 5, 5, 5, 5, 5, 5, 5, 5, 5, 5, 5, 5, 5, 5, 5, 5], "b_turds_left": [5, 5, 5, 5, 5, 5, 5, 5, 5, 5, 5, 5, 5, 5, 5, 5, 5, 5, 5, 5, 5, 5, 5, 5, 5, 5, 5, 5, 5, 5, 5, 5, 5, 5, 5, 5, 5, 5, 5, 5, 5, 5, 5, 5, 5, 5, 5, 5, 5, 5, 5, 5, 5, 5, 5, 5, 5, 5, 5, 5, 5, 5, 5, 5, 5, 5, 5, 5, 5, 5, 5, 5, 5, 5, 5, 5, 5, 5, 5, 4], "a_time_left": [358.75031766603934, 358.75031766603934, 357.9799262069864, 357.9799262069864, 355.699158956937, 355.699158956937, 354.7887173319468, 354.7887173319468, 352.36465220694663, 352.36465220694663, 351.71272733196383, 351.71272733196383, 350.0494069989654, 350.0494069989654, 349.45038824895164, 349.45038824895164, 347.47135753999464, 347.47135753999464, 346.7184913319652, 346.7184913319652, 345.3677964149392, 345.3677964149392, 344.6336136649479, 344.6336136649479, 341.52423853997607, 341.52423853997607, 340.8565475399373, 340.8565475399373, 340.750514872896, 340.750514872896, 340.29333878989564, 340.29333878989564, 339.74699374788906, 339.74699374788906, 339.48431891493965, 339.48431891493965, 339.1689538319479, 339.1689538319479, 338.85199437395204, 338.85199437395204, 338.5836987909279, 338.5836987909279, 338.15856679092394, 338.15856679092394, 336.8097510409425, 336.8097510409425, 336.34127999894554, 336.34127999894554, 334.9690073329839, 334.9690073329839, 334.66646337497514, 334.66646337497514, 333.69170366600156, 333.69170366600156, 333.48236549901776, 333.48236549901776, 332.9103902070201, 332.9103902070201, 332.65158391505247, 332.65158391505247, 332.33608504006406, 332.33608504006406, 332.25678004010115, 332.25678004010115, 332.09513066511136, 332.09513066511136, 332.03189641510835, 332.03189641510835, 331.907084331091, 331.907084331091, 331.86268345604185, 331.86268345604185, 331.81525841506664, 331.81525841506664, 331.74903695704415, 331.74903695704415, 331.6930559980683, 331.6930559980683, 331.6648300400702, 331.6648300400702], "b_time_left": [360, 359.0250790839782, 359.0250790839782, 358.1216973339906, 358.1216973339906, 357.0873207930126, 357.0873207930126, 356.20455387601396, 356.20455387601396, 354.4155572920572, 354.4155572920572, 353.5252974590403, 353.5252974590403, 351.83436525106663, 351.83436525106663, 351.1206070010667, 351.1206070010667, 349.3469835840515, 349.3469835840515, 348.2942733760574, 348.2942733760574, 347.25903550104704, 347.25903550104704, 346.2906133760698, 346.2906133760698, 345.09393045911565, 345.09393045911565, 344.83709691709373, 344.83709691709373, 344.7878440420609, 344.7878440420609, 344.5232033340726, 344.5232033340726, 344.28705283411546, 344.28705283411546, 344.09143800107995, 344.09143800107995, 343.7051696680719, 343.7051696680719, 343.45904429309303, 343.45904429309303, 342.78179483511485, 342.78179483511485, 341.8434879601118, 341.8434879601118, 340.7671255431487, 340.7671255431487, 340.0473465851974, 340.0473465851974, 339.48279641824774, 339.48279641824774, 338.992347918218, 338.992347918218, 338.4940262932214, 338.4940262932214, 337.9933037512237, 337.9933037512237, 337.8058912922279, 337.8058912922279, 337.39461616717745, 337.39461616717745, 337.22067050018813, 337.22067050018813, 337.0841530832113, 337.0841530832113, 336.91593299922533, 336.91593299922533, 336.80022074922454, 336.80022074922454, 336.62455345719354, 336.62455345719354, 336.4815592902014, 336.4815592902014, 336.4058672072133, 336.4058672072133, 336.24148583220085, 336.24148583220085, 336.18969145719893, 336.18969145719893, 336.1855069571757], "a_moves_left": [39, 39, 38, 38, 37, 37, 36, 36, 35, 35, 34, 34, 33, 33, 32, 32, 31, 31, 30, 30, 29, 29, 28, 28, 27, 27, 26, 26, 25, 25, 24, 24, 23, 23, 22, 22, 21, 21, 20, 20, 19, 19, 18, 18, 17, 17, 16, 16, 15, 15, 14, 14, 13, 13, 12, 12, 11, 11, 10, 10, 9, 9, 8, 8, 7, 7, 6, 6, 5, 5, 4, 4, 3, 3, 2, 2, 1, 1, 0, 0], "b_moves_left": [40, 39, 39, 38, 38, 37, 37, 36, 36, 35, 35, 34, 34, 33, 33, 32, 32, 31, 31, 30, 30, 29, 29, 28, 28, 27, 27, 26, 26, 25, 25, 24, 24, 23, 23, 22, 22, 21, 21, 20, 20, 19, 19, 18, 18, 17, 17, 16, 16, 15, 15, 14, 14, 13, 13, 12, 12, 11, 11, 10, 10, 9, 9, 8, 8, 7, 7, 6, 6, 5, 5, 4, 4, 3, 3, 2, 2, 1, 1, 0], "trapdoor_triggered": [0, 0, 0, 0, 0, 0, 0, 0, 0, 0, 0, 0, 0, 0, 0, 0, 0, 0, 0, 0, 0, 0, 0, 0, 0, 0, 1, 1, 0, 0, 0, 0, 0, 0, 0, 0, 0, 0, 0, 0, 0, 0, 0, 0, 0, 0, 0, 0, 0, 0, 0, 0, 0, 0, 0, 0, 0, 0, 0, 0, 0, 0, 0, 0, 0, 0, 0, 0, 0, 0, 0, 0, 0, 0, 0, 0, 0, 0, 0, 0], "left_behind": ["egg", "egg", "plain", "plain", "egg", "egg", "plain", "plain", "egg", "egg", "plain", "plain", "egg", "egg", "plain", "plain", "egg", "egg", "plain", "plain", "egg", "egg", "plain", "plain", "egg", "egg", "plain", "plain", "plain", "plain", "plain", "plain", "plain", "egg", "plain", "plain", "plain", "egg", "plain", "plain", "plain", "egg", "plain", "plain", "egg", "egg", "plain", "plain", "egg", "egg", "plain", "plain", "egg", "egg", "plain", "plain", "egg", "egg", "plain", "plain", "egg", "egg", "plain", "plain", "plain", "egg", "plain", "plain", "plain", "egg", "plain", "plain", "plain", "plain", "plain", "plain", "plain", "plain", "plain", "turd"], "errlog_a": "", "errlog_b": "", "start_time": 360, "start_moves": 40, "turn_count": 80, "result": 1, "reason": "EGGS_LAID", "trapdoors": [[2, 2], [4, 3]], "spawn_a": [7, 1], "spawn_b": [0, 1]}