{"pos": [[7, 4], [0, 4], [7, 3], [0, 3], [7, 2], [0, 2], [7, 1], [0, 1], [6, 1], [1, 1], [6, 2], [2, 1], [6, 3], [2, 0], [6, 4], [3, 0], [6, 5], [3, 1], [5, 5], [4, 1], [5, 6], [3, 1], [4, 6], [3, 2], [5, 6], [2, 2], [5, 7], [2, 3], [5, 6], [2, 4], [6, 6], [2, 5], [7, 6], [2, 6], [7, 7], [1, 6], [7, 6], [1, 5], [7, 5], [1, 4], [7, 4], [1, 3], [7, 3], [1, 2], [6, 3], [1, 1], [5, 3], [1, 0], [5, 2], [1, 1], [5, 1], [2, 1], [5, 0], [3, 1], [6, 0], [3, 2], [7, 0], [3, 1], [7, 1], [4, 1], [7, 2], [4, 2], [7, 3], [4, 3], [7, 4], [3, 3], [7, 5], [3, 4], [7, 4], [3, 5], [7, 3], [3, 6], [7, 4], [3, 5], [6, 4], [4, 5], [6, 5], [3, 5], [6, 6], [4, 5]], "a_eggs_laid": [1, 1, 1, 1, 2, 2, 2, 2, 3, 3, 3, 3, 4, 4, 4, 4, 5, 5, 5, 5, 6, 6, 6, 6, 7, 7, 7, 7, 8, 8, 8, 8, 9, 9, 9, 9, 12, 12, 12, 12, 12, 12, 12, 12, 12, 12, 12, 12, 13, 13, 13, 13, 14, 14, 14, 14, 15, 15, 15, 15, 15, 15, 15, 15, 15, 15, 15, 15, 15, 15, 15, 15, 15, 15, 15, 15, 15, 15, 15, 15], "b_eggs_laid": [0, 1, 1, 1, 1, 2, 2, 2, 2, 3, 3, 3, 3, 4, 4, 4, 4, 5, 5, 5, 5, 6, 6, 6, 6, 7, 7, 7, 7, 8, 8, 8, 8, 9, 9, 9, 9, 10, 10, 10, 10, 11, 11, 11, 11, 12, 12, 12, 12, 13, 13, 13, 13, 13, 13, 13, 13, 13, 13, 13, 13, 13, 13, 13, 13, 14, 14, 14, 14, 15, 15, 15, 15, 16, 16, 16, 16, 16, 16, 16], "a_turds_left": [5, 5, 5, 5, 5, 5, 5, 5, 5, 5, 5, 5, 5, 5, 5, 5, 5, 5, 5, 5, 5, 5, 5, 5, 5, 5, 5, 5, 5, 5, 5, 5, 5, 5, 5, 5, 5, 5, 5, 5, 5, 5, 5, 5, 5, 5, 5, 5, 5, 5, 5, 5, 5, 5, 5, 5, 5, 5, 5, 5, 5, 5, 5, 5, 5, 5, 5, 5, 5, 5, 5, 5, 5, 5, 5, 5, 5, 5, 5, 5], "b_turds_left": [5, 5, 5, 5, 5, 5, 5, 5, 5, 5, 5, 5, 5, 5, 5, 5, 5, 5, 5, 5, 5, 5, 5, 5, 5, 5, 5, 5, 5, 5, 5, 5, 5, 5, 5, 5, 5, 5, 5, 5, 5, 5, 5, 5, 5, 5, 5, 5, 5, 5, 5, 5, 5, 5, 5, 5, 5, 5, 5, 5, 5, 5, 5, 4, 4, 4, 4, 4, 4, 4, 4, 4, 4, 4, 4, 4, 4, 3, 3, 3], "a_time_left": [358.89204045798397, 358.89204045798397, 358.3751745829941, 358.3751745829941, 356.99274658301147, 356.99274658301147, 356.421466291009, 356.421466291009, 354.8934350410127, 354.8934350410127, 353.86668174900115, 353.86668174900115, 351.26327304099686, 351.26327304099686, 350.5237274999963, 350.5237274999963, 348.61030262499116, 348.61030262499116, 347.62385624996386, 347.62385624996386, 344.9054769159411, 344.9054769159411, 343.78256091597723, 343.78256091597723, 340.38058074901346, 340.38058074901346, 339.3346971240244, 339.3346971240244, 337.3168391660438, 337.3168391660438, 336.5233514570282, 336.5233514570282, 335.06328712403774, 335.06328712403774, 334.6520722490386, 334.6520722490386, 334.13383691501804, 334.13383691501804, 333.8776883740211, 333.8776883740211, 333.5284478320391, 333.5284478320391, 333.284928290057, 333.284928290057, 332.859440873086, 332.859440873086, 332.59682237310335, 332.59682237310335, 332.2007527060923, 332.2007527060923, 331.9701476651244, 331.9701476651244, 331.6567456230987, 331.6567456230987, 331.5205590391415, 331.5205590391415, 330.98271624714835, 330.98271624714835, 330.85842778813094, 330.85842778813094, 330.72424557909835, 330.72424557909835, 330.4460169960512, 330.4460169960512, 330.2445681630634, 330.2445681630634, 329.9271106630331, 329.9271106630331, 329.6479064540472, 329.6479064540472, 329.38351907907054, 329.38351907907054, 329.1315016630688, 329.1315016630688, 328.9884304970619, 328.9884304970619, 328.86242274707183, 328.86242274707183, 328.843276372063, 328.843276372063], "b_time_left": [360, 359.0509367089835, 359.0509367089835, 358.3671209589811, 358.3671209589811, 357.40010075096507, 357.40010075096507, 356.79989158397075, 356.79989158397075, 355.5288677509525, 355.5288677509525, 354.4213769589551, 354.4213769589551, 352.71428508393, 352.71428508393, 351.69412954192376, 351.69412954192376, 350.13448329194216, 350.13448329194216, 348.964842874906, 348.964842874906, 347.11892504093703, 347.11892504093703, 345.9647912499495, 345.9647912499495, 343.62646645790664, 343.62646645790664, 342.89766133291414, 342.89766133291414, 342.098190541903, 342.098190541903, 341.02732041693525, 341.02732041693525, 340.4278318338911, 340.4278318338911, 339.9242704588687, 339.9242704588687, 339.62846524984343, 339.62846524984343, 339.3633400828694, 339.3633400828694, 338.8277067078743, 338.8277067078743, 338.4951963329222, 338.4951963329222, 337.29437666595913, 337.29437666595913, 336.6272643749835, 336.6272643749835, 335.9664170839824, 335.9664170839824, 335.4898166679777, 335.4898166679777, 335.17023771000095, 335.17023771000095, 334.69623587600654, 334.69623587600654, 334.58903608401306, 334.58903608401306, 334.40830279304646, 334.40830279304646, 334.3377277510008, 334.3377277510008, 334.07968833396444, 334.07968833396444, 333.85250500094844, 333.85250500094844, 333.54922920890385, 333.54922920890385, 333.19330529187573, 333.19330529187573, 332.9063962078653, 332.9063962078653, 332.5864043328911, 332.5864043328911, 332.1877666248474, 332.1877666248474, 332.1171483328799, 332.1171483328799, 332.11120449984446], "a_moves_left": [39, 39, 38, 38, 37, 37, 36, 36, 35, 35, 34, 34, 33, 33, 32, 32, 31, 31, 30, 30, 29, 29, 28, 28, 27, 27, 26, 26, 25, 25, 24, 24, 23, 23, 22, 22, 21, 21, 20, 20, 19, 19, 18, 18, 17, 17, 16, 16, 15, 15, 14, 14, 13, 13, 12, 12, 11, 11, 10, 10, 9, 9, 8, 8, 7, 7, 6, 6, 5, 5, 4, 4, 3, 3, 2, 2, 1, 1, 0, 0], "b_moves_left": [40, 39, 39, 38, 38, 37, 37, 36, 36, 35, 35, 34, 34, 33, 33, 32, 32, 31, 31, 30, 30, 29, 29, 28, 28, 27, 27, 26, 26, 25, 25, 24, 24, 23, 23, 22, 22, 21, 21, 20, 20, 19, 19, 18, 18, 17, 17, 16, 16, 15, 15, 14, 14, 13, 13, 12, 12, 11, 11, 10, 10, 9, 9, 8, 8, 7, 7, 6, 6, 5, 5, 4, 4, 3, 3, 2, 2, 1, 1, 0], "trapdoor_triggered": [0, 0, 0, 0, 0, 0, 0, 0, 0, 0, 0, 0, 0, 0, 0, 0, 0, 0, 0, 0, 0, 0, 0, 0, 0, 0, 0, 0, 0, 0, 0, 0, 0, 0, 0, 0, 0, 0, 0, 0, 0, 0, 0, 0, 0, 0, 0, 0, 0, 0, 0, 0, 0, 0, 0, 0, 0, 0, 0, 0, 0, 0, 0, 0, 0, 0, 0, 0, 0, 0, 0, 0, 0, 0, 0, 0, 0, 0, 0, 0], "left_behind": ["egg", "egg", "plain", "plain", "egg", "egg", "plain", "plain", "egg", "egg", "plain", "plain", "egg", "egg", "plain", "plain", "egg", "egg", "plain", "plain", "egg", "egg", "plain", "plain", "egg", "egg", "plain", "plain", "egg", "egg", "plain", "plain", "egg", "egg", "plain", "plain", "egg", "egg", "plain", "plain", "plain", "egg", "plain", "plain", "plain", "egg", "plain", "plain", "egg", "egg", "plain", "plain", "egg", "plain", "plain", "plain", "egg", "plain", "plain", "plain", "plain", "plain", "plain", "turd", "plain", "egg", "plain", "plain", "plain", "egg", "plain", "plain", "plain", "egg", "plain", "plain", "plain", "turd", "plain", "plain"], "errlog_a": "", "errlog_b": "", "start_time": 360, "start_moves": 40, "turn_count": 80, "result": 1, "reason": "EGGS_LAID", "trapdoors": [[4, 4], [5, 4]], "spawn_a": [7, 5], "spawn_b": [0, 5]}