{"pos": [[7, 2], [0, 2], [7, 1], [0, 1], [6, 1], [1, 1], [6, 2], [1, 0], [6, 3], [2, 0], [6, 4], [3, 0], [6, 5], [4, 0], [6, 6], [5, 0], [5, 6], [5, 1], [4, 6], [6, 1], [3, 6], [5, 1], [2, 6], [5, 2], [2, 5], [5, 1], [7, 3], [4, 1], [7, 4], [3, 1], [7, 5], [3, 2], [6, 5], [3, 1], [5, 5], [2, 1], [5, 6], [2, 2], [5, 7], [2, 3], [4, 7], [0, 3], [3, 7], [1, 3], [3, 6], [1, 2], [3, 5], [1, 3], [2, 5], [1, 4], [1, 5], [1, 3], [1, 6], [1, 2], [0, 6], [1, 1], [1, 6], [1, 2], [1, 7], [1, 3], [2, 7], [1, 2], [2, 6], [1, 1], [3, 6], [1, 0], [3, 5], [2, 0], [3, 4], [3, 0], [3, 3], [4, 0], [4, 3], [5, 0], [5, 3], [6, 0], [6, 3], [7, 0], [6, 4], [6, 0]], "a_eggs_laid": [1, 1, 1, 1, 2, 2, 2, 2, 3, 3, 3, 3, 4, 4, 4, 4, 5, 5, 5, 5, 6, 6, 6, 6, 7, 7, 7, 7, 7, 7, 7, 7, 8, 8, 8, 8, 9, 9, 9, 9, 10, 10, 14, 14, 15, 15, 15, 15, 16, 16, 16, 16, 17, 17, 17, 17, 18, 18, 18, 18, 19, 19, 19, 19, 19, 19, 19, 19, 19, 19, 19, 19, 20, 20, 20, 20, 21, 21, 21, 21], "b_eggs_laid": [0, 1, 1, 1, 1, 2, 2, 2, 2, 3, 3, 3, 3, 4, 4, 4, 4, 5, 5, 5, 5, 6, 6, 6, 6, 7, 7, 11, 11, 12, 12, 12, 12, 13, 13, 13, 13, 14, 14, 14, 14, 15, 15, 15, 15, 15, 15, 16, 16, 16, 16, 17, 17, 17, 17, 17, 17, 17, 17, 17, 17, 17, 17, 17, 17, 17, 17, 17, 17, 17, 17, 17, 17, 17, 17, 17, 17, 17, 17, 17], "a_turds_left": [5, 5, 5, 5, 5, 5, 5, 5, 5, 5, 5, 5, 5, 5, 5, 5, 5, 5, 5, 5, 5, 5, 5, 5, 5, 5, 5, 5, 5, 5, 5, 5, 5, 5, 5, 5, 5, 5, 5, 5, 5, 5, 5, 5, 5, 5, 5, 5, 5, 5, 4, 4, 4, 4, 4, 4, 4, 4, 4, 4, 4, 4, 4, 4, 4, 4, 4, 4, 4, 4, 4, 4, 4, 4, 3, 3, 3, 3, 3, 3], "b_turds_left": [5, 5, 5, 5, 5, 5, 5, 5, 5, 5, 5, 5, 5, 5, 5, 5, 5, 5, 5, 5, 5, 5, 5, 5, 5, 5, 5, 5, 5, 5, 5, 5, 5, 5, 5, 5, 5, 5, 5, 5, 5, 5, 5, 5, 5, 5, 5, 5, 5, 5, 5, 5, 5, 5, 5, 5, 5, 5, 5, 5, 5, 5, 5, 5, 5, 5, 5, 5, 5, 5, 5, 5, 5, 5, 5, 5, 5, 5, 5, 4], "a_time_left": [358.7825109169935, 358.7825109169935, 358.2203819170245, 358.2203819170245, 356.6608179170289, 356.6608179170289, 355.66254525003023, 355.66254525003023, 353.8071506660199, 353.8071506660199, 352.841800291033, 352.841800291033, 350.8641129160533, 350.8641129160533, 349.91957175009884, 349.91957175009884, 348.1555645421031, 348.1555645421031, 346.96512316708686, 346.96512316708686, 345.4208068330772, 345.4208068330772, 344.4158810420777, 344.4158810420777, 342.4621035840828, 342.4621035840828, 341.79371170909144, 341.79371170909144, 341.23066316812765, 341.23066316812765, 340.74961325112963, 340.74961325112963, 338.42733829212375, 338.42733829212375, 337.77213470911374, 337.77213470911374, 335.9356688761036, 335.9356688761036, 335.07063121011015, 335.07063121011015, 333.87159312609583, 333.87159312609583, 333.68744725111173, 333.68744725111173, 333.046443418134, 333.046443418134, 332.18372112716315, 332.18372112716315, 331.13210816914216, 331.13210816914216, 330.612463419151, 330.612463419151, 330.2711232941365, 330.2711232941365, 329.94548596115783, 329.94548596115783, 329.53890996117843, 329.53890996117843, 329.24428900313796, 329.24428900313796, 328.9458657941432, 328.9458657941432, 328.76057758618845, 328.76057758618845, 328.6379780031857, 328.6379780031857, 328.555573169142, 328.555573169142, 328.4608535441221, 328.4608535441221, 328.3631085861125, 328.3631085861125, 328.2348514611367, 328.2348514611367, 328.02263762714574, 328.02263762714574, 327.911820377165, 327.911820377165, 327.90071487717796, 327.90071487717796], "b_time_left": [360, 359.14858566597104, 359.14858566597104, 358.52688029094134, 358.52688029094134, 357.18819554091897, 357.18819554091897, 355.9807072489057, 355.9807072489057, 354.85990116588073, 354.85990116588073, 354.01534724986413, 354.01534724986413, 352.3913549578283, 352.3913549578283, 351.62459387478884, 351.62459387478884, 349.9607581248274, 349.9607581248274, 349.1575052908156, 349.1575052908156, 348.0216143327998, 348.0216143327998, 347.18264624878066, 347.18264624878066, 345.532550123753, 345.532550123753, 345.2406614147476, 345.2406614147476, 344.18193570669973, 344.18193570669973, 343.2291721237125, 343.2291721237125, 341.833515456703, 341.833515456703, 340.74242887366563, 340.74242887366563, 339.70581437367946, 339.70581437367946, 338.90998337365454, 338.90998337365454, 338.10686112364056, 338.10686112364056, 337.8675293326378, 337.8675293326378, 337.48837654065574, 337.48837654065574, 336.10829874966294, 336.10829874966294, 335.7722439156496, 335.7722439156496, 335.5827591656125, 335.5827591656125, 335.2528840826126, 335.2528840826126, 335.00651045760605, 335.00651045760605, 334.7739870826481, 334.7739870826481, 334.5340873746318, 334.5340873746318, 334.438399708597, 334.438399708597, 334.34207975055324, 334.34207975055324, 334.2000973755494, 334.2000973755494, 334.1324380845763, 334.1324380845763, 333.8719382095733, 333.8719382095733, 333.71826445957413, 333.71826445957413, 333.4747320005554, 333.4747320005554, 333.35377025057096, 333.35377025057096, 333.31587950058747, 333.31587950058747, 333.3141676255618], "a_moves_left": [39, 39, 38, 38, 37, 37, 36, 36, 35, 35, 34, 34, 33, 33, 32, 32, 31, 31, 30, 30, 29, 29, 28, 28, 27, 27, 26, 26, 25, 25, 24, 24, 23, 23, 22, 22, 21, 21, 20, 20, 19, 19, 18, 18, 17, 17, 16, 16, 15, 15, 14, 14, 13, 13, 12, 12, 11, 11, 10, 10, 9, 9, 8, 8, 7, 7, 6, 6, 5, 5, 4, 4, 3, 3, 2, 2, 1, 1, 0, 0], "b_moves_left": [40, 39, 39, 38, 38, 37, 37, 36, 36, 35, 35, 34, 34, 33, 33, 32, 32, 31, 31, 30, 30, 29, 29, 28, 28, 27, 27, 26, 26, 25, 25, 24, 24, 23, 23, 22, 22, 21, 21, 20, 20, 19, 19, 18, 18, 17, 17, 16, 16, 15, 15, 14, 14, 13, 13, 12, 12, 11, 11, 10, 10, 9, 9, 8, 8, 7, 7, 6, 6, 5, 5, 4, 4, 3, 3, 2, 2, 1, 1, 0], "trapdoor_triggered": [0, 0, 0, 0, 0, 0, 0, 0, 0, 0, 0, 0, 0, 0, 0, 0, 0, 0, 0, 0, 0, 0, 0, 0, 0, 0, 1, 0, 0, 0, 0, 0, 0, 0, 0, 0, 0, 0, 0, 0, 0, 1, 0, 0, 0, 0, 0, 0, 0, 0, 0, 0, 0, 0, 0, 0, 0, 0, 0, 0, 0, 0, 0, 0, 0, 0, 0, 0, 0, 0, 0, 0, 0, 0, 0, 0, 0, 0, 0, 0], "left_behind": ["egg", "egg", "plain", "plain", "egg", "egg", "plain", "plain", "egg", "egg", "plain", "plain", "egg", "egg", "plain", "plain", "egg", "egg", "plain", "plain", "egg", "egg", "plain", "plain", "egg", "egg", "plain", "plain", "plain", "egg", "plain", "plain", "egg", "egg", "plain", "plain", "egg", "egg", "plain", "plain", "egg", "egg", "plain", "plain", "egg", "plain", "plain", "egg", "egg", "plain", "turd", "egg", "egg", "plain", "plain", "plain", "egg", "plain", "plain", "plain", "egg", "plain", "plain", "plain", "plain", "plain", "plain", "plain", "plain", "plain", "plain", "plain", "egg", "plain", "turd", "plain", "egg", "plain", "plain", "turd"], "errlog_a": "", "errlog_b": "", "start_time": 360, "start_moves": 40, "turn_count": 80, "result": 0, "reason": "EGGS_LAID", "trapdoors": [[2, 4], [5, 4]], "spawn_a": [7, 3], "spawn_b": [0, 3]}