{"pos": [[7, 4], [0, 4], [7, 3], [0, 3], [7, 2], [0, 2], [7, 1], [0, 1], [6, 1], [1, 1], [6, 2], [1, 0], [6, 1], [2, 0], [5, 1], [3, 0], [6, 1], [3, 1], [6, 0], [4, 1], [7, 0], [4, 0], [7, 1], [5, 0], [7, 2], [4, 0], [7, 3], [4, 1], [7, 4], [4, 2], [6, 4], [0, 5], [6, 5], [0, 4], [6, 6], [1, 4], [5, 6], [1, 3], [4, 6], [1, 2], [3, 6], [1, 1], [2, 6], [2, 1], [2, 7], [2, 2], [1, 7], [0, 5], [2, 7], [1, 5], [3, 7], [2, 5], [4, 7], [3, 5], [5, 7], [4, 5], [6, 7], [0, 5], [7, 7], [1, 5], [7, 6], [1, 6], [7, 5], [1, 5], [6, 5], [1, 4], [5, 5], [1, 3], [5, 4], [2, 3], [5, 3], [3, 3], [6, 3], [0, 5], [6, 2], [0, 4], [6, 1], [0, 3], [7, 1], [0, 4]], "a_eggs_laid": [1, 1, 1, 1, 2, 2, 2, 2, 3, 3, 3, 3, 4, 4, 4, 4, 5, 5, 5, 5, 6, 6, 6, 6, 6, 6, 6, 6, 6, 6, 6, 6, 11, 11, 11, 11, 12, 12, 12, 12, 13, 13, 13, 13, 14, 14, 14, 14, 19, 19, 19, 19, 20, 20, 20, 20, 21, 21, 25, 25, 28, 28, 28, 28, 28, 28, 28, 28, 29, 29, 29, 29, 30, 30, 34, 34, 34, 34, 34, 34], "b_eggs_laid": [0, 1, 1, 1, 1, 2, 2, 2, 2, 3, 3, 3, 3, 4, 4, 4, 4, 5, 5, 5, 5, 6, 6, 6, 6, 7, 7, 7, 7, 7, 7, 7, 7, 7, 7, 7, 7, 8, 8, 8, 8, 9, 9, 9, 9, 10, 10, 10, 10, 10, 10, 10, 10, 11, 11, 11, 11, 12, 12, 12, 12, 12, 12, 13, 13, 13, 13, 13, 13, 13, 13, 14, 14, 14, 14, 14, 14, 14, 14, 14], "a_turds_left": [5, 5, 5, 5, 5, 5, 5, 5, 5, 5, 5, 5, 5, 5, 5, 5, 5, 5, 5, 5, 5, 5, 5, 5, 5, 5, 5, 5, 5, 5, 5, 5, 5, 5, 5, 5, 5, 5, 5, 5, 5, 5, 5, 5, 5, 5, 5, 5, 5, 5, 5, 5, 5, 5, 5, 5, 5, 5, 5, 5, 5, 5, 5, 5, 5, 5, 5, 5, 5, 5, 4, 4, 4, 4, 4, 4, 4, 4, 4, 4], "b_turds_left": [5, 5, 5, 5, 5, 5, 5, 5, 5, 5, 5, 5, 5, 5, 5, 5, 5, 5, 5, 5, 5, 5, 5, 5, 5, 5, 5, 5, 5, 5, 5, 4, 4, 4, 4, 4, 4, 4, 4, 4, 4, 4, 4, 4, 4, 4, 4, 4, 4, 4, 4, 4, 4, 4, 4, 4, 4, 4, 4, 4, 4, 4, 4, 4, 4, 4, 4, 4, 4, 4, 4, 4, 4, 4, 4, 4, 4, 3, 3, 3], "a_time_left": [358.86164766695583, 358.86164766695583, 358.36394545895746, 358.36394545895746, 357.06355358392466, 357.06355358392466, 356.5370121259475, 356.5370121259475, 355.1047998339636, 355.1047998339636, 354.1346297089476, 354.1346297089476, 352.41304466692964, 352.41304466692964, 351.69050425093155, 351.69050425093155, 350.38337541697547, 350.38337541697547, 349.6629799589282, 349.6629799589282, 348.8101322919247, 348.8101322919247, 348.70664399996167, 348.70664399996167, 348.5350807919749, 348.5350807919749, 348.3686131670256, 348.3686131670256, 348.13670991698746, 348.13670991698746, 347.43914004199905, 347.43914004199905, 346.8183480000007, 346.8183480000007, 346.3212200840353, 346.3212200840353, 344.3594332920038, 344.3594332920038, 343.723257708014, 343.723257708014, 341.90603825001745, 341.90603825001745, 341.39572974998737, 341.39572974998737, 339.6291375000146, 339.6291375000146, 339.28781733306823, 339.28781733306823, 339.0153189160628, 339.0153189160628, 338.7618157910765, 338.7618157910765, 337.7571546250838, 337.7571546250838, 337.5172207080759, 337.5172207080759, 337.03693145804573, 337.03693145804573, 336.9081761240377, 336.9081761240377, 336.7371324580163, 336.7371324580163, 336.4979176669731, 336.4979176669731, 336.3809020000044, 336.3809020000044, 336.05001604097197, 336.05001604097197, 335.4835177069763, 335.4835177069763, 334.96892416500486, 334.96892416500486, 334.6659838319756, 334.6659838319756, 334.5418547070003, 334.5418547070003, 334.467624248995, 334.467624248995, 334.4576806660043, 334.4576806660043], "b_time_left": [360, 359.23835950001376, 359.23835950001376, 358.68102383299265, 358.68102383299265, 357.91748258302687, 357.91748258302687, 357.3464494170039, 357.3464494170039, 356.1030652920017, 356.1030652920017, 354.96507404203294, 354.96507404203294, 353.99502079200465, 353.99502079200465, 353.16248958400683, 353.16248958400683, 352.04786912503187, 352.04786912503187, 351.2576582500478, 351.2576582500478, 351.0359337500413, 351.0359337500413, 350.8746090840432, 350.8746090840432, 350.7682644170127, 350.7682644170127, 350.568749417027, 350.568749417027, 350.27248904202133, 350.27248904202133, 349.2129255000036, 349.2129255000036, 348.890016459045, 348.890016459045, 348.2829461260699, 348.2829461260699, 346.8767035010969, 346.8767035010969, 346.0773029590491, 346.0773029590491, 344.64164812501986, 344.64164812501986, 343.8635295840213, 343.8635295840213, 342.73674025101354, 342.73674025101354, 342.03687262599124, 342.03687262599124, 341.8696107919677, 341.8696107919677, 341.313679416955, 341.313679416955, 340.85396629193565, 340.85396629193565, 340.192983832967, 340.192983832967, 339.8446895829402, 339.8446895829402, 339.6833143749391, 339.6833143749391, 339.55052287498256, 339.55052287498256, 339.32887937501073, 339.32887937501073, 339.08669512497727, 339.08669512497727, 338.81133508397033, 338.81133508397033, 338.43821300094714, 338.43821300094714, 337.74826512596337, 337.74826512596337, 337.57479020993924, 337.57479020993924, 337.5098227519193, 337.5098227519193, 337.4782007939066, 337.4782007939066, 337.47652379394276], "a_moves_left": [39, 39, 38, 38, 37, 37, 36, 36, 35, 35, 34, 34, 33, 33, 32, 32, 31, 31, 30, 30, 29, 29, 28, 28, 27, 27, 26, 26, 25, 25, 24, 24, 23, 23, 22, 22, 21, 21, 20, 20, 19, 19, 18, 18, 17, 17, 16, 16, 15, 15, 14, 14, 13, 13, 12, 12, 11, 11, 10, 10, 9, 9, 8, 8, 7, 7, 6, 6, 5, 5, 4, 4, 3, 3, 2, 2, 1, 1, 0, 0], "b_moves_left": [40, 39, 39, 38, 38, 37, 37, 36, 36, 35, 35, 34, 34, 33, 33, 32, 32, 31, 31, 30, 30, 29, 29, 28, 28, 27, 27, 26, 26, 25, 25, 24, 24, 23, 23, 22, 22, 21, 21, 20, 20, 19, 19, 18, 18, 17, 17, 16, 16, 15, 15, 14, 14, 13, 13, 12, 12, 11, 11, 10, 10, 9, 9, 8, 8, 7, 7, 6, 6, 5, 5, 4, 4, 3, 3, 2, 2, 1, 1, 0], "trapdoor_triggered": [0, 0, 0, 0, 0, 0, 0, 0, 0, 0, 0, 0, 0, 0, 0, 0, 0, 0, 0, 0, 0, 0, 0, 0, 0, 0, 0, 0, 0, 0, 0, 1, 0, 0, 0, 0, 0, 0, 0, 0, 0, 0, 0, 0, 0, 0, 0, 1, 0, 0, 0, 0, 0, 0, 0, 0, 0, 1, 0, 0, 0, 0, 0, 0, 0, 0, 0, 0, 0, 0, 0, 0, 0, 1, 0, 0, 0, 0, 0, 0], "left_behind": ["egg", "egg", "plain", "plain", "egg", "egg", "plain", "plain", "egg", "egg", "plain", "plain", "egg", "egg", "plain", "plain", "egg", "egg", "plain", "plain", "egg", "egg", "plain", "plain", "plain", "egg", "plain", "plain", "plain", "plain", "plain", "turd", "egg", "plain", "plain", "plain", "egg", "egg", "plain", "plain", "egg", "egg", "plain", "plain", "egg", "egg", "plain", "plain", "egg", "plain", "plain", "plain", "egg", "egg", "plain", "plain", "egg", "egg", "plain", "plain", "egg", "plain", "plain", "egg", "plain", "plain", "plain", "plain", "egg", "plain", "turd", "egg", "egg", "plain", "plain", "plain", "plain", "turd", "plain", "plain"], "errlog_a": "", "errlog_b": "", "start_time": 360, "start_moves": 40, "turn_count": 80, "result": 0, "reason": "EGGS_LAID", "trapdoors": [[4, 4], [3, 2]], "spawn_a": [7, 5], "spawn_b": [0, 5]}