{"pos": [[0, 1], [7, 1], [0, 0], [7, 0], [1, 0], [7, 1], [2, 0], [6, 1], [2, 1], [6, 2], [3, 1], [6, 3], [2, 1], [6, 4]], "a_eggs_laid": [1, 1, 1, 1, 4, 4, 4, 4, 5, 5, 5, 5, 6, 6], "b_eggs_laid": [0, 1, 1, 1, 1, 4, 4, 4, 4, 5, 5, 5, 5, 6], "a_turds_left": [5, 5, 5, 5, 5, 5, 5, 5, 5, 5, 5, 5, 5, 5], "b_turds_left": [5, 5, 5, 5, 5, 5, 5, 5, 5, 5, 5, 5, 5, 5], "a_time_left": [358.6138684999896, 358.6138684999896, 358.051062582992, 358.051062582992, 357.30777387402486, 357.30777387402486, 356.5822726660408, 356.5822726660408, 354.0136992490152, 354.0136992490152, 352.472511999018, 352.472511999018, 349.05038366501685, 349.05038366501685], "b_time_left": [360, 359.05717516702134, 359.05717516702134, 358.35594025003957, 358.35594025003957, 357.2327293330454, 357.2327293330454, 356.0232109580538, 356.0232109580538, 351.9002089580754, 351.9002089580754, 349.74775016709464, 349.74775016709464, 346.5334947921219], "a_moves_left": [39, 39, 38, 38, 37, 37, 36, 36, 35, 35, 34, 34, 33, 33], "b_moves_left": [40, 39, 39, 38, 38, 37, 37, 36, 36, 35, 35, 34, 34, 33], "trapdoor_triggered": [0, 0, 0, 0, 0, 0, 0, 0, 0, 0, 0, 0, 0, 0], "left_behind": ["egg", "egg", "plain", "plain", "egg", "egg", "plain", "plain", "egg", "egg", "plain", "plain", "egg", "egg"], "errlog_a": "Timeout", "errlog_b": "", "start_time": 360, "start_moves": 40, "turn_count": 14, "result": 1, "reason": "CODE_CRASH", "trapdoors": [[4, 4], [4, 3]], "spawn_a": [0, 2], "spawn_b": [7, 2]}