{"pos": [[7, 2], [0, 2], [7, 1], [0, 1], [7, 2], [1, 1], [6, 2], [1, 0], [6, 1], [2, 0], [5, 1], [3, 0], [5, 2], [3, 1], [5, 3], [4, 1], [5, 4], [3, 1], [6, 4], [3, 2], [6, 5], [3, 1], [5, 5], [2, 1], [5, 4], [2, 2], [4, 4], [2, 3], [4, 5], [2, 2], [4, 6], [1, 2], [4, 5], [1, 3], [3, 5], [1, 4], [3, 6], [1, 5], [3, 7], [1, 6], [4, 7], [1, 5], [5, 7], [0, 5], [5, 6], [0, 6], [6, 6], [0, 7], [6, 5], [1, 7], [7, 5], [2, 7], [7, 6], [2, 6], [7, 7], [2, 7], [6, 7], [2, 6], [6, 6], [2, 7], [5, 6], [2, 6], [5, 5], [2, 7], [5, 6], [2, 6], [5, 5], [2, 7], [5, 6], [2, 6], [5, 5], [2, 7], [5, 6], [2, 6], [5, 5], [2, 7], [5, 6], [1, 7], [4, 6], [0, 7]], "a_eggs_laid": [1, 1, 1, 1, 2, 2, 2, 2, 3, 3, 3, 3, 4, 4, 4, 4, 5, 5, 5, 5, 6, 6, 6, 6, 7, 7, 7, 7, 8, 8, 8, 8, 9, 9, 9, 9, 9, 9, 9, 9, 10, 10, 10, 10, 11, 11, 11, 11, 12, 12, 12, 12, 13, 13, 13, 13, 16, 16, 16, 16, 16, 16, 16, 16, 16, 16, 16, 16, 16, 16, 16, 16, 16, 16, 16, 16, 16, 16, 16, 16], "b_eggs_laid": [0, 1, 1, 1, 1, 2, 2, 2, 2, 3, 3, 3, 3, 4, 4, 4, 4, 5, 5, 5, 5, 6, 6, 6, 6, 7, 7, 7, 7, 8, 8, 8, 8, 9, 9, 9, 9, 10, 10, 10, 10, 11, 11, 11, 11, 12, 12, 12, 12, 15, 15, 15, 15, 16, 16, 16, 16, 16, 16, 16, 16, 16, 16, 16, 16, 16, 16, 16, 16, 16, 16, 16, 16, 16, 16, 16, 16, 16, 16, 16], "a_turds_left": [5, 5, 5, 5, 5, 5, 5, 5, 5, 5, 5, 5, 5, 5, 4, 4, 4, 4, 4, 4, 4, 4, 4, 4, 4, 4, 4, 4, 4, 4, 4, 4, 4, 4, 4, 4, 3, 3, 3, 3, 3, 3, 3, 3, 3, 3, 3, 3, 3, 3, 3, 3, 3, 3, 3, 3, 3, 3, 3, 3, 3, 3, 3, 3, 3, 3, 3, 3, 3, 3, 3, 3, 3, 3, 3, 3, 3, 3, 3, 3], "b_turds_left": [5, 5, 5, 5, 5, 5, 5, 5, 5, 5, 5, 5, 5, 5, 5, 5, 5, 5, 5, 5, 5, 5, 5, 5, 5, 5, 5, 5, 5, 5, 5, 5, 5, 5, 5, 5, 5, 5, 5, 5, 5, 5, 5, 5, 5, 5, 5, 5, 5, 5, 5, 5, 5, 5, 5, 5, 5, 5, 5, 5, 5, 5, 5, 5, 5, 5, 5, 5, 5, 5, 5, 5, 5, 5, 5, 5, 5, 5, 5, 4], "a_time_left": [358.2234491669806, 358.2234491669806, 357.2538317919825, 357.2538317919825, 354.90729145897785, 354.90729145897785, 353.6778458339977, 353.6778458339977, 350.7823624589946, 350.7823624589946, 349.18616566696437, 349.18616566696437, 347.13660641695606, 347.13660641695606, 346.0233472089749, 346.0233472089749, 343.34575279196724, 343.34575279196724, 342.23675920895766, 342.23675920895766, 337.68058358394774, 337.68058358394774, 336.403847458947, 336.403847458947, 330.4619124169112, 330.4619124169112, 329.39005395793356, 329.39005395793356, 325.02446570794564, 325.02446570794564, 324.1925195408985, 324.1925195408985, 319.5077649568557, 319.5077649568557, 318.62575162388384, 318.62575162388384, 316.1750792489038, 316.1750792489038, 315.22970208188053, 315.22970208188053, 313.66233791591367, 313.66233791591367, 312.8144565408584, 312.8144565408584, 311.4399767498253, 311.4399767498253, 310.8371758328285, 310.8371758328285, 309.2679838738404, 309.2679838738404, 308.7312848318834, 308.7312848318834, 307.5999307068996, 307.5999307068996, 307.43647537287325, 307.43647537287325, 307.19219112291466, 307.19219112291466, 307.0533336229273, 307.0533336229273, 306.90849958191393, 306.90849958191393, 306.7085584148881, 306.7085584148881, 306.54581720690476, 306.54581720690476, 306.34588037390495, 306.34588037390495, 306.1827949578874, 306.1827949578874, 305.9929840408731, 305.9929840408731, 305.83624637383036, 305.83624637383036, 305.64781649882207, 305.64781649882207, 305.48995937383734, 305.48995937383734, 305.43816512380727, 305.43816512380727], "b_time_left": [360, 358.6371973750065, 358.6371973750065, 357.6481618749676, 357.6481618749676, 356.60333783295937, 356.60333783295937, 354.7631984159816, 354.7631984159816, 353.1580828750157, 353.1580828750157, 351.7845347499824, 351.7845347499824, 349.80634116602596, 349.80634116602596, 348.2203275410575, 348.2203275410575, 346.0916367910686, 346.0916367910686, 344.2831687910948, 344.2831687910948, 341.364414749085, 341.364414749085, 339.7610546660726, 339.7610546660726, 337.54085108306026, 337.54085108306026, 335.7090804160689, 335.7090804160689, 332.73901954106987, 332.73901954106987, 331.23733783204807, 331.23733783204807, 329.17064641503384, 329.17064641503384, 327.7534004980116, 327.7534004980116, 324.33944045600947, 324.33944045600947, 323.6106786649907, 323.6106786649907, 322.8224701230065, 322.8224701230065, 322.3177338730311, 322.3177338730311, 321.52290299808374, 321.52290299808374, 321.0060802481021, 321.0060802481021, 320.4360802061274, 320.4360802061274, 319.84739433112554, 319.84739433112554, 319.2381975391181, 319.2381975391181, 319.03870837314753, 319.03870837314753, 318.9935109151411, 318.9935109151411, 318.84347499813884, 318.84347499813884, 318.76969354011817, 318.76969354011817, 318.6117038730881, 318.6117038730881, 318.5376224570791, 318.5376224570791, 318.3761357900803, 318.3761357900803, 318.30130024813116, 318.30130024813116, 318.13934445613995, 318.13934445613995, 318.0669652481447, 318.0669652481447, 317.9088747901842, 317.9088747901842, 317.8262527482002, 317.8262527482002, 317.8189238731866], "a_moves_left": [39, 39, 38, 38, 37, 37, 36, 36, 35, 35, 34, 34, 33, 33, 32, 32, 31, 31, 30, 30, 29, 29, 28, 28, 27, 27, 26, 26, 25, 25, 24, 24, 23, 23, 22, 22, 21, 21, 20, 20, 19, 19, 18, 18, 17, 17, 16, 16, 15, 15, 14, 14, 13, 13, 12, 12, 11, 11, 10, 10, 9, 9, 8, 8, 7, 7, 6, 6, 5, 5, 4, 4, 3, 3, 2, 2, 1, 1, 0, 0], "b_moves_left": [40, 39, 39, 38, 38, 37, 37, 36, 36, 35, 35, 34, 34, 33, 33, 32, 32, 31, 31, 30, 30, 29, 29, 28, 28, 27, 27, 26, 26, 25, 25, 24, 24, 23, 23, 22, 22, 21, 21, 20, 20, 19, 19, 18, 18, 17, 17, 16, 16, 15, 15, 14, 14, 13, 13, 12, 12, 11, 11, 10, 10, 9, 9, 8, 8, 7, 7, 6, 6, 5, 5, 4, 4, 3, 3, 2, 2, 1, 1, 0], "trapdoor_triggered": [0, 0, 0, 0, 0, 0, 0, 0, 0, 0, 0, 0, 0, 0, 0, 0, 0, 0, 0, 0, 0, 0, 0, 0, 0, 0, 0, 0, 0, 0, 0, 0, 0, 0, 0, 0, 0, 0, 0, 0, 0, 0, 0, 0, 0, 0, 0, 0, 0, 0, 0, 0, 0, 0, 0, 0, 0, 0, 0, 0, 0, 0, 0, 0, 0, 0, 0, 0, 0, 0, 0, 0, 0, 0, 0, 0, 0, 0, 0, 0], "left_behind": ["egg", "egg", "plain", "plain", "egg", "egg", "plain", "plain", "egg", "egg", "plain", "plain", "egg", "egg", "turd", "plain", "egg", "egg", "plain", "plain", "egg", "egg", "plain", "plain", "egg", "egg", "plain", "plain", "egg", "egg", "plain", "plain", "egg", "egg", "plain", "plain", "turd", "egg", "plain", "plain", "egg", "egg", "plain", "plain", "egg", "egg", "plain", "plain", "egg", "egg", "plain", "plain", "egg", "egg", "plain", "plain", "egg", "plain", "plain", "plain", "plain", "plain", "plain", "plain", "plain", "plain", "plain", "plain", "plain", "plain", "plain", "plain", "plain", "plain", "plain", "plain", "plain", "plain", "plain", "turd"], "errlog_a": "", "errlog_b": "", "start_time": 360, "start_moves": 40, "turn_count": 80, "result": 2, "reason": "EGGS_LAID", "trapdoors": [[4, 2], [2, 5]], "spawn_a": [7, 3], "spawn_b": [0, 3]}