{"pos": [[0, 3], [7, 3], [0, 2], [7, 2], [0, 1], [7, 1], [0, 0], [7, 0], [1, 0], [7, 1], [2, 0], [6, 1], [2, 1], [6, 2], [2, 2], [7, 4], [2, 3], [7, 3], [2, 4], [6, 3], [2, 5], [6, 4], [3, 5], [6, 5], [2, 5], [6, 6], [2, 6], [5, 6], [2, 5], [5, 7], [1, 5], [4, 7], [1, 4], [5, 7], [1, 3], [6, 7], [1, 2], [6, 6], [1, 1], [7, 6], [2, 1], [6, 6], [3, 1], [5, 6], [3, 0], [4, 6], [4, 0], [4, 5], [5, 0], [4, 6], [5, 1], [3, 6], [0, 4], [3, 7], [0, 5], [4, 7], [0, 6], [4, 6], [1, 6], [5, 6], [1, 7], [6, 6], [2, 7], [7, 6], [2, 6], [7, 7], [2, 5], [7, 6], [2, 4], [7, 7], [2, 3], [6, 7], [3, 3], [6, 6], [3, 2], [5, 6], [4, 2], [6, 6], [4, 1], [7, 6]], "a_eggs_laid": [1, 1, 1, 1, 2, 2, 2, 2, 5, 5, 5, 5, 6, 6, 6, 6, 11, 11, 11, 11, 12, 12, 12, 12, 13, 13, 13, 13, 14, 14, 14, 14, 15, 15, 15, 15, 16, 16, 16, 16, 17, 17, 17, 17, 18, 18, 18, 18, 19, 19, 19, 19, 20, 20, 20, 20, 20, 20, 21, 21, 21, 21, 22, 22, 22, 22, 22, 22, 22, 22, 22, 22, 22, 22, 23, 23, 23, 23, 24, 24], "b_eggs_laid": [0, 1, 1, 1, 1, 2, 2, 2, 2, 5, 5, 5, 5, 6, 6, 6, 6, 6, 6, 6, 6, 7, 7, 7, 7, 8, 8, 8, 8, 9, 9, 9, 9, 10, 10, 10, 10, 11, 11, 11, 11, 12, 12, 12, 12, 12, 12, 12, 12, 13, 13, 13, 13, 18, 18, 18, 18, 18, 18, 18, 18, 18, 18, 18, 18, 18, 18, 18, 18, 18, 18, 18, 18, 18, 18, 18, 18, 18, 18, 18], "a_turds_left": [5, 5, 5, 5, 5, 5, 5, 5, 5, 5, 5, 5, 5, 5, 5, 5, 5, 5, 5, 5, 5, 5, 5, 5, 5, 5, 5, 5, 5, 5, 5, 5, 5, 5, 5, 5, 5, 5, 5, 5, 5, 5, 5, 5, 5, 5, 5, 5, 5, 5, 5, 5, 5, 5, 5, 5, 5, 5, 5, 5, 5, 5, 5, 5, 5, 5, 5, 5, 5, 5, 5, 5, 5, 5, 5, 5, 5, 5, 5, 5], "b_turds_left": [5, 5, 5, 5, 5, 5, 5, 5, 5, 5, 5, 5, 5, 5, 5, 5, 5, 5, 5, 5, 5, 5, 5, 4, 4, 4, 4, 4, 4, 4, 4, 4, 4, 4, 4, 4, 4, 4, 4, 4, 4, 4, 4, 4, 4, 4, 4, 4, 4, 4, 4, 4, 4, 4, 4, 4, 4, 4, 4, 4, 4, 4, 4, 4, 4, 4, 4, 4, 4, 4, 4, 4, 4, 4, 4, 4, 4, 4, 4, 3], "a_time_left": [358.9451649999828, 358.9451649999828, 358.45047012501163, 358.45047012501163, 357.35432729200693, 357.35432729200693, 357.00243354198756, 357.00243354198756, 356.52257137495326, 356.52257137495326, 356.1156459169579, 356.1156459169579, 354.23550783394603, 354.23550783394603, 353.2269914179342, 353.2269914179342, 352.4373415429145, 352.4373415429145, 351.71252108493354, 351.71252108493354, 348.98448166891467, 348.98448166891467, 347.90630800189683, 347.90630800189683, 345.52802791894646, 345.52802791894646, 344.5880524609238, 344.5880524609238, 341.93745708593633, 341.93745708593633, 341.48660454392666, 341.48660454392666, 340.3197559189284, 340.3197559189284, 340.08335404394893, 340.08335404394893, 339.1991343359696, 339.1991343359696, 338.9190575439716, 338.9190575439716, 337.8746445860015, 337.8746445860015, 337.63401516899467, 337.63401516899467, 337.18976062798174, 337.18976062798174, 336.8799732939806, 336.8799732939806, 335.6275043769856, 335.6275043769856, 335.3847077100072, 335.3847077100072, 334.58848362701247, 334.58848362701247, 334.4571525439969, 334.4571525439969, 334.30179762799526, 334.30179762799526, 334.02753483701963, 334.02753483701963, 333.80526675400324, 333.80526675400324, 333.5895334209781, 333.5895334209781, 333.49523692094954, 333.49523692094954, 333.4597068799776, 333.4597068799776, 333.33536458795425, 333.33536458795425, 333.27299500396475, 333.27299500396475, 333.100027212, 333.100027212, 332.71767779497895, 332.71767779497895, 332.51266733702505, 332.51266733702505, 332.4806841700338, 332.4806841700338], "b_time_left": [360, 358.97940499999095, 358.97940499999095, 358.38466016598977, 358.38466016598977, 357.5825289579807, 357.5825289579807, 357.0952079159324, 357.0952079159324, 356.268769499904, 356.268769499904, 355.54369508393575, 355.54369508393575, 352.80423700093525, 352.80423700093525, 351.6548967929557, 351.6548967929557, 351.20416033494985, 351.20416033494985, 350.1894457099843, 350.1894457099843, 347.97799758496694, 347.97799758496694, 346.6461176259327, 346.6461176259327, 344.7089213349391, 344.7089213349391, 343.518721876957, 343.518721876957, 342.30148937698686, 342.30148937698686, 341.3315566269448, 341.3315566269448, 340.6728438769351, 340.6728438769351, 339.74212721094955, 339.74212721094955, 339.23283708596136, 339.23283708596136, 338.2560381279327, 338.2560381279327, 337.744058669894, 337.744058669894, 336.76666287786793, 336.76666287786793, 336.5971854608506, 336.5971854608506, 335.95696816884447, 335.95696816884447, 335.3535634188447, 335.3535634188447, 334.6773988358909, 334.6773988358909, 334.3339995018905, 334.3339995018905, 334.1447445858503, 334.1447445858503, 333.8550659608445, 333.8550659608445, 333.63147704384755, 333.63147704384755, 333.42162183485925, 333.42162183485925, 333.30227341887075, 333.30227341887075, 333.21243666892406, 333.21243666892406, 333.12425587692996, 333.12425587692996, 333.01151779392967, 333.01151779392967, 332.84478137793485, 332.84478137793485, 332.6331433359301, 332.6331433359301, 332.24878687789897, 332.24878687789897, 332.19827212789096, 332.19827212789096, 332.1942162528867], "a_moves_left": [39, 39, 38, 38, 37, 37, 36, 36, 35, 35, 34, 34, 33, 33, 32, 32, 31, 31, 30, 30, 29, 29, 28, 28, 27, 27, 26, 26, 25, 25, 24, 24, 23, 23, 22, 22, 21, 21, 20, 20, 19, 19, 18, 18, 17, 17, 16, 16, 15, 15, 14, 14, 13, 13, 12, 12, 11, 11, 10, 10, 9, 9, 8, 8, 7, 7, 6, 6, 5, 5, 4, 4, 3, 3, 2, 2, 1, 1, 0, 0], "b_moves_left": [40, 39, 39, 38, 38, 37, 37, 36, 36, 35, 35, 34, 34, 33, 33, 32, 32, 31, 31, 30, 30, 29, 29, 28, 28, 27, 27, 26, 26, 25, 25, 24, 24, 23, 23, 22, 22, 21, 21, 20, 20, 19, 19, 18, 18, 17, 17, 16, 16, 15, 15, 14, 14, 13, 13, 12, 12, 11, 11, 10, 10, 9, 9, 8, 8, 7, 7, 6, 6, 5, 5, 4, 4, 3, 3, 2, 2, 1, 1, 0], "trapdoor_triggered": [0, 0, 0, 0, 0, 0, 0, 0, 0, 0, 0, 0, 0, 0, 0, 1, 0, 0, 0, 0, 0, 0, 0, 0, 0, 0, 0, 0, 0, 0, 0, 0, 0, 0, 0, 0, 0, 0, 0, 0, 0, 0, 0, 0, 0, 0, 0, 0, 0, 0, 0, 0, 1, 0, 0, 0, 0, 0, 0, 0, 0, 0, 0, 0, 0, 0, 0, 0, 0, 0, 0, 0, 0, 0, 0, 0, 0, 0, 0, 0], "left_behind": ["egg", "egg", "plain", "plain", "egg", "egg", "plain", "plain", "egg", "egg", "plain", "plain", "egg", "egg", "plain", "plain", "egg", "plain", "plain", "plain", "egg", "egg", "plain", "turd", "egg", "egg", "plain", "plain", "egg", "egg", "plain", "plain", "egg", "egg", "plain", "plain", "egg", "egg", "plain", "plain", "egg", "egg", "plain", "plain", "egg", "plain", "plain", "plain", "egg", "egg", "plain", "plain", "egg", "egg", "plain", "plain", "plain", "plain", "egg", "plain", "plain", "plain", "egg", "plain", "plain", "plain", "plain", "plain", "plain", "plain", "plain", "plain", "plain", "plain", "egg", "plain", "plain", "plain", "egg", "turd"], "errlog_a": "", "errlog_b": "", "start_time": 360, "start_moves": 40, "turn_count": 80, "result": 0, "reason": "EGGS_LAID", "trapdoors": [[5, 5], [5, 2]], "spawn_a": [0, 4], "spawn_b": [7, 4]}