{"pos": [[0, 5], [7, 5], [0, 4], [7, 4], [0, 3], [7, 3], [0, 2], [7, 2], [0, 1], [7, 1], [0, 0], [7, 0], [1, 0], [7, 1], [2, 0], [6, 1], [2, 1], [6, 2], [2, 2], [6, 3], [2, 3], [6, 4], [2, 4], [6, 5], [2, 5], [6, 6], [2, 6], [6, 7], [2, 5], [6, 6], [3, 5], [5, 6], [3, 4], [5, 7], [3, 3], [4, 7], [3, 2], [4, 6], [3, 1], [4, 5], [3, 0], [7, 6], [4, 0], [7, 5], [4, 1], [7, 4], [5, 1], [6, 4], [5, 2], [5, 4], [5, 1], [6, 4], [5, 2], [6, 3], [4, 2], [6, 4], [3, 2], [6, 3], [3, 3], [6, 4], [3, 4], [6, 3], [3, 5], [6, 4], [2, 5], [6, 3], [1, 5], [6, 4], [1, 4], [6, 3], [1, 3], [6, 4], [1, 2], [6, 3], [1, 1], [6, 4], [2, 1], [6, 3], [3, 1], [6, 4]], "a_eggs_laid": [1, 1, 1, 1, 2, 2, 2, 2, 3, 3, 3, 3, 6, 6, 6, 6, 7, 7, 7, 7, 8, 8, 8, 8, 9, 9, 9, 9, 10, 10, 10, 10, 11, 11, 11, 11, 12, 12, 12, 12, 13, 13, 17, 17, 18, 18, 18, 18, 19, 19, 19, 19, 19, 19, 19, 19, 20, 20, 20, 20, 20, 20, 20, 20, 20, 20, 20, 20, 21, 21, 21, 21, 22, 22, 22, 22, 23, 23, 23, 23], "b_eggs_laid": [0, 1, 1, 1, 1, 2, 2, 2, 2, 3, 3, 3, 3, 6, 6, 6, 6, 7, 7, 7, 7, 8, 8, 8, 8, 9, 9, 9, 9, 10, 10, 10, 10, 11, 11, 11, 11, 12, 12, 12, 12, 13, 13, 13, 13, 13, 13, 13, 13, 13, 13, 14, 14, 14, 14, 14, 14, 14, 14, 14, 14, 14, 14, 14, 14, 14, 14, 14, 14, 14, 14, 14, 14, 14, 14, 14, 14, 14, 14, 14], "a_turds_left": [5, 5, 5, 5, 5, 5, 5, 5, 5, 5, 5, 5, 5, 5, 5, 5, 5, 5, 5, 5, 5, 5, 5, 5, 5, 5, 5, 5, 5, 5, 5, 5, 5, 5, 5, 5, 5, 5, 5, 5, 5, 5, 5, 5, 5, 5, 5, 5, 5, 5, 4, 4, 4, 4, 4, 4, 4, 4, 4, 4, 4, 4, 3, 3, 3, 3, 3, 3, 3, 3, 3, 3, 3, 3, 3, 3, 3, 3, 3, 3], "b_turds_left": [5, 5, 5, 5, 5, 5, 5, 5, 5, 5, 5, 5, 5, 5, 5, 5, 5, 5, 5, 5, 5, 5, 5, 5, 5, 5, 5, 5, 5, 5, 5, 5, 5, 5, 5, 5, 5, 5, 5, 5, 5, 5, 5, 5, 5, 5, 5, 5, 5, 5, 5, 5, 5, 5, 5, 5, 5, 5, 5, 5, 5, 5, 5, 5, 5, 5, 5, 5, 5, 5, 5, 5, 5, 5, 5, 5, 5, 4, 4, 4], "a_time_left": [359.14217758300947, 359.14217758300947, 358.64720912399935, 358.64720912399935, 357.4324079149519, 357.4324079149519, 356.9388372479589, 356.9388372479589, 355.82553658098914, 355.82553658098914, 355.4663367890171, 355.4663367890171, 354.9721174140577, 354.9721174140577, 354.56308870605426, 354.56308870605426, 352.74155920604244, 352.74155920604244, 351.7629234980559, 351.7629234980559, 349.2108275820501, 349.2108275820501, 348.18566566501977, 348.18566566501977, 345.82268741505686, 345.82268741505686, 344.8793576230528, 344.8793576230528, 342.98668729007477, 342.98668729007477, 342.3552910400904, 342.3552910400904, 340.11905329010915, 340.11905329010915, 339.8560705401469, 339.8560705401469, 338.40399962314405, 338.40399962314405, 338.06463087315205, 338.06463087315205, 337.3193507901742, 337.3193507901742, 337.17636641516583, 337.17636641516583, 336.8091239152127, 336.8091239152127, 336.498890624207, 336.498890624207, 335.64859170716954, 335.64859170716954, 335.02676329016685, 335.02676329016685, 334.93370245717233, 334.93370245717233, 334.8363786651753, 334.8363786651753, 334.53689362318255, 334.53689362318255, 334.35482441517524, 334.35482441517524, 334.19862987322267, 334.19862987322267, 334.0587542062276, 334.0587542062276, 333.9392346232198, 333.9392346232198, 333.7774478322244, 333.7774478322244, 333.4261331651942, 333.4261331651942, 333.3111941231764, 333.3111941231764, 333.0225186231546, 333.0225186231546, 332.906374873186, 332.906374873186, 332.5978723731823, 332.5978723731823, 332.5903892481583, 332.5903892481583], "b_time_left": [360, 359.2071772090276, 359.2071772090276, 358.6096211260301, 358.6096211260301, 357.6932445850107, 357.6932445850107, 357.0837863769848, 357.0837863769848, 356.52919641899643, 356.52919641899643, 356.11879666894674, 356.11879666894674, 355.45786721090553, 355.45786721090553, 354.8198646688834, 354.8198646688834, 352.36667208588915, 352.36667208588915, 351.22367041988764, 351.22367041988764, 349.002498919901, 349.002498919901, 348.02088487893343, 348.02088487893343, 345.4715500869206, 345.4715500869206, 344.70804833696457, 344.70804833696457, 343.73852312896634, 343.73852312896634, 342.7908358789864, 342.7908358789864, 341.62843054602854, 341.62843054602854, 341.018468046037, 341.018468046037, 340.09027812903514, 340.09027812903514, 339.07457725401036, 339.07457725401036, 338.58256196201546, 338.58256196201546, 338.3751723790192, 338.3751723790192, 337.9820483789663, 337.9820483789663, 337.6807502959855, 337.6807502959855, 337.30289746198105, 337.30289746198105, 336.94366758700926, 336.94366758700926, 336.78104646201245, 336.78104646201245, 336.53093012800673, 336.53093012800673, 336.3327657110058, 336.3327657110058, 336.22134583600564, 336.22134583600564, 336.0330120030558, 336.0330120030558, 335.9635638370528, 335.9635638370528, 335.7110452950583, 335.7110452950583, 335.49287446105154, 335.49287446105154, 335.32237516902387, 335.32237516902387, 335.1629379190272, 335.1629379190272, 335.0031082520145, 335.0031082520145, 334.82352004403947, 334.82352004403947, 334.7821390850004, 334.7821390850004, 334.78087683499325], "a_moves_left": [39, 39, 38, 38, 37, 37, 36, 36, 35, 35, 34, 34, 33, 33, 32, 32, 31, 31, 30, 30, 29, 29, 28, 28, 27, 27, 26, 26, 25, 25, 24, 24, 23, 23, 22, 22, 21, 21, 20, 20, 19, 19, 18, 18, 17, 17, 16, 16, 15, 15, 14, 14, 13, 13, 12, 12, 11, 11, 10, 10, 9, 9, 8, 8, 7, 7, 6, 6, 5, 5, 4, 4, 3, 3, 2, 2, 1, 1, 0, 0], "b_moves_left": [40, 39, 39, 38, 38, 37, 37, 36, 36, 35, 35, 34, 34, 33, 33, 32, 32, 31, 31, 30, 30, 29, 29, 28, 28, 27, 27, 26, 26, 25, 25, 24, 24, 23, 23, 22, 22, 21, 21, 20, 20, 19, 19, 18, 18, 17, 17, 16, 16, 15, 15, 14, 14, 13, 13, 12, 12, 11, 11, 10, 10, 9, 9, 8, 8, 7, 7, 6, 6, 5, 5, 4, 4, 3, 3, 2, 2, 1, 1, 0], "trapdoor_triggered": [0, 0, 0, 0, 0, 0, 0, 0, 0, 0, 0, 0, 0, 0, 0, 0, 0, 0, 0, 0, 0, 0, 0, 0, 0, 0, 0, 0, 0, 0, 0, 0, 0, 0, 0, 0, 0, 0, 0, 0, 0, 1, 0, 0, 0, 0, 0, 0, 0, 0, 0, 0, 0, 0, 0, 0, 0, 0, 0, 0, 0, 0, 0, 0, 0, 0, 0, 0, 0, 0, 0, 0, 0, 0, 0, 0, 0, 0, 0, 0], "left_behind": ["egg", "egg", "plain", "plain", "egg", "egg", "plain", "plain", "egg", "egg", "plain", "plain", "egg", "egg", "plain", "plain", "egg", "egg", "plain", "plain", "egg", "egg", "plain", "plain", "egg", "egg", "plain", "plain", "egg", "egg", "plain", "plain", "egg", "egg", "plain", "plain", "egg", "egg", "plain", "plain", "egg", "egg", "plain", "plain", "egg", "plain", "plain", "plain", "egg", "plain", "turd", "egg", "plain", "plain", "plain", "plain", "egg", "plain", "plain", "plain", "plain", "plain", "turd", "plain", "plain", "plain", "plain", "plain", "egg", "plain", "plain", "plain", "egg", "plain", "plain", "plain", "egg", "turd", "plain", "plain"], "errlog_a": "", "errlog_b": "", "start_time": 360, "start_moves": 40, "turn_count": 80, "result": 0, "reason": "EGGS_LAID", "trapdoors": [[4, 4], [4, 3]], "spawn_a": [0, 6], "spawn_b": [7, 6]}