{"pos": [[0, 3], [7, 3], [0, 2], [7, 2], [0, 1], [7, 1], [0, 0], [7, 0], [1, 0], [7, 1], [2, 0], [6, 1], [2, 1], [6, 2], [0, 4], [6, 3], [1, 4], [6, 4], [1, 5], [6, 5], [0, 4], [6, 6], [0, 3], [5, 6], [1, 3], [4, 6], [1, 2], [3, 6], [1, 1], [3, 5], [1, 0], [4, 5], [2, 0], [4, 4], [2, 1], [4, 3], [3, 1], [5, 3], [3, 0], [5, 2], [4, 0], [5, 3], [5, 0], [5, 4], [5, 1], [4, 4], [5, 0], [3, 4], [5, 1], [3, 3], [5, 0], [3, 2], [5, 1], [3, 3], [5, 0], [4, 3], [5, 1], [3, 3], [5, 0], [4, 3], [5, 1], [3, 3], [5, 0], [3, 4], [5, 1], [3, 3], [5, 0], [3, 4], [5, 1], [3, 3], [5, 0], [2, 3], [5, 1], [2, 4], [4, 1], [3, 4], [3, 1], [4, 4], [2, 1], [5, 4]], "a_eggs_laid": [1, 1, 1, 1, 2, 2, 2, 2, 5, 5, 5, 5, 6, 6, 6, 6, 6, 6, 6, 6, 7, 7, 7, 7, 7, 7, 8, 8, 8, 8, 9, 9, 9, 9, 9, 9, 9, 9, 10, 10, 10, 10, 11, 11, 11, 11, 12, 12, 12, 12, 12, 12, 12, 12, 12, 12, 12, 12, 12, 12, 12, 12, 12, 12, 12, 12, 12, 12, 12, 12, 12, 12, 12, 12, 12, 12, 12, 12, 12, 12], "b_eggs_laid": [0, 1, 1, 1, 1, 2, 2, 2, 2, 5, 5, 5, 5, 6, 6, 10, 10, 11, 11, 11, 11, 16, 16, 16, 16, 17, 17, 17, 17, 18, 18, 18, 18, 19, 19, 19, 19, 20, 20, 20, 20, 21, 21, 21, 21, 22, 22, 22, 22, 23, 23, 23, 23, 24, 24, 24, 24, 24, 24, 24, 24, 24, 24, 24, 24, 24, 24, 24, 24, 24, 24, 24, 24, 25, 25, 25, 25, 25, 25, 25], "a_turds_left": [5, 5, 5, 5, 5, 5, 5, 5, 5, 5, 5, 5, 5, 5, 5, 5, 5, 5, 5, 5, 5, 5, 5, 5, 5, 5, 5, 5, 5, 5, 5, 5, 5, 5, 5, 5, 5, 5, 5, 5, 5, 5, 5, 5, 5, 5, 5, 5, 5, 5, 5, 5, 5, 5, 5, 5, 5, 5, 5, 5, 5, 5, 5, 5, 5, 5, 5, 5, 5, 5, 5, 5, 5, 5, 5, 5, 5, 5, 5, 5], "b_turds_left": [5, 5, 5, 5, 5, 5, 5, 5, 5, 5, 5, 5, 5, 5, 5, 5, 5, 5, 5, 5, 5, 5, 5, 5, 5, 5, 5, 5, 5, 5, 5, 5, 5, 5, 5, 5, 5, 5, 5, 5, 5, 5, 5, 5, 5, 5, 5, 5, 5, 5, 5, 5, 5, 5, 5, 5, 5, 5, 5, 5, 5, 5, 5, 5, 5, 5, 5, 5, 5, 5, 5, 5, 5, 5, 5, 5, 5, 5, 5, 4], "a_time_left": [358.8729803339811, 358.8729803339811, 358.33413854194805, 358.33413854194805, 357.13083341694437, 357.13083341694437, 356.74199366697576, 356.74199366697576, 356.20895762596047, 356.20895762596047, 355.768557209929, 355.768557209929, 353.79748679394834, 353.79748679394834, 352.7410843769321, 352.7410843769321, 352.13871875189943, 352.13871875189943, 351.10598050191766, 351.10598050191766, 348.4034783349489, 348.4034783349489, 347.91148937592516, 347.91148937592516, 347.160261375946, 347.160261375946, 345.5972779178992, 345.5972779178992, 344.80939550086623, 344.80939550086623, 343.16226862586336, 343.16226862586336, 342.37688058486674, 342.37688058486674, 341.8226297928486, 341.8226297928486, 340.80112041789107, 340.80112041789107, 339.67083170986734, 339.67083170986734, 338.97367570985807, 338.97367570985807, 338.30973408487625, 338.30973408487625, 337.5831878769095, 337.5831878769095, 337.1157680018805, 337.1157680018805, 336.4602646268904, 336.4602646268904, 336.3419372519129, 336.3419372519129, 335.9457822939148, 335.9457822939148, 335.8674801278976, 335.8674801278976, 335.6768390448997, 335.6768390448997, 335.6032097948482, 335.6032097948482, 335.417772336863, 335.417772336863, 335.3465362948482, 335.3465362948482, 335.130871294823, 335.130871294823, 335.0579226698028, 335.0579226698028, 334.8545952948043, 334.8545952948043, 334.78787525283406, 334.78787525283406, 334.42562004487263, 334.42562004487263, 334.3847414198681, 334.3847414198681, 334.1022501278785, 334.1022501278785, 334.08957066887524, 334.08957066887524], "b_time_left": [360, 358.8752537500113, 358.8752537500113, 358.22312170796795, 358.22312170796795, 357.3387245829217, 357.3387245829217, 356.7885499999393, 356.7885499999393, 355.86387774994364, 355.86387774994364, 355.084777165961, 355.084777165961, 352.1523750409833, 352.1523750409833, 351.7856030410039, 351.7856030410039, 349.2661606250331, 349.2661606250331, 348.0963030840503, 348.0963030840503, 347.24838100007037, 347.24838100007037, 346.59383787505794, 346.59383787505794, 344.14165775006404, 344.14165775006404, 343.30007370811654, 343.30007370811654, 340.6076592501486, 340.6076592501486, 340.35393625014694, 340.35393625014694, 339.76693487516604, 339.76693487516604, 338.82536225015065, 338.82536225015065, 336.94989408313995, 336.94989408313995, 336.58816441718955, 336.58816441718955, 335.2017060001381, 335.2017060001381, 334.94075766712194, 334.94075766712194, 333.4097312921076, 333.4097312921076, 333.1968082500971, 333.1968082500971, 332.80932245909935, 332.80932245909935, 332.6097470431123, 332.6097470431123, 332.22390996007016, 332.22390996007016, 331.98748291807715, 331.98748291807715, 331.819220960082, 331.819220960082, 331.62278596003307, 331.62278596003307, 331.46432308503427, 331.46432308503427, 331.2636634190567, 331.2636634190567, 331.1292407530709, 331.1292407530709, 330.94209683605004, 330.94209683605004, 330.8163665860193, 330.8163665860193, 330.64161712804344, 330.64161712804344, 330.3694572120439, 330.3694572120439, 330.2185351700173, 330.2185351700173, 330.18767450301675, 330.18767450301675, 330.1828638369916], "a_moves_left": [39, 39, 38, 38, 37, 37, 36, 36, 35, 35, 34, 34, 33, 33, 32, 32, 31, 31, 30, 30, 29, 29, 28, 28, 27, 27, 26, 26, 25, 25, 24, 24, 23, 23, 22, 22, 21, 21, 20, 20, 19, 19, 18, 18, 17, 17, 16, 16, 15, 15, 14, 14, 13, 13, 12, 12, 11, 11, 10, 10, 9, 9, 8, 8, 7, 7, 6, 6, 5, 5, 4, 4, 3, 3, 2, 2, 1, 1, 0, 0], "b_moves_left": [40, 39, 39, 38, 38, 37, 37, 36, 36, 35, 35, 34, 34, 33, 33, 32, 32, 31, 31, 30, 30, 29, 29, 28, 28, 27, 27, 26, 26, 25, 25, 24, 24, 23, 23, 22, 22, 21, 21, 20, 20, 19, 19, 18, 18, 17, 17, 16, 16, 15, 15, 14, 14, 13, 13, 12, 12, 11, 11, 10, 10, 9, 9, 8, 8, 7, 7, 6, 6, 5, 5, 4, 4, 3, 3, 2, 2, 1, 1, 0], "trapdoor_triggered": [0, 0, 0, 0, 0, 0, 0, 0, 0, 0, 0, 0, 0, 0, 1, 0, 0, 0, 0, 0, 1, 0, 0, 0, 0, 0, 0, 0, 0, 0, 0, 0, 0, 0, 0, 0, 0, 0, 0, 0, 0, 0, 0, 0, 0, 0, 0, 0, 0, 0, 0, 0, 0, 0, 0, 0, 0, 0, 0, 0, 0, 0, 0, 0, 0, 0, 0, 0, 0, 0, 0, 0, 0, 0, 0, 0, 0, 0, 0, 0], "left_behind": ["egg", "egg", "plain", "plain", "egg", "egg", "plain", "plain", "egg", "egg", "plain", "plain", "egg", "egg", "plain", "plain", "plain", "egg", "plain", "plain", "egg", "egg", "plain", "plain", "plain", "egg", "egg", "plain", "plain", "egg", "egg", "plain", "plain", "egg", "plain", "plain", "plain", "egg", "egg", "plain", "plain", "egg", "egg", "plain", "plain", "egg", "egg", "plain", "plain", "egg", "plain", "plain", "plain", "egg", "plain", "plain", "plain", "plain", "plain", "plain", "plain", "plain", "plain", "plain", "plain", "plain", "plain", "plain", "plain", "plain", "plain", "plain", "plain", "egg", "plain", "plain", "plain", "plain", "plain", "turd"], "errlog_a": "", "errlog_b": "", "start_time": 360, "start_moves": 40, "turn_count": 80, "result": 1, "reason": "EGGS_LAID", "trapdoors": [[2, 2], [2, 5]], "spawn_a": [0, 4], "spawn_b": [7, 4]}