{"pos": [[7, 4], [0, 4], [7, 3], [0, 3], [7, 2], [0, 2], [7, 1], [0, 1], [6, 1], [1, 1], [6, 2], [2, 1], [6, 3], [2, 0], [6, 4], [3, 0], [6, 5], [3, 1], [5, 5], [4, 1], [4, 5], [3, 1], [3, 5], [3, 2], [2, 5], [3, 3], [1, 5], [2, 3], [2, 5], [2, 2], [2, 6], [1, 2], [3, 6], [1, 1], [4, 6], [1, 0], [5, 6], [2, 0], [6, 6], [3, 0], [6, 7], [4, 0], [7, 7], [5, 0], [6, 7], [6, 0], [5, 7], [6, 1], [4, 7], [5, 1], [3, 7], [5, 2], [2, 7], [5, 1], [1, 7], [4, 1], [1, 6], [3, 1], [0, 6], [2, 1], [1, 6], [2, 2], [2, 6], [2, 1], [3, 6], [2, 2], [3, 5], [3, 2], [4, 5], [3, 1], [4, 4], [3, 0], [7, 5], [4, 0], [7, 4], [5, 0], [7, 3], [4, 0], [6, 3], [3, 0]], "a_eggs_laid": [1, 1, 1, 1, 2, 2, 2, 2, 3, 3, 3, 3, 4, 4, 4, 4, 5, 5, 5, 5, 6, 6, 6, 6, 7, 7, 7, 7, 7, 7, 7, 7, 8, 8, 8, 8, 9, 9, 9, 9, 10, 10, 10, 10, 13, 13, 13, 13, 14, 14, 14, 14, 15, 15, 15, 15, 16, 16, 16, 16, 17, 17, 17, 17, 17, 17, 17, 17, 17, 17, 17, 17, 18, 18, 18, 18, 18, 18, 18, 18], "b_eggs_laid": [0, 1, 1, 1, 1, 2, 2, 2, 2, 3, 3, 3, 3, 4, 4, 4, 4, 5, 5, 5, 5, 6, 6, 6, 6, 7, 7, 7, 7, 7, 7, 7, 7, 8, 8, 8, 8, 9, 9, 9, 9, 9, 9, 9, 9, 10, 10, 10, 10, 11, 11, 11, 11, 12, 12, 12, 12, 12, 12, 12, 12, 12, 12, 12, 12, 12, 12, 12, 12, 12, 12, 12, 12, 16, 16, 16, 16, 16, 16, 16], "a_turds_left": [5, 5, 5, 5, 5, 5, 5, 5, 5, 5, 5, 5, 5, 5, 5, 5, 5, 5, 5, 5, 5, 5, 5, 5, 5, 5, 5, 5, 4, 4, 3, 3, 3, 3, 3, 3, 3, 3, 3, 3, 3, 3, 3, 3, 3, 3, 3, 3, 3, 3, 3, 3, 3, 3, 3, 3, 3, 3, 3, 3, 3, 3, 3, 3, 3, 3, 3, 3, 3, 3, 3, 3, 3, 3, 3, 3, 3, 3, 3, 3], "b_turds_left": [5, 5, 5, 5, 5, 5, 5, 5, 5, 5, 5, 5, 5, 5, 5, 5, 5, 5, 5, 5, 5, 5, 5, 5, 5, 5, 5, 4, 4, 3, 3, 3, 3, 3, 3, 3, 3, 3, 3, 3, 3, 3, 3, 3, 3, 3, 3, 3, 3, 3, 3, 3, 3, 3, 3, 3, 3, 3, 3, 3, 3, 3, 3, 3, 3, 3, 3, 3, 3, 3, 3, 3, 3, 3, 3, 3, 3, 3, 3, 2], "a_time_left": [358.8284640829661, 358.8284640829661, 358.2900560830021, 358.2900560830021, 356.8404923740309, 356.8404923740309, 356.2485875400598, 356.2485875400598, 354.66750108101405, 354.66750108101405, 353.60217878897674, 353.60217878897674, 350.92791703902185, 350.92791703902185, 350.1874537470285, 350.1874537470285, 348.23604549706215, 348.23604549706215, 347.2408229550347, 347.2408229550347, 344.4712275380152, 344.4712275380152, 343.6904785800143, 343.6904785800143, 341.4733022879809, 341.4733022879809, 340.60370612196857, 340.60370612196857, 339.227854163968, 339.227854163968, 338.8561277469853, 338.8561277469853, 337.03433141397545, 337.03433141397545, 336.69248783099465, 336.69248783099465, 335.95446583098965, 335.95446583098965, 335.8177662889939, 335.8177662889939, 335.40073462203145, 335.40073462203145, 335.1938720390317, 335.1938720390317, 334.58409162197495, 334.58409162197495, 334.389098663989, 334.389098663989, 333.78829295601463, 333.78829295601463, 333.62261574697914, 333.62261574697914, 332.6795815390069, 332.6795815390069, 332.5546467889799, 332.5546467889799, 332.2639193299692, 332.2639193299692, 332.07503903796896, 332.07503903796896, 331.89218899596017, 331.89218899596017, 331.6907823299407, 331.6907823299407, 331.5817390389275, 331.5817390389275, 331.40699237189256, 331.40699237189256, 331.28805753891356, 331.28805753891356, 331.11232778889826, 331.11232778889826, 330.9790977059165, 330.9790977059165, 330.92050862289034, 330.92050862289034, 330.78887666389346, 330.78887666389346, 330.78058599791257, 330.78058599791257], "b_time_left": [360, 358.96393216599245, 358.96393216599245, 358.2242447489989, 358.2242447489989, 357.1725062490441, 357.1725062490441, 356.529412582051, 356.529412582051, 355.1736966650351, 355.1736966650351, 354.00493358203676, 354.00493358203676, 352.22569041507086, 352.22569041507086, 351.1722001230228, 351.1722001230228, 349.5552047480014, 349.5552047480014, 348.35650270601036, 348.35650270601036, 346.3349499970209, 346.3349499970209, 345.21509195602266, 345.21509195602266, 343.00890491501195, 343.00890491501195, 342.1954746239935, 342.1954746239935, 341.79546066600597, 341.79546066600597, 341.076140374993, 341.076140374993, 340.26510662504006, 340.26510662504006, 339.55653500003973, 339.55653500003973, 338.97225633304333, 338.97225633304333, 338.42922495806124, 338.42922495806124, 338.2665697491029, 338.2665697491029, 338.03844474907964, 338.03844474907964, 337.69312158209505, 337.69312158209505, 337.3898404571228, 337.3898404571228, 337.1693842491368, 337.1693842491368, 336.66693620715523, 336.66693620715523, 336.26335887314053, 336.26335887314053, 335.89069583214587, 335.89069583214587, 335.7614687901223, 335.7614687901223, 335.5470675821416, 335.5470675821416, 335.4555715821334, 335.4555715821334, 335.3012887071236, 335.3012887071236, 335.1832921660971, 335.1832921660971, 335.03356174909277, 335.03356174909277, 334.85721237410326, 334.85721237410326, 334.6532330401242, 334.6532330401242, 334.55624199815793, 334.55624199815793, 334.4513669151929, 334.4513669151929, 334.4280621652142, 334.4280621652142, 334.42377170722466], "a_moves_left": [39, 39, 38, 38, 37, 37, 36, 36, 35, 35, 34, 34, 33, 33, 32, 32, 31, 31, 30, 30, 29, 29, 28, 28, 27, 27, 26, 26, 25, 25, 24, 24, 23, 23, 22, 22, 21, 21, 20, 20, 19, 19, 18, 18, 17, 17, 16, 16, 15, 15, 14, 14, 13, 13, 12, 12, 11, 11, 10, 10, 9, 9, 8, 8, 7, 7, 6, 6, 5, 5, 4, 4, 3, 3, 2, 2, 1, 1, 0, 0], "b_moves_left": [40, 39, 39, 38, 38, 37, 37, 36, 36, 35, 35, 34, 34, 33, 33, 32, 32, 31, 31, 30, 30, 29, 29, 28, 28, 27, 27, 26, 26, 25, 25, 24, 24, 23, 23, 22, 22, 21, 21, 20, 20, 19, 19, 18, 18, 17, 17, 16, 16, 15, 15, 14, 14, 13, 13, 12, 12, 11, 11, 10, 10, 9, 9, 8, 8, 7, 7, 6, 6, 5, 5, 4, 4, 3, 3, 2, 2, 1, 1, 0], "trapdoor_triggered": [0, 0, 0, 0, 0, 0, 0, 0, 0, 0, 0, 0, 0, 0, 0, 0, 0, 0, 0, 0, 0, 0, 0, 0, 0, 0, 0, 0, 0, 0, 0, 0, 0, 0, 0, 0, 0, 0, 0, 0, 0, 0, 0, 0, 0, 0, 0, 0, 0, 0, 0, 0, 0, 0, 0, 0, 0, 0, 0, 0, 0, 0, 0, 0, 0, 0, 0, 0, 0, 0, 0, 0, 1, 0, 0, 0, 0, 0, 0, 0], "left_behind": ["egg", "egg", "plain", "plain", "egg", "egg", "plain", "plain", "egg", "egg", "plain", "plain", "egg", "egg", "plain", "plain", "egg", "egg", "plain", "plain", "egg", "egg", "plain", "plain", "egg", "egg", "plain", "turd", "turd", "turd", "turd", "plain", "egg", "egg", "plain", "plain", "egg", "egg", "plain", "plain", "egg", "plain", "plain", "plain", "egg", "egg", "plain", "plain", "egg", "egg", "plain", "plain", "egg", "egg", "plain", "plain", "egg", "plain", "plain", "plain", "egg", "plain", "plain", "plain", "plain", "plain", "plain", "plain", "plain", "plain", "plain", "plain", "egg", "plain", "plain", "plain", "plain", "plain", "plain", "turd"], "errlog_a": "", "errlog_b": "", "start_time": 360, "start_moves": 40, "turn_count": 80, "result": 0, "reason": "EGGS_LAID", "trapdoors": [[2, 4], [5, 4]], "spawn_a": [7, 5], "spawn_b": [0, 5]}