{"pos": [[7, 2], [0, 2], [7, 1], [0, 1], [6, 1], [1, 1], [6, 2], [1, 0], [6, 3], [2, 0], [6, 4], [3, 0], [6, 5], [4, 0], [6, 6], [5, 0], [5, 6], [5, 1], [5, 5], [6, 1], [5, 6], [5, 1], [4, 6], [5, 2], [3, 6], [5, 1], [2, 6], [4, 1], [2, 5], [3, 1], [2, 4], [3, 2], [2, 5], [3, 1], [1, 5], [2, 1], [2, 5], [2, 2], [3, 5], [2, 3], [3, 6], [2, 2], [3, 7], [1, 2], [3, 6], [1, 3], [4, 6], [1, 4], [5, 6], [0, 4], [5, 7], [0, 5], [6, 7], [0, 6], [7, 7], [0, 7], [7, 6], [0, 6], [7, 5], [1, 6], [7, 4], [1, 7], [7, 3], [2, 7], [6, 3], [1, 7], [5, 3], [2, 7], [6, 3], [1, 7], [5, 3], [2, 7], [6, 3], [1, 7], [6, 4], [2, 7], [6, 5], [1, 7], [6, 6], [2, 7]], "a_eggs_laid": [1, 1, 1, 1, 2, 2, 2, 2, 3, 3, 3, 3, 4, 4, 4, 4, 5, 5, 5, 5, 6, 6, 6, 6, 7, 7, 7, 7, 8, 8, 8, 8, 9, 9, 9, 9, 10, 10, 10, 10, 11, 11, 11, 11, 12, 12, 12, 12, 12, 12, 12, 12, 13, 13, 13, 13, 16, 16, 16, 16, 17, 17, 17, 17, 17, 17, 17, 17, 18, 18, 18, 18, 18, 18, 18, 18, 18, 18, 18, 18], "b_eggs_laid": [0, 1, 1, 1, 1, 2, 2, 2, 2, 3, 3, 3, 3, 4, 4, 4, 4, 5, 5, 5, 5, 6, 6, 6, 6, 7, 7, 7, 7, 8, 8, 8, 8, 9, 9, 9, 9, 10, 10, 10, 10, 11, 11, 11, 11, 12, 12, 12, 12, 13, 13, 13, 13, 14, 14, 14, 14, 17, 17, 17, 17, 18, 18, 18, 18, 18, 18, 18, 18, 18, 18, 18, 18, 18, 18, 18, 18, 18, 18, 18], "a_turds_left": [5, 5, 5, 5, 5, 5, 5, 5, 5, 5, 5, 5, 5, 5, 5, 5, 5, 5, 5, 5, 5, 5, 5, 5, 5, 5, 5, 5, 5, 5, 5, 5, 5, 5, 5, 5, 5, 5, 5, 5, 5, 5, 5, 5, 5, 5, 5, 5, 5, 5, 5, 5, 5, 5, 5, 5, 5, 5, 5, 5, 5, 5, 5, 5, 5, 5, 5, 5, 5, 5, 5, 5, 5, 5, 5, 5, 5, 5, 5, 5], "b_turds_left": [5, 5, 5, 5, 5, 5, 5, 5, 5, 5, 5, 5, 5, 5, 5, 5, 5, 5, 5, 5, 5, 5, 5, 5, 5, 5, 5, 5, 5, 5, 5, 5, 5, 5, 5, 5, 5, 5, 5, 5, 5, 5, 5, 5, 5, 5, 5, 5, 5, 5, 5, 5, 5, 5, 5, 5, 5, 5, 5, 5, 5, 5, 5, 5, 5, 5, 5, 5, 5, 5, 5, 5, 5, 5, 5, 5, 5, 4, 4, 4], "a_time_left": [358.9847572079743, 358.9847572079743, 358.4820286249742, 358.4820286249742, 357.06749420793494, 357.06749420793494, 356.1351279159426, 356.1351279159426, 354.4849186659558, 354.4849186659558, 353.6244819579297, 353.6244819579297, 352.1280229159165, 352.1280229159165, 351.27005874889437, 351.27005874889437, 349.58133866492426, 349.58133866492426, 348.60696503997315, 348.60696503997315, 347.384747331962, 347.384747331962, 346.6020305819693, 346.6020305819693, 344.30332012393046, 344.30332012393046, 343.6800557489041, 343.6800557489041, 341.6839200409013, 341.6839200409013, 340.8225708738901, 340.8225708738901, 338.91448474890785, 338.91448474890785, 338.17871087393723, 338.17871087393723, 336.03581429092446, 336.03581429092446, 335.4857232909417, 335.4857232909417, 333.9455210829037, 333.9455210829037, 333.48011099989526, 333.48011099989526, 332.3399342908524, 332.3399342908524, 332.06724108284106, 332.06724108284106, 331.6519953327952, 331.6519953327952, 331.4598033747752, 331.4598033747752, 330.82294508378254, 330.82294508378254, 330.6425674587954, 330.6425674587954, 330.48015133384615, 330.48015133384615, 330.37633987580193, 330.37633987580193, 329.9723655007547, 329.9723655007547, 329.88892770872917, 329.88892770872917, 329.7871277507511, 329.7871277507511, 329.666291125759, 329.666291125759, 329.4962151667569, 329.4962151667569, 329.3918534577824, 329.3918534577824, 329.3349165407708, 329.3349165407708, 329.2289471657714, 329.2289471657714, 329.13170941575663, 329.13170941575663, 329.11081620678306, 329.11081620678306], "b_time_left": [360, 359.2091171659995, 359.2091171659995, 358.6369282910018, 358.6369282910018, 357.43103304097895, 357.43103304097895, 356.3678140830016, 356.3678140830016, 355.4007821659907, 355.4007821659907, 354.64402108296053, 354.64402108296053, 353.1987749999389, 353.1987749999389, 352.41671787493397, 352.41671787493397, 350.8700552498922, 350.8700552498922, 349.76272683392745, 349.76272683392745, 348.9723021259415, 348.9723021259415, 348.0838154599769, 348.0838154599769, 346.76718929293565, 346.76718929293565, 346.00756516790716, 346.00756516790716, 344.0210037509096, 344.0210037509096, 342.9447681258898, 342.9447681258898, 341.2671396259102, 341.2671396259102, 340.4451136259013, 340.4451136259013, 338.98267562588444, 338.98267562588444, 338.05617950088345, 338.05617950088345, 337.30921929189935, 337.30921929189935, 336.6525000418769, 336.6525000418769, 336.16307541693095, 336.16307541693095, 335.97974470898043, 335.97974470898043, 335.79526295897085, 335.79526295897085, 335.5402733339579, 335.5402733339579, 335.3992464999319, 335.3992464999319, 335.2741262909258, 335.2741262909258, 335.11974487488624, 335.11974487488624, 334.8733171248459, 334.8733171248459, 334.7512747918372, 334.7512747918372, 334.63775349984644, 334.63775349984644, 334.49424187483964, 334.49424187483964, 334.21889166685287, 334.21889166685287, 334.14728720881976, 334.14728720881976, 334.0368024178315, 334.0368024178315, 333.96353404282127, 333.96353404282127, 333.8354436678346, 333.8354436678346, 333.7726546678459, 333.7726546678459, 333.7695942927967], "a_moves_left": [39, 39, 38, 38, 37, 37, 36, 36, 35, 35, 34, 34, 33, 33, 32, 32, 31, 31, 30, 30, 29, 29, 28, 28, 27, 27, 26, 26, 25, 25, 24, 24, 23, 23, 22, 22, 21, 21, 20, 20, 19, 19, 18, 18, 17, 17, 16, 16, 15, 15, 14, 14, 13, 13, 12, 12, 11, 11, 10, 10, 9, 9, 8, 8, 7, 7, 6, 6, 5, 5, 4, 4, 3, 3, 2, 2, 1, 1, 0, 0], "b_moves_left": [40, 39, 39, 38, 38, 37, 37, 36, 36, 35, 35, 34, 34, 33, 33, 32, 32, 31, 31, 30, 30, 29, 29, 28, 28, 27, 27, 26, 26, 25, 25, 24, 24, 23, 23, 22, 22, 21, 21, 20, 20, 19, 19, 18, 18, 17, 17, 16, 16, 15, 15, 14, 14, 13, 13, 12, 12, 11, 11, 10, 10, 9, 9, 8, 8, 7, 7, 6, 6, 5, 5, 4, 4, 3, 3, 2, 2, 1, 1, 0], "trapdoor_triggered": [0, 0, 0, 0, 0, 0, 0, 0, 0, 0, 0, 0, 0, 0, 0, 0, 0, 0, 0, 0, 0, 0, 0, 0, 0, 0, 0, 0, 0, 0, 0, 0, 0, 0, 0, 0, 0, 0, 0, 0, 0, 0, 0, 0, 0, 0, 0, 0, 0, 0, 0, 0, 0, 0, 0, 0, 0, 0, 0, 0, 0, 0, 0, 0, 0, 0, 0, 0, 0, 0, 0, 0, 0, 0, 0, 0, 0, 0, 0, 0], "left_behind": ["egg", "egg", "plain", "plain", "egg", "egg", "plain", "plain", "egg", "egg", "plain", "plain", "egg", "egg", "plain", "plain", "egg", "egg", "plain", "plain", "egg", "egg", "plain", "plain", "egg", "egg", "plain", "plain", "egg", "egg", "plain", "plain", "egg", "egg", "plain", "plain", "egg", "egg", "plain", "plain", "egg", "egg", "plain", "plain", "egg", "egg", "plain", "plain", "plain", "egg", "plain", "plain", "egg", "egg", "plain", "plain", "egg", "egg", "plain", "plain", "egg", "egg", "plain", "plain", "plain", "plain", "plain", "plain", "egg", "plain", "plain", "plain", "plain", "plain", "plain", "plain", "plain", "turd", "plain", "plain"], "errlog_a": "", "errlog_b": "", "start_time": 360, "start_moves": 40, "turn_count": 80, "result": 2, "reason": "EGGS_LAID", "trapdoors": [[4, 2], [5, 4]], "spawn_a": [7, 3], "spawn_b": [0, 3]}