{"pos": [[0, 5], [7, 5], [0, 4], [7, 4], [0, 3], [7, 3], [0, 2], [7, 2], [0, 1], [7, 1], [0, 0], [7, 0], [1, 0], [7, 1], [2, 0], [6, 1], [2, 1], [6, 2], [2, 2], [5, 2], [2, 3], [4, 2], [0, 6], [4, 1], [1, 6], [4, 0], [2, 6], [3, 0], [3, 6], [4, 0], [4, 6], [5, 0], [4, 5], [6, 0], [5, 5], [5, 0], [5, 4], [6, 0], [6, 4], [5, 0], [5, 4], [4, 0], [5, 3], [3, 0], [5, 4], [4, 0], [4, 4], [3, 0], [4, 5], [4, 0], [3, 5], [5, 0], [2, 5], [6, 0], [1, 5], [5, 0], [1, 6], [6, 0], [1, 7], [6, 1], [2, 7], [6, 2], [3, 7], [6, 3], [4, 7], [6, 2], [5, 7], [6, 1], [5, 6], [5, 1], [6, 6], [4, 1], [6, 5], [3, 1], [6, 4], [2, 1], [5, 4], [3, 1], [4, 4], [2, 1]], "a_eggs_laid": [1, 1, 1, 1, 2, 2, 2, 2, 3, 3, 3, 3, 6, 6, 6, 6, 7, 7, 7, 7, 8, 8, 8, 8, 8, 8, 8, 8, 9, 9, 9, 9, 10, 10, 10, 10, 11, 11, 11, 11, 12, 12, 12, 12, 13, 13, 13, 13, 14, 14, 14, 14, 15, 15, 15, 15, 16, 16, 16, 16, 17, 17, 17, 17, 18, 18, 18, 18, 19, 19, 19, 19, 20, 20, 20, 20, 20, 20, 20, 20], "b_eggs_laid": [0, 1, 1, 1, 1, 2, 2, 2, 2, 3, 3, 3, 3, 6, 6, 6, 6, 7, 7, 7, 7, 8, 8, 12, 12, 13, 13, 13, 13, 14, 14, 14, 14, 15, 15, 15, 15, 15, 15, 15, 15, 15, 15, 15, 15, 15, 15, 15, 15, 15, 15, 15, 15, 15, 15, 15, 15, 15, 15, 15, 15, 15, 15, 15, 15, 16, 16, 16, 16, 16, 16, 16, 16, 16, 16, 16, 16, 16, 16, 16], "a_turds_left": [5, 5, 5, 5, 5, 5, 5, 5, 5, 5, 5, 5, 5, 5, 5, 5, 5, 5, 5, 5, 5, 5, 4, 4, 4, 4, 4, 4, 4, 4, 4, 4, 4, 4, 4, 4, 4, 4, 4, 4, 4, 4, 4, 4, 4, 4, 4, 4, 4, 4, 4, 4, 4, 4, 4, 4, 4, 4, 4, 4, 4, 4, 4, 4, 4, 4, 4, 4, 4, 4, 4, 4, 4, 4, 4, 4, 4, 4, 4, 4], "b_turds_left": [5, 5, 5, 5, 5, 5, 5, 5, 5, 5, 5, 5, 5, 5, 5, 5, 5, 5, 5, 5, 5, 5, 5, 5, 5, 5, 5, 5, 5, 5, 5, 5, 5, 5, 5, 5, 5, 5, 5, 5, 5, 5, 5, 5, 5, 5, 5, 5, 5, 5, 5, 5, 5, 5, 5, 5, 5, 5, 5, 5, 5, 5, 5, 5, 5, 5, 5, 5, 5, 5, 5, 5, 5, 5, 5, 5, 5, 4, 4, 4], "a_time_left": [359.16202412499115, 359.16202412499115, 358.6658504579682, 358.6658504579682, 357.5752399159828, 357.5752399159828, 357.1104343739571, 357.1104343739571, 356.0263721239171, 356.0263721239171, 355.6815562908887, 355.6815562908887, 355.2106148318853, 355.2106148318853, 354.80240208189934, 354.80240208189934, 352.9533836648916, 352.9533836648916, 351.96579612389905, 351.96579612389905, 349.1853892488871, 349.1853892488871, 348.21331716590794, 348.21331716590794, 347.6599122909247, 347.6599122909247, 347.1496439159382, 347.1496439159382, 345.9901979159331, 345.9901979159331, 345.59759066591505, 345.59759066591505, 344.45045479090186, 344.45045479090186, 344.1942424988956, 344.1942424988956, 343.7189629988861, 343.7189629988861, 343.48172966588754, 343.48172966588754, 343.05896741588367, 343.05896741588367, 342.8297367498744, 342.8297367498744, 342.5276668748702, 342.5276668748702, 342.2994187918375, 342.2994187918375, 341.77688575081993, 341.77688575081993, 341.4703306257725, 341.4703306257725, 340.7390033757547, 340.7390033757547, 340.5699716677773, 340.5699716677773, 339.9992616257514, 339.9992616257514, 339.83176925074076, 339.83176925074076, 339.3702041677316, 339.3702041677316, 339.1124181257328, 339.1124181257328, 338.5749038757058, 338.5749038757058, 338.4482035837136, 338.4482035837136, 338.1144158747047, 338.1144158747047, 337.89297208271455, 337.89297208271455, 337.3922827487113, 337.3922827487113, 337.0794609147124, 337.0794609147124, 336.86377199867275, 336.86377199867275, 336.8268795397016, 336.8268795397016], "b_time_left": [360, 359.11326029198244, 359.11326029198244, 358.48675166699104, 358.48675166699104, 357.3884224590147, 357.3884224590147, 356.7525252920459, 356.7525252920459, 355.97226112603676, 355.97226112603676, 355.4930624590488, 355.4930624590488, 354.65494170907186, 354.65494170907186, 353.93197950109607, 353.93197950109607, 351.21579541813117, 351.21579541813117, 350.09098212613026, 350.09098212613026, 348.29063687613234, 348.29063687613234, 348.05584904312855, 348.05584904312855, 346.6624956681044, 346.6624956681044, 345.967584001075, 345.967584001075, 345.0672091260785, 345.0672091260785, 344.4184170420631, 344.4184170420631, 343.2937649170635, 343.2937649170635, 342.62096608406864, 342.62096608406864, 342.2037316670758, 342.2037316670758, 341.712248001073, 341.712248001073, 341.3579909170512, 341.3579909170512, 340.7701193341054, 340.7701193341054, 340.57553325011395, 340.57553325011395, 339.8317380830995, 339.8317380830995, 339.67048354208237, 339.67048354208237, 339.0887445000699, 339.0887445000699, 338.74729841708904, 338.74729841708904, 338.25005570909707, 338.25005570909707, 338.0617030421272, 338.0617030421272, 337.76320829213364, 337.76320829213364, 337.5537168751471, 337.5537168751471, 337.1031676661223, 337.1031676661223, 336.8822678741417, 336.8822678741417, 336.4827842491213, 336.4827842491213, 336.2824316651677, 336.2824316651677, 335.8566504571936, 335.8566504571936, 335.74658145720605, 335.74658145720605, 335.61874395719497, 335.61874395719497, 335.55036004120484, 335.55036004120484, 335.5451989581925], "a_moves_left": [39, 39, 38, 38, 37, 37, 36, 36, 35, 35, 34, 34, 33, 33, 32, 32, 31, 31, 30, 30, 29, 29, 28, 28, 27, 27, 26, 26, 25, 25, 24, 24, 23, 23, 22, 22, 21, 21, 20, 20, 19, 19, 18, 18, 17, 17, 16, 16, 15, 15, 14, 14, 13, 13, 12, 12, 11, 11, 10, 10, 9, 9, 8, 8, 7, 7, 6, 6, 5, 5, 4, 4, 3, 3, 2, 2, 1, 1, 0, 0], "b_moves_left": [40, 39, 39, 38, 38, 37, 37, 36, 36, 35, 35, 34, 34, 33, 33, 32, 32, 31, 31, 30, 30, 29, 29, 28, 28, 27, 27, 26, 26, 25, 25, 24, 24, 23, 23, 22, 22, 21, 21, 20, 20, 19, 19, 18, 18, 17, 17, 16, 16, 15, 15, 14, 14, 13, 13, 12, 12, 11, 11, 10, 10, 9, 9, 8, 8, 7, 7, 6, 6, 5, 5, 4, 4, 3, 3, 2, 2, 1, 1, 0], "trapdoor_triggered": [0, 0, 0, 0, 0, 0, 0, 0, 0, 0, 0, 0, 0, 0, 0, 0, 0, 0, 0, 0, 0, 0, 1, 0, 0, 0, 0, 0, 0, 0, 0, 0, 0, 0, 0, 0, 0, 0, 0, 0, 0, 0, 0, 0, 0, 0, 0, 0, 0, 0, 0, 0, 0, 0, 0, 0, 0, 0, 0, 0, 0, 0, 0, 0, 0, 0, 0, 0, 0, 0, 0, 0, 0, 0, 0, 0, 0, 0, 0, 0], "left_behind": ["egg", "egg", "plain", "plain", "egg", "egg", "plain", "plain", "egg", "egg", "plain", "plain", "egg", "egg", "plain", "plain", "egg", "egg", "plain", "plain", "egg", "egg", "turd", "plain", "plain", "egg", "plain", "plain", "egg", "egg", "plain", "plain", "egg", "egg", "plain", "plain", "egg", "plain", "plain", "plain", "egg", "plain", "plain", "plain", "egg", "plain", "plain", "plain", "egg", "plain", "plain", "plain", "egg", "plain", "plain", "plain", "egg", "plain", "plain", "plain", "egg", "plain", "plain", "plain", "egg", "egg", "plain", "plain", "egg", "plain", "plain", "plain", "egg", "plain", "plain", "plain", "plain", "turd", "plain", "plain"], "errlog_a": "", "errlog_b": "", "start_time": 360, "start_moves": 40, "turn_count": 80, "result": 0, "reason": "EGGS_LAID", "trapdoors": [[2, 4], [4, 3]], "spawn_a": [0, 6], "spawn_b": [7, 6]}