{"pos": [[0, 3], [7, 3], [0, 2], [7, 2], [0, 1], [7, 1], [0, 0], [7, 0], [1, 0], [7, 1], [2, 0], [6, 1], [2, 1], [5, 1], [2, 2], [5, 2], [2, 3], [4, 2], [2, 4], [3, 2], [3, 4], [3, 1], [4, 4], [2, 1], [5, 4], [3, 1], [6, 4], [3, 0], [6, 5], [4, 0], [6, 6], [5, 0], [5, 6], [6, 0], [4, 6], [7, 0], [3, 6], [6, 0], [2, 6], [7, 0], [2, 5], [6, 0], [1, 5], [7, 0], [2, 5], [6, 0], [3, 5], [7, 0], [3, 6], [7, 1], [3, 7], [7, 2], [4, 7], [7, 3], [5, 7], [6, 3], [6, 7], [6, 2], [7, 7], [6, 1], [7, 6], [6, 0], [7, 5], [6, 1], [6, 5], [6, 0], [5, 5], [7, 0], [5, 6], [6, 0], [4, 6], [6, 1], [3, 6], [6, 0], [2, 6], [6, 1], [2, 7], [6, 0], [1, 7], [7, 0]], "a_eggs_laid": [1, 1, 1, 1, 2, 2, 2, 2, 5, 5, 5, 5, 6, 6, 6, 6, 7, 7, 7, 7, 8, 8, 8, 8, 9, 9, 9, 9, 10, 10, 10, 10, 11, 11, 11, 11, 12, 12, 12, 12, 13, 13, 13, 13, 14, 14, 14, 14, 15, 15, 15, 15, 16, 16, 16, 16, 17, 17, 17, 17, 20, 20, 20, 20, 21, 21, 21, 21, 22, 22, 22, 22, 22, 22, 22, 22, 22, 22, 22, 22], "b_eggs_laid": [0, 1, 1, 1, 1, 2, 2, 2, 2, 5, 5, 5, 5, 6, 6, 6, 6, 7, 7, 7, 7, 8, 8, 8, 8, 9, 9, 9, 9, 10, 10, 10, 10, 11, 11, 11, 11, 11, 11, 11, 11, 11, 11, 11, 11, 11, 11, 11, 11, 11, 11, 11, 11, 11, 11, 11, 11, 12, 12, 12, 12, 12, 12, 12, 12, 12, 12, 12, 12, 12, 12, 12, 12, 12, 12, 12, 12, 12, 12, 12], "a_turds_left": [5, 5, 5, 5, 5, 5, 5, 5, 5, 5, 5, 5, 5, 5, 5, 5, 5, 5, 4, 4, 4, 4, 4, 4, 4, 4, 4, 4, 4, 4, 4, 4, 4, 4, 4, 4, 4, 4, 4, 4, 4, 4, 4, 4, 4, 4, 4, 4, 4, 4, 4, 4, 4, 4, 4, 4, 4, 4, 4, 4, 4, 4, 4, 4, 4, 4, 4, 4, 4, 4, 4, 4, 4, 4, 4, 4, 4, 4, 4, 4], "b_turds_left": [5, 5, 5, 5, 5, 5, 5, 5, 5, 5, 5, 5, 5, 5, 5, 5, 5, 5, 5, 4, 4, 4, 4, 4, 4, 4, 4, 4, 4, 4, 4, 4, 4, 4, 4, 4, 4, 4, 4, 4, 4, 4, 4, 4, 4, 4, 4, 4, 4, 4, 4, 4, 4, 4, 4, 4, 4, 4, 4, 4, 4, 4, 4, 4, 4, 4, 4, 4, 4, 4, 4, 4, 4, 4, 4, 4, 4, 4, 4, 3], "a_time_left": [358.8104356249678, 358.8104356249678, 358.2281575409579, 358.2281575409579, 356.92830137495184, 356.92830137495184, 356.5073674589512, 356.5073674589512, 355.93361866794294, 355.93361866794294, 355.4575781679596, 355.4575781679596, 353.33749300194904, 353.33749300194904, 352.11714566894807, 352.11714566894807, 348.99240125191864, 348.99240125191864, 348.03603241889505, 348.03603241889505, 346.6954567108769, 346.6954567108769, 346.1133199608885, 346.1133199608885, 344.5900902939029, 344.5900902939029, 344.0124664188479, 344.0124664188479, 343.03504137689015, 343.03504137689015, 342.5663297098945, 342.5663297098945, 341.1827007929096, 341.1827007929096, 340.9146726259496, 340.9146726259496, 340.6602301679668, 340.6602301679668, 340.415762042976, 340.415762042976, 340.1429787509842, 340.1429787509842, 339.9437590430025, 339.9437590430025, 339.6515349179972, 339.6515349179972, 339.4798393350211, 339.4798393350211, 339.246674543072, 339.246674543072, 339.0427855430753, 339.0427855430753, 338.6698729590862, 338.6698729590862, 338.43619700107956, 338.43619700107956, 337.7219499600469, 337.7219499600469, 337.6163950850023, 337.6163950850023, 337.488660085015, 337.488660085015, 337.4048162100371, 337.4048162100371, 337.03915004304145, 337.03915004304145, 336.8879783350276, 336.8879783350276, 336.73045912606176, 336.73045912606176, 336.5615330010187, 336.5615330010187, 336.3841360840015, 336.3841360840015, 336.2310682089883, 336.2310682089883, 336.03966408397537, 336.03966408397537, 336.02332179201767, 336.02332179201767], "b_time_left": [360, 358.81739420897793, 358.81739420897793, 358.1825862089754, 358.1825862089754, 357.5520514170057, 357.5520514170057, 357.0799934589886, 357.0799934589886, 356.3198525420157, 356.3198525420157, 355.6782902510022, 355.6782902510022, 353.740644917998, 353.740644917998, 352.8305252510472, 352.8305252510472, 351.37263020902174, 351.37263020902174, 350.72145341703435, 350.72145341703435, 350.3680272499914, 350.3680272499914, 349.78730933298357, 349.78730933298357, 349.23770504194545, 349.23770504194545, 348.6790964589454, 348.6790964589454, 348.2805217499845, 348.2805217499845, 347.6034282090259, 347.6034282090259, 347.03128708404256, 347.03128708404256, 346.62547887599794, 346.62547887599794, 346.4970107509871, 346.4970107509871, 346.16171350103104, 346.16171350103104, 346.0393139170483, 346.0393139170483, 345.67027533304645, 345.67027533304645, 345.56736620806623, 345.56736620806623, 345.22200483304914, 345.22200483304914, 345.161060583021, 345.161060583021, 344.9024995000218, 344.9024995000218, 344.8170420410461, 344.8170420410461, 344.59104466607096, 344.59104466607096, 344.3070102490601, 344.3070102490601, 344.09469016606454, 344.09469016606454, 343.97187862405553, 343.97187862405553, 343.76843770808773, 343.76843770808773, 343.6239263750613, 343.6239263750613, 343.3819674580591, 343.3819674580591, 343.3530870420509, 343.3530870420509, 343.2685865010135, 343.2685865010135, 343.21828033501515, 343.21828033501515, 343.14156016806373, 343.14156016806373, 343.10723566805245, 343.10723566805245, 343.1045720850816], "a_moves_left": [39, 39, 38, 38, 37, 37, 36, 36, 35, 35, 34, 34, 33, 33, 32, 32, 31, 31, 30, 30, 29, 29, 28, 28, 27, 27, 26, 26, 25, 25, 24, 24, 23, 23, 22, 22, 21, 21, 20, 20, 19, 19, 18, 18, 17, 17, 16, 16, 15, 15, 14, 14, 13, 13, 12, 12, 11, 11, 10, 10, 9, 9, 8, 8, 7, 7, 6, 6, 5, 5, 4, 4, 3, 3, 2, 2, 1, 1, 0, 0], "b_moves_left": [40, 39, 39, 38, 38, 37, 37, 36, 36, 35, 35, 34, 34, 33, 33, 32, 32, 31, 31, 30, 30, 29, 29, 28, 28, 27, 27, 26, 26, 25, 25, 24, 24, 23, 23, 22, 22, 21, 21, 20, 20, 19, 19, 18, 18, 17, 17, 16, 16, 15, 15, 14, 14, 13, 13, 12, 12, 11, 11, 10, 10, 9, 9, 8, 8, 7, 7, 6, 6, 5, 5, 4, 4, 3, 3, 2, 2, 1, 1, 0], "trapdoor_triggered": [0, 0, 0, 0, 0, 0, 0, 0, 0, 0, 0, 0, 0, 0, 0, 0, 0, 0, 0, 0, 0, 0, 0, 0, 0, 0, 0, 0, 0, 0, 0, 0, 0, 0, 0, 0, 0, 0, 0, 0, 0, 0, 0, 0, 0, 0, 0, 0, 0, 0, 0, 0, 0, 0, 0, 0, 0, 0, 0, 0, 0, 0, 0, 0, 0, 0, 0, 0, 0, 0, 0, 0, 0, 0, 0, 0, 0, 0, 0, 0], "left_behind": ["egg", "egg", "plain", "plain", "egg", "egg", "plain", "plain", "egg", "egg", "plain", "plain", "egg", "egg", "plain", "plain", "egg", "egg", "turd", "turd", "egg", "egg", "plain", "plain", "egg", "egg", "plain", "plain", "egg", "egg", "plain", "plain", "egg", "egg", "plain", "plain", "egg", "plain", "plain", "plain", "egg", "plain", "plain", "plain", "egg", "plain", "plain", "plain", "egg", "plain", "plain", "plain", "egg", "plain", "plain", "plain", "egg", "egg", "plain", "plain", "egg", "plain", "plain", "plain", "egg", "plain", "plain", "plain", "egg", "plain", "plain", "plain", "plain", "plain", "plain", "plain", "plain", "plain", "plain", "turd"], "errlog_a": "", "errlog_b": "", "start_time": 360, "start_moves": 40, "turn_count": 80, "result": 0, "reason": "EGGS_LAID", "trapdoors": [[3, 3], [4, 5]], "spawn_a": [0, 4], "spawn_b": [7, 4]}