{"pos": [[7, 2], [1, 1], [7, 3], [2, 1], [7, 4], [3, 1], [6, 4], [3, 0], [6, 5], [3, 1], [7, 5], [4, 1], [7, 6], [4, 2], [7, 7], [5, 2], [7, 6], [5, 3], [6, 6], [6, 3], [5, 6], [6, 2], [4, 6], [6, 1], [4, 5], [5, 1], [3, 5], [5, 0], [3, 4], [4, 0], [2, 4], [4, 1], [2, 3], [4, 0], [2, 2], [4, 1], [2, 3], [5, 1], [1, 3], [6, 1], [1, 4], [6, 2], [1, 5], [5, 2], [2, 5], [4, 2], [2, 6], [3, 2], [3, 6], [3, 3], [3, 7], [3, 2], [4, 7], [3, 1], [5, 7], [2, 1], [5, 6], [1, 1], [6, 6], [1, 2], [6, 5], [1, 1], [6, 4], [1, 0], [7, 4], [2, 0], [7, 3], [3, 0], [7, 4], [4, 0], [7, 3], [5, 0], [7, 4], [6, 0], [7, 5], [6, 1], [7, 6], [5, 1], [6, 6], [4, 1]], "a_eggs_laid": [1, 1, 1, 1, 2, 2, 2, 2, 3, 3, 3, 3, 4, 4, 4, 4, 7, 7, 7, 7, 8, 8, 8, 8, 9, 9, 9, 9, 10, 10, 10, 10, 11, 11, 11, 11, 12, 12, 12, 12, 13, 13, 13, 13, 14, 14, 14, 14, 15, 15, 15, 15, 16, 16, 16, 16, 17, 17, 17, 17, 17, 17, 17, 17, 17, 17, 17, 17, 17, 17, 17, 17, 17, 17, 17, 17, 17, 17, 17, 17], "b_eggs_laid": [0, 1, 1, 1, 1, 2, 2, 2, 2, 3, 3, 3, 3, 4, 4, 4, 4, 5, 5, 5, 5, 6, 6, 6, 6, 7, 7, 7, 7, 8, 8, 8, 8, 8, 8, 8, 8, 8, 8, 8, 8, 8, 8, 8, 8, 8, 8, 8, 8, 9, 9, 9, 9, 9, 9, 9, 9, 9, 9, 9, 9, 10, 10, 10, 10, 11, 11, 11, 11, 11, 11, 11, 11, 11, 11, 11, 11, 11, 11, 11], "a_turds_left": [5, 5, 5, 5, 5, 5, 5, 5, 5, 5, 5, 5, 5, 5, 5, 5, 5, 5, 5, 5, 5, 5, 5, 5, 5, 5, 5, 5, 5, 5, 5, 5, 5, 5, 5, 5, 5, 5, 5, 5, 5, 5, 5, 5, 5, 5, 5, 5, 5, 5, 5, 5, 5, 5, 5, 5, 5, 5, 5, 5, 5, 5, 5, 5, 5, 5, 5, 5, 5, 5, 5, 5, 5, 5, 5, 5, 5, 5, 5, 5], "b_turds_left": [5, 5, 5, 5, 5, 5, 5, 5, 5, 5, 5, 5, 5, 5, 5, 5, 5, 5, 5, 4, 4, 4, 4, 4, 4, 4, 4, 4, 4, 4, 4, 4, 4, 4, 4, 4, 4, 4, 4, 4, 4, 4, 4, 4, 4, 4, 4, 4, 4, 4, 4, 3, 3, 3, 3, 3, 3, 3, 3, 3, 3, 3, 3, 3, 3, 3, 3, 3, 3, 3, 3, 3, 3, 3, 3, 3, 3, 3, 3, 2], "a_time_left": [358.65110754198395, 358.65110754198395, 357.82326191692846, 357.82326191692846, 355.5001097919303, 355.5001097919303, 354.51118124992354, 354.51118124992354, 352.79851074988255, 352.79851074988255, 352.15819749986986, 352.15819749986986, 349.3625101248617, 349.3625101248617, 348.58096633286914, 348.58096633286914, 347.3413655408658, 347.3413655408658, 346.75526583287865, 346.75526583287865, 345.56052004086087, 345.56052004086087, 345.2246720828698, 345.2246720828698, 343.42269941582344, 343.42269941582344, 343.0258241658448, 343.0258241658448, 341.43916612380417, 341.43916612380417, 341.14052228978835, 341.14052228978835, 340.28615028981585, 340.28615028981585, 339.98975633177906, 339.98975633177906, 339.3833438727306, 339.3833438727306, 339.0659638727084, 339.0659638727084, 338.48116395570105, 338.48116395570105, 338.21757795568556, 338.21757795568556, 337.3338298727176, 337.3338298727176, 336.661442081735, 336.661442081735, 334.71308241575025, 334.71308241575025, 334.28195979073644, 334.28195979073644, 333.8844912487548, 333.8844912487548, 333.73048603977077, 333.73048603977077, 333.51123291481053, 333.51123291481053, 333.312400789815, 333.312400789815, 333.0069833318121, 333.0069833318121, 332.891650081845, 332.891650081845, 332.75311470683664, 332.75311470683664, 332.68819362379145, 332.68819362379145, 332.6510537068243, 332.6510537068243, 332.58455829083687, 332.58455829083687, 332.53154841583455, 332.53154841583455, 332.452287374821, 332.452287374821, 332.3022124997806, 332.3022124997806, 332.27648366679205, 332.27648366679205], "b_time_left": [360, 358.83851012500236, 358.83851012500236, 357.90530858398415, 357.90530858398415, 356.0775375420344, 356.0775375420344, 355.07715504203225, 355.07715504203225, 353.35020049999, 353.35020049999, 352.4145292499452, 352.4145292499452, 351.1321563339443, 351.1321563339443, 350.6389593339409, 350.6389593339409, 349.47008004196687, 349.47008004196687, 348.845099166967, 348.845099166967, 348.28321316692745, 348.28321316692745, 347.66901504195994, 347.66901504195994, 346.97966837498825, 346.97966837498825, 345.8792304589879, 345.8792304589879, 345.11516383400885, 345.11516383400885, 344.2502068760223, 344.2502068760223, 343.74902566702804, 343.74902566702804, 343.17344879201846, 343.17344879201846, 342.7270541250473, 342.7270541250473, 341.85290558304405, 341.85290558304405, 341.67344712506747, 341.67344712506747, 340.85798379103653, 340.85798379103653, 340.5225514160702, 340.5225514160702, 339.912647750054, 339.912647750054, 339.4507502500783, 339.4507502500783, 339.07985104213003, 339.07985104213003, 338.9731522501679, 338.9731522501679, 338.59097400016617, 338.59097400016617, 338.4994588341797, 338.4994588341797, 338.2948838341981, 338.2948838341981, 338.09203408419853, 338.09203408419853, 337.95304062520154, 337.95304062520154, 337.71728958317544, 337.71728958317544, 337.6157160831499, 337.6157160831499, 337.5411410421366, 337.5411410421366, 337.4372550841654, 337.4372550841654, 337.370720501116, 337.370720501116, 337.23923437611666, 337.23923437611666, 337.1880633761175, 337.1880633761175, 337.18296645913506], "a_moves_left": [39, 39, 38, 38, 37, 37, 36, 36, 35, 35, 34, 34, 33, 33, 32, 32, 31, 31, 30, 30, 29, 29, 28, 28, 27, 27, 26, 26, 25, 25, 24, 24, 23, 23, 22, 22, 21, 21, 20, 20, 19, 19, 18, 18, 17, 17, 16, 16, 15, 15, 14, 14, 13, 13, 12, 12, 11, 11, 10, 10, 9, 9, 8, 8, 7, 7, 6, 6, 5, 5, 4, 4, 3, 3, 2, 2, 1, 1, 0, 0], "b_moves_left": [40, 39, 39, 38, 38, 37, 37, 36, 36, 35, 35, 34, 34, 33, 33, 32, 32, 31, 31, 30, 30, 29, 29, 28, 28, 27, 27, 26, 26, 25, 25, 24, 24, 23, 23, 22, 22, 21, 21, 20, 20, 19, 19, 18, 18, 17, 17, 16, 16, 15, 15, 14, 14, 13, 13, 12, 12, 11, 11, 10, 10, 9, 9, 8, 8, 7, 7, 6, 6, 5, 5, 4, 4, 3, 3, 2, 2, 1, 1, 0], "trapdoor_triggered": [0, 0, 0, 0, 0, 0, 0, 0, 0, 0, 0, 0, 0, 0, 0, 0, 0, 0, 0, 0, 0, 0, 0, 0, 0, 0, 0, 0, 0, 0, 0, 0, 0, 0, 0, 0, 0, 0, 0, 0, 0, 0, 0, 0, 0, 0, 0, 0, 0, 0, 0, 0, 0, 0, 0, 0, 0, 0, 0, 0, 0, 0, 0, 0, 0, 0, 0, 0, 0, 0, 0, 0, 0, 0, 0, 0, 0, 0, 0, 0], "left_behind": ["egg", "egg", "plain", "plain", "egg", "egg", "plain", "plain", "egg", "egg", "plain", "plain", "egg", "egg", "plain", "plain", "egg", "egg", "plain", "turd", "egg", "egg", "plain", "plain", "egg", "egg", "plain", "plain", "egg", "egg", "plain", "plain", "egg", "plain", "plain", "plain", "egg", "plain", "plain", "plain", "egg", "plain", "plain", "plain", "egg", "plain", "plain", "plain", "egg", "egg", "plain", "turd", "egg", "plain", "plain", "plain", "egg", "plain", "plain", "plain", "plain", "egg", "plain", "plain", "plain", "egg", "plain", "plain", "plain", "plain", "plain", "plain", "plain", "plain", "plain", "plain", "plain", "plain", "plain", "turd"], "errlog_a": "", "errlog_b": "", "start_time": 360, "start_moves": 40, "turn_count": 80, "result": 0, "reason": "EGGS_LAID", "trapdoors": [[5, 5], [4, 3]], "spawn_a": [7, 1], "spawn_b": [0, 1]}