{"pos": [[0, 5], [7, 5], [0, 4], [7, 4], [0, 3], [7, 3], [0, 2], [7, 2], [0, 1], [7, 1], [0, 0], [7, 0], [1, 0], [7, 1], [2, 0], [6, 1], [2, 1], [6, 2], [2, 2], [5, 2], [2, 3], [4, 2], [2, 4], [3, 2], [2, 5], [3, 1], [2, 6], [2, 1], [3, 6], [3, 1], [4, 6], [4, 1], [4, 5], [4, 2], [5, 5], [5, 2], [4, 5], [6, 2], [3, 5], [6, 3], [2, 5], [6, 4], [1, 5], [6, 5], [1, 6], [6, 6], [1, 7], [6, 7], [1, 6], [5, 7], [1, 5], [4, 7], [1, 4], [5, 7], [1, 3], [4, 7], [1, 2], [5, 7], [1, 1], [5, 6], [1, 2], [6, 6], [1, 1], [6, 5], [1, 2], [6, 4], [1, 3], [5, 4], [1, 2], [5, 3], [1, 1], [5, 2], [1, 2], [5, 1], [0, 2], [5, 0], [0, 3], [6, 0], [0, 4], [7, 0]], "a_eggs_laid": [1, 1, 1, 1, 2, 2, 2, 2, 3, 3, 3, 3, 6, 6, 6, 6, 7, 7, 7, 7, 8, 8, 8, 8, 9, 9, 9, 9, 10, 10, 10, 10, 11, 11, 11, 11, 12, 12, 12, 12, 13, 13, 13, 13, 14, 14, 14, 14, 15, 15, 15, 15, 15, 15, 15, 15, 16, 16, 16, 16, 17, 17, 17, 17, 17, 17, 17, 17, 17, 17, 17, 17, 17, 17, 17, 17, 17, 17, 17, 17], "b_eggs_laid": [0, 1, 1, 1, 1, 2, 2, 2, 2, 3, 3, 3, 3, 6, 6, 6, 6, 7, 7, 7, 7, 8, 8, 8, 8, 9, 9, 9, 9, 10, 10, 10, 10, 11, 11, 11, 11, 11, 11, 11, 11, 12, 12, 12, 12, 13, 13, 13, 13, 14, 14, 14, 14, 15, 15, 15, 15, 15, 15, 15, 15, 16, 16, 16, 16, 16, 16, 16, 16, 17, 17, 17, 17, 17, 17, 17, 17, 17, 17, 17], "a_turds_left": [5, 5, 5, 5, 5, 5, 5, 5, 5, 5, 5, 5, 5, 5, 5, 5, 5, 5, 5, 5, 5, 5, 4, 4, 4, 4, 4, 4, 4, 4, 4, 4, 4, 4, 4, 4, 4, 4, 4, 4, 4, 4, 4, 4, 4, 4, 4, 4, 4, 4, 4, 4, 4, 4, 4, 4, 4, 4, 4, 4, 4, 4, 4, 4, 4, 4, 4, 4, 4, 4, 4, 4, 4, 4, 4, 4, 4, 4, 4, 4], "b_turds_left": [5, 5, 5, 5, 5, 5, 5, 5, 5, 5, 5, 5, 5, 5, 5, 5, 5, 5, 5, 5, 5, 5, 5, 5, 5, 5, 5, 5, 5, 5, 5, 5, 5, 5, 5, 4, 4, 4, 4, 4, 4, 4, 4, 4, 4, 4, 4, 4, 4, 4, 4, 4, 4, 4, 4, 4, 4, 4, 4, 4, 4, 4, 4, 4, 4, 4, 4, 4, 4, 4, 4, 4, 4, 4, 4, 4, 4, 4, 4, 3], "a_time_left": [359.13462308299495, 359.13462308299495, 358.6358110830188, 358.6358110830188, 357.4343006660347, 357.4343006660347, 356.9244900410413, 356.9244900410413, 355.72981599904597, 355.72981599904597, 355.34059391508345, 355.34059391508345, 354.8127876230865, 354.8127876230865, 354.37496349803405, 354.37496349803405, 352.429100665031, 352.429100665031, 351.3785438730265, 351.3785438730265, 348.4032048730296, 348.4032048730296, 347.3354138309951, 347.3354138309951, 345.6686292060185, 345.6686292060185, 344.9738801220665, 344.9738801220665, 343.6097957470338, 343.6097957470338, 342.933948246995, 342.933948246995, 340.83876087196404, 340.83876087196404, 340.29826162196696, 340.29826162196696, 339.38089532998856, 339.38089532998856, 338.7772067890037, 338.7772067890037, 335.71296133002033, 335.71296133002033, 335.08046228805324, 335.08046228805324, 333.7457912050304, 333.7457912050304, 333.34568728803424, 333.34568728803424, 332.6647099550464, 332.6647099550464, 332.41045120503986, 332.41045120503986, 332.19348183006514, 332.19348183006514, 331.9409167470876, 331.9409167470876, 331.69118816405535, 331.69118816405535, 331.50632016407326, 331.50632016407326, 330.82463770505274, 330.82463770505274, 330.7206167880795, 330.7206167880795, 330.5995268720435, 330.5995268720435, 330.36707149707945, 330.36707149707945, 329.7716009550495, 329.7716009550495, 329.5534597050282, 329.5534597050282, 329.38651833008043, 329.38651833008043, 329.1521565380972, 329.1521565380972, 328.8042148720706, 328.8042148720706, 328.78581833007047, 328.78581833007047], "b_time_left": [360, 359.082089042, 359.082089042, 358.4361468339921, 358.4361468339921, 357.24769862601534, 357.24769862601534, 356.5545650010463, 356.5545650010463, 355.69440133403987, 355.69440133403987, 355.16512758407043, 355.16512758407043, 354.2684074170538, 354.2684074170538, 353.5116507090861, 353.5116507090861, 350.67808870907174, 350.67808870907174, 349.49375712603796, 349.49375712603796, 347.58485045906855, 347.58485045906855, 346.69618220906705, 346.69618220906705, 346.0260469180648, 346.0260469180648, 345.15304704307346, 345.15304704307346, 344.5780303340289, 344.5780303340289, 343.76175508403685, 343.76175508403685, 342.6368657920393, 342.6368657920393, 342.10551379201934, 342.10551379201934, 341.6284599999781, 341.6284599999781, 340.8038913329947, 340.8038913329947, 339.48178087500855, 339.48178087500855, 338.5745097080362, 338.5745097080362, 337.81070100003853, 337.81070100003853, 337.2696937500732, 337.2696937500732, 336.96027687506285, 336.96027687506285, 336.69815395906335, 336.69815395906335, 336.48899229307426, 336.48899229307426, 336.0801716260612, 336.0801716260612, 336.009040959063, 336.009040959063, 335.74404562608106, 335.74404562608106, 335.61347208404914, 335.61347208404914, 335.49844329204643, 335.49844329204643, 335.42645054199966, 335.42645054199966, 335.2267116670264, 335.2267116670264, 334.9710226250463, 334.9710226250463, 334.8670440830174, 334.8670440830174, 334.79064154200023, 334.79064154200023, 334.6367122499505, 334.6367122499505, 334.5412471249583, 334.5412471249583, 334.5378027919214], "a_moves_left": [39, 39, 38, 38, 37, 37, 36, 36, 35, 35, 34, 34, 33, 33, 32, 32, 31, 31, 30, 30, 29, 29, 28, 28, 27, 27, 26, 26, 25, 25, 24, 24, 23, 23, 22, 22, 21, 21, 20, 20, 19, 19, 18, 18, 17, 17, 16, 16, 15, 15, 14, 14, 13, 13, 12, 12, 11, 11, 10, 10, 9, 9, 8, 8, 7, 7, 6, 6, 5, 5, 4, 4, 3, 3, 2, 2, 1, 1, 0, 0], "b_moves_left": [40, 39, 39, 38, 38, 37, 37, 36, 36, 35, 35, 34, 34, 33, 33, 32, 32, 31, 31, 30, 30, 29, 29, 28, 28, 27, 27, 26, 26, 25, 25, 24, 24, 23, 23, 22, 22, 21, 21, 20, 20, 19, 19, 18, 18, 17, 17, 16, 16, 15, 15, 14, 14, 13, 13, 12, 12, 11, 11, 10, 10, 9, 9, 8, 8, 7, 7, 6, 6, 5, 5, 4, 4, 3, 3, 2, 2, 1, 1, 0], "trapdoor_triggered": [0, 0, 0, 0, 0, 0, 0, 0, 0, 0, 0, 0, 0, 0, 0, 0, 0, 0, 0, 0, 0, 0, 0, 0, 0, 0, 0, 0, 0, 0, 0, 0, 0, 0, 0, 0, 0, 0, 0, 0, 0, 0, 0, 0, 0, 0, 0, 0, 0, 0, 0, 0, 0, 0, 0, 0, 0, 0, 0, 0, 0, 0, 0, 0, 0, 0, 0, 0, 0, 0, 0, 0, 0, 0, 0, 0, 0, 0, 0, 0], "left_behind": ["egg", "egg", "plain", "plain", "egg", "egg", "plain", "plain", "egg", "egg", "plain", "plain", "egg", "egg", "plain", "plain", "egg", "egg", "plain", "plain", "egg", "egg", "turd", "plain", "egg", "egg", "plain", "plain", "egg", "egg", "plain", "plain", "egg", "egg", "plain", "turd", "egg", "plain", "plain", "plain", "egg", "egg", "plain", "plain", "egg", "egg", "plain", "plain", "egg", "egg", "plain", "plain", "plain", "egg", "plain", "plain", "egg", "plain", "plain", "plain", "egg", "egg", "plain", "plain", "plain", "plain", "plain", "plain", "plain", "egg", "plain", "plain", "plain", "plain", "plain", "plain", "plain", "plain", "plain", "turd"], "errlog_a": "", "errlog_b": "", "start_time": 360, "start_moves": 40, "turn_count": 80, "result": 2, "reason": "EGGS_LAID", "trapdoors": [[3, 3], [4, 3]], "spawn_a": [0, 6], "spawn_b": [7, 6]}