{"pos": [[0, 5], [7, 5], [0, 4], [7, 4], [0, 3], [7, 3], [0, 2], [7, 2], [0, 1], [7, 1], [0, 0], [7, 0], [1, 0], [7, 1], [2, 0], [6, 1], [2, 1], [5, 1], [2, 2], [5, 2], [2, 3], [4, 2], [2, 4], [3, 2], [2, 5], [3, 1], [2, 6], [2, 1], [3, 6], [3, 1], [4, 6], [3, 0], [3, 6], [4, 0], [3, 7], [5, 0], [3, 6], [6, 0], [3, 5], [7, 0], [2, 5], [6, 0], [1, 5], [7, 0], [1, 4], [6, 0], [1, 3], [7, 0], [1, 2], [6, 0], [1, 1], [6, 1], [1, 2], [6, 2], [2, 2], [6, 3], [2, 3], [6, 2], [3, 3], [6, 3], [3, 4], [6, 2], [3, 5], [6, 1], [3, 6], [6, 0], [4, 6], [6, 1], [5, 6], [6, 0], [5, 5], [7, 0], [6, 5], [6, 0], [6, 4], [7, 0], [6, 5], [7, 1], [6, 6], [7, 0]], "a_eggs_laid": [1, 1, 1, 1, 2, 2, 2, 2, 3, 3, 3, 3, 6, 6, 6, 6, 7, 7, 7, 7, 8, 8, 8, 8, 9, 9, 9, 9, 10, 10, 10, 10, 11, 11, 11, 11, 12, 12, 12, 12, 13, 13, 13, 13, 14, 14, 14, 14, 15, 15, 15, 15, 16, 16, 16, 16, 16, 16, 16, 16, 17, 17, 17, 17, 17, 17, 17, 17, 17, 17, 17, 17, 18, 18, 18, 18, 19, 19, 19, 19], "b_eggs_laid": [0, 1, 1, 1, 1, 2, 2, 2, 2, 3, 3, 3, 3, 6, 6, 6, 6, 7, 7, 7, 7, 8, 8, 8, 8, 9, 9, 9, 9, 10, 10, 10, 10, 11, 11, 11, 11, 12, 12, 12, 12, 12, 12, 12, 12, 12, 12, 12, 12, 12, 12, 12, 12, 12, 12, 12, 12, 13, 13, 13, 13, 13, 13, 13, 13, 13, 13, 13, 13, 13, 13, 13, 13, 13, 13, 13, 13, 13, 13, 13], "a_turds_left": [5, 5, 5, 5, 5, 5, 5, 5, 5, 5, 5, 5, 5, 5, 5, 5, 5, 5, 5, 5, 5, 5, 5, 5, 5, 5, 5, 5, 5, 5, 5, 5, 5, 5, 5, 5, 5, 5, 5, 5, 5, 5, 5, 5, 5, 5, 5, 5, 5, 5, 5, 5, 5, 5, 5, 5, 5, 5, 5, 5, 5, 5, 5, 5, 5, 5, 5, 5, 5, 5, 5, 5, 5, 5, 5, 5, 5, 5, 5, 5], "b_turds_left": [5, 5, 5, 5, 5, 5, 5, 5, 5, 5, 5, 5, 5, 5, 5, 5, 5, 5, 5, 5, 5, 5, 5, 4, 4, 4, 4, 4, 4, 4, 4, 4, 4, 4, 4, 4, 4, 4, 4, 4, 4, 4, 4, 4, 4, 4, 4, 4, 4, 4, 4, 4, 4, 4, 4, 4, 4, 4, 4, 4, 4, 4, 4, 4, 4, 4, 4, 4, 4, 4, 4, 4, 4, 4, 4, 4, 4, 4, 4, 3], "a_time_left": [359.15504745801445, 359.15504745801445, 358.67035416600993, 358.67035416600993, 357.568820415996, 357.568820415996, 357.08955787401646, 357.08955787401646, 355.9545650820364, 355.9545650820364, 355.59560466505354, 355.59560466505354, 355.10206795606064, 355.10206795606064, 354.69193537306273, 354.69193537306273, 352.8425419150735, 352.8425419150735, 351.78997608210193, 351.78997608210193, 349.02450058207614, 349.02450058207614, 348.0340453730896, 348.0340453730896, 346.25985949806636, 346.25985949806636, 345.5455345400842, 345.5455345400842, 344.17949208209757, 344.17949208209757, 343.51829966611695, 343.51829966611695, 342.8042302490794, 342.8042302490794, 342.3788802900817, 342.3788802900817, 341.367076165101, 341.367076165101, 341.1959007480764, 341.1959007480764, 340.84407195606036, 340.84407195606036, 340.64988208108116, 340.64988208108116, 340.38831470604055, 340.38831470604055, 340.22651153901825, 340.22651153901825, 339.91723095602356, 339.91723095602356, 339.78727412206354, 339.78727412206354, 339.2196973300306, 339.2196973300306, 338.9160349960439, 338.9160349960439, 338.3860457460396, 338.3860457460396, 338.13789862103295, 338.13789862103295, 337.5627969119814, 337.5627969119814, 337.3204661619966, 337.3204661619966, 337.1168950370047, 337.1168950370047, 336.94256320403656, 336.94256320403656, 336.7715811210801, 336.7715811210801, 336.6013704551151, 336.6013704551151, 336.4536936211516, 336.4536936211516, 336.3268389131408, 336.3268389131408, 336.2306532051298, 336.2306532051298, 336.2090375391417, 336.2090375391417], "b_time_left": [360, 359.1076417909935, 359.1076417909935, 358.55537408200325, 358.55537408200325, 357.5231210819911, 357.5231210819911, 356.9634289150126, 356.9634289150126, 356.40533562301425, 356.40533562301425, 355.98493299796246, 355.98493299796246, 355.30975124798715, 355.30975124798715, 354.7039169559721, 354.7039169559721, 352.9855694559519, 352.9855694559519, 352.17696220596554, 352.17696220596554, 350.8875852059573, 350.8875852059573, 350.1915844969335, 350.1915844969335, 349.48568591295043, 349.48568591295043, 348.88278482994065, 348.88278482994065, 348.4507032879046, 348.4507032879046, 347.8703615379054, 347.8703615379054, 347.49886903789593, 347.49886903789593, 347.06705937185325, 347.06705937185325, 346.52498162182746, 346.52498162182746, 346.0751052047708, 346.0751052047708, 345.9764125797665, 345.9764125797665, 345.58778541279025, 345.58778541279025, 345.4618977048085, 345.4618977048085, 345.07814937183866, 345.07814937183866, 344.97067591384985, 344.97067591384985, 344.5938377058483, 344.5938377058483, 344.48808978986926, 344.48808978986926, 344.3369740398484, 344.3369740398484, 343.9524944978184, 343.9524944978184, 343.7135866638273, 343.7135866638273, 343.6090995808481, 343.6090995808481, 343.40048549789935, 343.40048549789935, 343.3170663319179, 343.3170663319179, 343.190258789924, 343.190258789924, 342.903509748925, 342.903509748925, 342.58559070690535, 342.58559070690535, 342.4815794979222, 342.4815794979222, 342.30425158090657, 342.30425158090657, 342.29236183088506, 342.29236183088506, 342.2896061218926], "a_moves_left": [39, 39, 38, 38, 37, 37, 36, 36, 35, 35, 34, 34, 33, 33, 32, 32, 31, 31, 30, 30, 29, 29, 28, 28, 27, 27, 26, 26, 25, 25, 24, 24, 23, 23, 22, 22, 21, 21, 20, 20, 19, 19, 18, 18, 17, 17, 16, 16, 15, 15, 14, 14, 13, 13, 12, 12, 11, 11, 10, 10, 9, 9, 8, 8, 7, 7, 6, 6, 5, 5, 4, 4, 3, 3, 2, 2, 1, 1, 0, 0], "b_moves_left": [40, 39, 39, 38, 38, 37, 37, 36, 36, 35, 35, 34, 34, 33, 33, 32, 32, 31, 31, 30, 30, 29, 29, 28, 28, 27, 27, 26, 26, 25, 25, 24, 24, 23, 23, 22, 22, 21, 21, 20, 20, 19, 19, 18, 18, 17, 17, 16, 16, 15, 15, 14, 14, 13, 13, 12, 12, 11, 11, 10, 10, 9, 9, 8, 8, 7, 7, 6, 6, 5, 5, 4, 4, 3, 3, 2, 2, 1, 1, 0], "trapdoor_triggered": [0, 0, 0, 0, 0, 0, 0, 0, 0, 0, 0, 0, 0, 0, 0, 0, 0, 0, 0, 0, 0, 0, 0, 0, 0, 0, 0, 0, 0, 0, 0, 0, 0, 0, 0, 0, 0, 0, 0, 0, 0, 0, 0, 0, 0, 0, 0, 0, 0, 0, 0, 0, 0, 0, 0, 0, 0, 0, 0, 0, 0, 0, 0, 0, 0, 0, 0, 0, 0, 0, 0, 0, 0, 0, 0, 0, 0, 0, 0, 0], "left_behind": ["egg", "egg", "plain", "plain", "egg", "egg", "plain", "plain", "egg", "egg", "plain", "plain", "egg", "egg", "plain", "plain", "egg", "egg", "plain", "plain", "egg", "egg", "plain", "turd", "egg", "egg", "plain", "plain", "egg", "egg", "plain", "plain", "egg", "egg", "plain", "plain", "egg", "egg", "plain", "plain", "egg", "plain", "plain", "plain", "egg", "plain", "plain", "plain", "egg", "plain", "plain", "plain", "egg", "plain", "plain", "plain", "plain", "egg", "plain", "plain", "egg", "plain", "plain", "plain", "plain", "plain", "plain", "plain", "plain", "plain", "plain", "plain", "egg", "plain", "plain", "plain", "egg", "plain", "plain", "turd"], "errlog_a": "", "errlog_b": "", "start_time": 360, "start_moves": 40, "turn_count": 80, "result": 0, "reason": "EGGS_LAID", "trapdoors": [[4, 4], [4, 5]], "spawn_a": [0, 6], "spawn_b": [7, 6]}