{"pos": [[7, 2], [0, 2], [7, 1], [0, 1], [6, 1], [1, 1], [6, 2], [1, 0], [6, 3], [2, 0], [6, 4], [3, 0], [6, 5], [4, 0], [6, 6], [5, 0], [5, 6], [5, 1], [4, 6], [6, 1], [3, 6], [5, 1], [2, 6], [5, 2], [2, 5], [5, 1], [2, 4], [4, 1], [2, 5], [3, 1], [1, 5], [3, 2], [1, 6], [3, 1], [1, 7], [2, 1], [2, 7], [2, 2], [3, 7], [0, 3], [4, 7], [0, 2], [5, 7], [1, 2], [5, 6], [2, 2], [5, 5], [0, 3], [6, 5], [1, 3], [7, 5], [0, 3], [7, 6], [1, 3], [7, 7], [0, 3], [7, 6], [1, 3], [7, 5], [0, 3], [7, 4], [1, 3], [6, 4], [0, 3], [6, 3], [1, 3], [5, 3], [0, 3], [5, 4], [1, 3], [7, 3], [0, 3], [7, 4], [1, 3], [6, 4], [0, 3], [6, 5], [0, 2], [6, 6], [0, 1]], "a_eggs_laid": [1, 1, 1, 1, 2, 2, 2, 2, 3, 3, 3, 3, 4, 4, 4, 4, 5, 5, 5, 5, 6, 6, 6, 6, 7, 7, 7, 7, 8, 8, 8, 8, 9, 9, 9, 9, 10, 10, 10, 10, 15, 15, 15, 15, 16, 16, 16, 16, 21, 21, 21, 21, 26, 26, 26, 26, 33, 33, 33, 33, 37, 37, 37, 37, 41, 41, 41, 41, 46, 46, 46, 46, 50, 50, 50, 50, 54, 54, 54, 54], "b_eggs_laid": [0, 1, 1, 1, 1, 2, 2, 2, 2, 3, 3, 3, 3, 4, 4, 4, 4, 5, 5, 5, 5, 6, 6, 6, 6, 7, 7, 7, 7, 8, 8, 8, 8, 9, 9, 9, 9, 10, 10, 10, 10, 10, 10, 10, 10, 11, 11, 11, 11, 11, 11, 11, 11, 11, 11, 11, 11, 11, 11, 11, 11, 11, 11, 11, 11, 11, 11, 11, 11, 11, 11, 15, 15, 15, 15, 15, 15, 15, 15, 15], "a_turds_left": [5, 5, 5, 5, 5, 5, 5, 5, 5, 5, 5, 5, 5, 5, 5, 5, 5, 5, 5, 5, 5, 5, 5, 5, 5, 5, 5, 5, 5, 5, 5, 5, 5, 5, 5, 5, 5, 5, 5, 5, 5, 5, 5, 5, 5, 5, 5, 5, 5, 5, 5, 5, 5, 5, 5, 5, 5, 5, 5, 5, 5, 5, 5, 5, 5, 5, 5, 5, 5, 5, 5, 5, 5, 5, 5, 5, 5, 5, 5, 5], "b_turds_left": [5, 5, 5, 5, 5, 5, 5, 5, 5, 5, 5, 5, 5, 5, 5, 5, 5, 5, 5, 5, 5, 5, 5, 5, 5, 5, 5, 5, 5, 5, 5, 5, 5, 5, 5, 5, 5, 5, 5, 5, 5, 5, 5, 5, 5, 5, 5, 5, 5, 5, 5, 5, 5, 5, 5, 5, 5, 5, 5, 5, 5, 5, 5, 5, 5, 5, 5, 5, 5, 5, 5, 5, 5, 5, 5, 5, 5, 5, 5, 4], "a_time_left": [358.84909529198194, 358.84909529198194, 358.3226197499898, 358.3226197499898, 356.8384787500254, 356.8384787500254, 355.92752354207914, 355.92752354207914, 354.0880550420843, 354.0880550420843, 353.1527935420745, 353.1527935420745, 351.1364555840846, 351.1364555840846, 350.2548929590848, 350.2548929590848, 348.46241229306906, 348.46241229306906, 347.42759312706767, 347.42759312706767, 345.99731771007646, 345.99731771007646, 345.16564825107343, 345.16564825107343, 342.8963582930737, 342.8963582930737, 342.0993349600467, 342.0993349600467, 339.0487292520702, 339.0487292520702, 338.02136746107135, 338.02136746107135, 335.3645426700823, 335.3645426700823, 334.80681608605664, 334.80681608605664, 333.56363566906657, 333.56363566906657, 333.10679691907717, 333.10679691907717, 332.8184557110653, 332.8184557110653, 332.6020534610725, 332.6020534610725, 331.85503383603645, 331.85503383603645, 331.4901315860334, 331.4901315860334, 331.0136631700443, 331.0136631700443, 330.6867157110246, 330.6867157110246, 330.3773653359967, 330.3773653359967, 330.0629622939741, 330.0629622939741, 329.81677158595994, 329.81677158595994, 329.50253979396075, 329.50253979396075, 329.3895011689747, 329.3895011689747, 329.1106513769482, 329.1106513769482, 328.92824166896753, 328.92824166896753, 328.5346431689686, 328.5346431689686, 328.0493030020152, 328.0493030020152, 327.4726231690147, 327.4726231690147, 327.33941541897366, 327.33941541897366, 327.02194429398514, 327.02194429398514, 326.8145885859849, 326.8145885859849, 326.78486404399155, 326.78486404399155], "b_time_left": [360, 359.20472804200836, 359.20472804200836, 358.62656087504, 358.62656087504, 357.31000183406286, 357.31000183406286, 356.1358242930728, 356.1358242930728, 355.00281675107544, 355.00281675107544, 354.151950418076, 354.151950418076, 352.534302418062, 352.534302418062, 351.8081336260657, 351.8081336260657, 350.1302746680449, 350.1302746680449, 349.3115220430773, 349.3115220430773, 348.2664635840338, 348.2664635840338, 347.4284997089999, 347.4284997089999, 345.5385228759842, 345.5385228759842, 344.30683166795643, 344.30683166795643, 342.3792160009616, 342.3792160009616, 341.3701696259668, 341.3701696259668, 339.97576420899713, 339.97576420899713, 339.2633707089699, 339.2633707089699, 338.4554365009535, 338.4554365009535, 337.83756712597096, 337.83756712597096, 337.6857983759837, 337.6857983759837, 337.3137916260166, 337.3137916260166, 336.5466926260269, 336.5466926260269, 335.8147648340091, 335.8147648340091, 335.71469000104116, 335.71469000104116, 335.27728579204995, 335.27728579204995, 335.18505866709165, 335.18505866709165, 334.96157587505877, 334.96157587505877, 334.9037967500626, 334.9037967500626, 334.7638551660348, 334.7638551660348, 334.6826702490798, 334.6826702490798, 334.4311488320818, 334.4311488320818, 334.25100670708343, 334.25100670708343, 333.7031579980394, 333.7031579980394, 333.5187211650191, 333.5187211650191, 333.29263283201726, 333.29263283201726, 333.20378758199513, 333.20378758199513, 332.93513349897694, 332.93513349897694, 332.88387224898906, 332.88387224898906, 332.8795984989847], "a_moves_left": [39, 39, 38, 38, 37, 37, 36, 36, 35, 35, 34, 34, 33, 33, 32, 32, 31, 31, 30, 30, 29, 29, 28, 28, 27, 27, 26, 26, 25, 25, 24, 24, 23, 23, 22, 22, 21, 21, 20, 20, 19, 19, 18, 18, 17, 17, 16, 16, 15, 15, 14, 14, 13, 13, 12, 12, 11, 11, 10, 10, 9, 9, 8, 8, 7, 7, 6, 6, 5, 5, 4, 4, 3, 3, 2, 2, 1, 1, 0, 0], "b_moves_left": [40, 39, 39, 38, 38, 37, 37, 36, 36, 35, 35, 34, 34, 33, 33, 32, 32, 31, 31, 30, 30, 29, 29, 28, 28, 27, 27, 26, 26, 25, 25, 24, 24, 23, 23, 22, 22, 21, 21, 20, 20, 19, 19, 18, 18, 17, 17, 16, 16, 15, 15, 14, 14, 13, 13, 12, 12, 11, 11, 10, 10, 9, 9, 8, 8, 7, 7, 6, 6, 5, 5, 4, 4, 3, 3, 2, 2, 1, 1, 0], "trapdoor_triggered": [0, 0, 0, 0, 0, 0, 0, 0, 0, 0, 0, 0, 0, 0, 0, 0, 0, 0, 0, 0, 0, 0, 0, 0, 0, 0, 0, 0, 0, 0, 0, 0, 0, 0, 0, 0, 0, 0, 0, 1, 0, 0, 0, 0, 0, 0, 0, 1, 0, 0, 0, 1, 0, 0, 0, 1, 0, 0, 0, 1, 0, 0, 0, 1, 0, 0, 0, 1, 0, 0, 1, 1, 0, 0, 0, 1, 0, 0, 0, 0], "left_behind": ["egg", "egg", "plain", "plain", "egg", "egg", "plain", "plain", "egg", "egg", "plain", "plain", "egg", "egg", "plain", "plain", "egg", "egg", "plain", "plain", "egg", "egg", "plain", "plain", "egg", "egg", "plain", "plain", "egg", "egg", "plain", "plain", "egg", "egg", "plain", "plain", "egg", "egg", "plain", "plain", "egg", "plain", "plain", "plain", "egg", "egg", "plain", "plain", "egg", "plain", "plain", "plain", "egg", "plain", "plain", "plain", "egg", "plain", "plain", "plain", "plain", "plain", "plain", "plain", "plain", "plain", "plain", "plain", "egg", "plain", "plain", "plain", "plain", "plain", "plain", "plain", "plain", "plain", "plain", "turd"], "errlog_a": "", "errlog_b": "", "start_time": 360, "start_moves": 40, "turn_count": 80, "result": 0, "reason": "EGGS_LAID", "trapdoors": [[4, 4], [2, 3]], "spawn_a": [7, 3], "spawn_b": [0, 3]}