{"pos": [[7, 2], [0, 2], [7, 1], [0, 1], [6, 1], [1, 1], [6, 2], [1, 0], [6, 3], [2, 0], [6, 4], [3, 0], [6, 5], [4, 0], [6, 6], [5, 0], [5, 6], [5, 1], [4, 6], [6, 1], [3, 6], [5, 1], [2, 6], [0, 3], [2, 5], [0, 2], [2, 4], [1, 2], [2, 5], [1, 1], [1, 5], [2, 1], [2, 5], [3, 1], [3, 5], [4, 1], [4, 5], [4, 2], [5, 5], [0, 3], [5, 4], [1, 3], [5, 3], [2, 3], [6, 3], [2, 2], [6, 4], [3, 2], [7, 4], [4, 2], [7, 5], [0, 3], [7, 6], [1, 3], [7, 7], [1, 4], [6, 7], [0, 4], [5, 7], [0, 5], [4, 7], [0, 6], [3, 7], [0, 7], [3, 6], [0, 6], [3, 5], [1, 6], [3, 4], [1, 7], [3, 3], [2, 7], [4, 3], [1, 7], [5, 3], [2, 7], [4, 3], [1, 7], [4, 2], [2, 7]], "a_eggs_laid": [1, 1, 1, 1, 2, 2, 2, 2, 3, 3, 3, 3, 4, 4, 4, 4, 5, 5, 5, 5, 6, 6, 6, 6, 11, 11, 11, 11, 12, 12, 12, 12, 13, 13, 13, 13, 14, 14, 14, 14, 19, 19, 19, 19, 20, 20, 20, 20, 20, 20, 20, 20, 25, 25, 25, 25, 28, 28, 28, 28, 29, 29, 29, 29, 30, 30, 30, 30, 30, 30, 30, 30, 31, 31, 31, 31, 31, 31, 31, 31], "b_eggs_laid": [0, 1, 1, 1, 1, 2, 2, 2, 2, 3, 3, 3, 3, 4, 4, 4, 4, 5, 5, 5, 5, 6, 6, 6, 6, 6, 6, 6, 6, 7, 7, 7, 7, 8, 8, 8, 8, 9, 9, 9, 9, 9, 9, 9, 9, 10, 10, 10, 10, 11, 11, 11, 11, 11, 11, 11, 11, 12, 12, 12, 12, 13, 13, 13, 13, 16, 16, 16, 16, 17, 17, 17, 17, 17, 17, 17, 17, 17, 17, 17], "a_turds_left": [5, 5, 5, 5, 5, 5, 5, 5, 5, 5, 5, 5, 5, 5, 5, 5, 5, 5, 5, 5, 5, 5, 5, 5, 5, 5, 5, 5, 5, 5, 5, 5, 5, 5, 5, 5, 5, 5, 5, 5, 5, 5, 5, 5, 5, 5, 5, 5, 5, 5, 5, 5, 5, 5, 5, 5, 5, 5, 5, 5, 5, 5, 5, 5, 5, 5, 5, 5, 5, 5, 5, 5, 5, 5, 5, 5, 5, 5, 5, 5], "b_turds_left": [5, 5, 5, 5, 5, 5, 5, 5, 5, 5, 5, 5, 5, 5, 5, 5, 5, 5, 5, 5, 5, 5, 5, 5, 5, 5, 5, 5, 5, 5, 5, 5, 5, 5, 5, 5, 5, 5, 5, 5, 5, 5, 5, 5, 5, 5, 5, 5, 5, 5, 5, 5, 5, 5, 5, 5, 5, 5, 5, 5, 5, 5, 5, 5, 5, 5, 5, 5, 5, 5, 5, 5, 5, 5, 5, 5, 5, 4, 4, 4], "a_time_left": [358.911900874984, 358.911900874984, 358.3675517499796, 358.3675517499796, 356.73698316700757, 356.73698316700757, 355.7431647919584, 355.7431647919584, 354.1555039169616, 354.1555039169616, 353.2544378750026, 353.2544378750026, 351.3078012909973, 351.3078012909973, 350.40783929103054, 350.40783929103054, 348.3667536660214, 348.3667536660214, 347.5664258750039, 347.5664258750039, 346.28557233302854, 346.28557233302854, 345.6829511660035, 345.6829511660035, 344.7244749990059, 344.7244749990059, 343.9968538740068, 343.9968538740068, 341.9160152070108, 341.9160152070108, 341.3378653319669, 341.3378653319669, 338.73529641493224, 338.73529641493224, 337.951973330928, 337.951973330928, 335.8199844979681, 335.8199844979681, 335.41048033098923, 335.41048033098923, 334.8284550809767, 334.8284550809767, 334.51825928897597, 334.51825928897597, 333.76805324695306, 333.76805324695306, 333.3388275799807, 333.3388275799807, 332.8338642459712, 332.8338642459712, 332.4806448709569, 332.4806448709569, 332.098843161948, 332.098843161948, 331.86679503694177, 331.86679503694177, 331.4096049119835, 331.4096049119835, 331.288417829026, 331.288417829026, 330.8292849960271, 330.8292849960271, 330.6578553710133, 330.6578553710133, 330.38597841298906, 330.38597841298906, 330.2509103299817, 330.2509103299817, 330.05922820500564, 330.05922820500564, 329.9771690799971, 329.9771690799971, 329.74436253798194, 329.74436253798194, 329.6587164130178, 329.6587164130178, 329.569912038045, 329.569912038045, 329.55510062206304, 329.55510062206304], "b_time_left": [360, 359.1427626669756, 359.1427626669756, 358.5200531259761, 358.5200531259761, 356.90211837593233, 356.90211837593233, 355.71571300097276, 355.71571300097276, 354.6505527929985, 354.6505527929985, 353.7793195020058, 353.7793195020058, 352.19432041898835, 352.19432041898835, 351.33120987698203, 351.33120987698203, 349.6159335440025, 349.6159335440025, 348.8029915849911, 348.8029915849911, 347.6910199180129, 347.6910199180129, 346.69043691799743, 346.69043691799743, 346.2503890839871, 346.2503890839871, 345.5592771670199, 345.5592771670199, 344.1361414589919, 344.1361414589919, 343.15898112603463, 343.15898112603463, 342.0563331260346, 342.0563331260346, 341.1012414600118, 341.1012414600118, 339.80642533500213, 339.80642533500213, 338.8161940430291, 338.8161940430291, 338.57158079301007, 338.57158079301007, 337.8446870840271, 337.8446870840271, 337.42043533403194, 337.42043533403194, 337.0423172930605, 337.0423172930605, 336.4489547930425, 336.4489547930425, 335.8799172520521, 335.8799172520521, 335.75990775210084, 335.75990775210084, 335.4650732111186, 335.4650732111186, 335.2250200440758, 335.2250200440758, 334.9385812100372, 334.9385812100372, 334.7557929600589, 334.7557929600589, 334.51609125203686, 334.51609125203686, 334.3704255440389, 334.3704255440389, 334.2566921270336, 334.2566921270336, 334.00882158603054, 334.00882158603054, 333.84791591903195, 333.84791591903195, 333.7540770440246, 333.7540770440246, 333.6392730860389, 333.6392730860389, 333.59378637804184, 333.59378637804184, 333.5911207530298], "a_moves_left": [39, 39, 38, 38, 37, 37, 36, 36, 35, 35, 34, 34, 33, 33, 32, 32, 31, 31, 30, 30, 29, 29, 28, 28, 27, 27, 26, 26, 25, 25, 24, 24, 23, 23, 22, 22, 21, 21, 20, 20, 19, 19, 18, 18, 17, 17, 16, 16, 15, 15, 14, 14, 13, 13, 12, 12, 11, 11, 10, 10, 9, 9, 8, 8, 7, 7, 6, 6, 5, 5, 4, 4, 3, 3, 2, 2, 1, 1, 0, 0], "b_moves_left": [40, 39, 39, 38, 38, 37, 37, 36, 36, 35, 35, 34, 34, 33, 33, 32, 32, 31, 31, 30, 30, 29, 29, 28, 28, 27, 27, 26, 26, 25, 25, 24, 24, 23, 23, 22, 22, 21, 21, 20, 20, 19, 19, 18, 18, 17, 17, 16, 16, 15, 15, 14, 14, 13, 13, 12, 12, 11, 11, 10, 10, 9, 9, 8, 8, 7, 7, 6, 6, 5, 5, 4, 4, 3, 3, 2, 2, 1, 1, 0], "trapdoor_triggered": [0, 0, 0, 0, 0, 0, 0, 0, 0, 0, 0, 0, 0, 0, 0, 0, 0, 0, 0, 0, 0, 0, 0, 1, 0, 0, 0, 0, 0, 0, 0, 0, 0, 0, 0, 0, 0, 0, 0, 1, 0, 0, 0, 0, 0, 0, 0, 0, 0, 0, 0, 1, 0, 0, 0, 0, 0, 0, 0, 0, 0, 0, 0, 0, 0, 0, 0, 0, 0, 0, 0, 0, 0, 0, 0, 0, 0, 0, 0, 0], "left_behind": ["egg", "egg", "plain", "plain", "egg", "egg", "plain", "plain", "egg", "egg", "plain", "plain", "egg", "egg", "plain", "plain", "egg", "egg", "plain", "plain", "egg", "egg", "plain", "plain", "egg", "plain", "plain", "plain", "egg", "egg", "plain", "plain", "egg", "egg", "plain", "plain", "egg", "egg", "plain", "plain", "egg", "plain", "plain", "plain", "egg", "egg", "plain", "plain", "plain", "egg", "plain", "plain", "egg", "plain", "plain", "plain", "egg", "egg", "plain", "plain", "egg", "egg", "plain", "plain", "egg", "egg", "plain", "plain", "plain", "egg", "plain", "plain", "egg", "plain", "plain", "plain", "plain", "turd", "plain", "plain"], "errlog_a": "", "errlog_b": "", "start_time": 360, "start_moves": 40, "turn_count": 80, "result": 0, "reason": "EGGS_LAID", "trapdoors": [[4, 4], [5, 2]], "spawn_a": [7, 3], "spawn_b": [0, 3]}