{"pos": [[1, 6], [7, 5], [2, 6], [7, 4], [2, 5], [7, 3], [1, 5], [7, 2], [1, 4], [7, 1], [1, 3], [7, 0], [2, 3], [7, 1], [0, 6], [6, 1], [0, 5], [6, 2], [0, 4], [6, 3], [0, 3], [6, 4], [0, 2], [6, 5], [1, 2], [6, 6], [1, 1], [6, 7], [2, 1], [6, 6], [2, 0], [5, 6], [2, 1], [5, 5], [3, 1], [5, 4], [4, 1], [5, 3], [4, 2], [4, 3], [4, 1], [5, 3], [5, 1], [5, 2], [4, 1], [6, 2], [4, 0], [6, 1], [3, 0], [6, 2], [3, 1], [6, 1], [2, 1], [6, 2], [2, 2], [6, 1], [3, 2], [6, 2], [0, 6], [6, 1], [0, 7], [6, 2], [1, 7], [6, 1], [2, 7], [6, 2], [3, 7], [6, 1], [3, 6], [6, 2], [3, 5], [6, 1], [3, 6], [6, 2], [4, 6], [6, 3], [4, 5], [6, 2], [4, 4], [6, 3]], "a_eggs_laid": [1, 1, 1, 1, 2, 2, 2, 2, 3, 3, 3, 3, 4, 4, 4, 4, 4, 4, 4, 4, 5, 5, 5, 5, 6, 6, 6, 6, 7, 7, 7, 7, 8, 8, 8, 8, 9, 9, 9, 9, 10, 10, 10, 10, 11, 11, 11, 11, 12, 12, 12, 12, 12, 12, 12, 12, 13, 13, 13, 13, 13, 13, 13, 13, 14, 14, 14, 14, 15, 15, 15, 15, 16, 16, 16, 16, 17, 17, 17, 17], "b_eggs_laid": [0, 1, 1, 1, 1, 2, 2, 2, 2, 3, 3, 3, 3, 6, 6, 10, 10, 11, 11, 11, 11, 12, 12, 12, 12, 13, 13, 13, 13, 14, 14, 14, 14, 15, 15, 15, 15, 16, 16, 16, 16, 17, 17, 17, 17, 18, 18, 18, 18, 18, 18, 18, 18, 18, 18, 18, 18, 18, 18, 22, 22, 22, 22, 22, 22, 22, 22, 22, 22, 22, 22, 22, 22, 22, 22, 22, 22, 22, 22, 22], "a_turds_left": [5, 5, 4, 4, 4, 4, 3, 3, 3, 3, 2, 2, 2, 2, 2, 2, 2, 2, 2, 2, 2, 2, 2, 2, 2, 2, 1, 1, 1, 1, 1, 1, 1, 1, 1, 1, 1, 1, 1, 1, 1, 1, 1, 1, 1, 1, 1, 1, 1, 1, 1, 1, 1, 1, 1, 1, 1, 1, 1, 1, 1, 1, 1, 1, 1, 1, 1, 1, 1, 1, 1, 1, 1, 1, 1, 1, 1, 1, 1, 1], "b_turds_left": [5, 5, 5, 5, 5, 5, 5, 5, 5, 5, 5, 5, 5, 5, 5, 5, 5, 5, 5, 5, 5, 5, 5, 5, 5, 5, 5, 5, 5, 5, 5, 5, 5, 5, 5, 5, 5, 5, 5, 5, 5, 5, 5, 5, 5, 5, 5, 5, 5, 5, 5, 5, 5, 5, 5, 5, 5, 5, 5, 5, 5, 5, 5, 5, 5, 5, 5, 5, 5, 5, 5, 5, 5, 5, 5, 5, 5, 5, 5, 4], "a_time_left": [358.8705983750406, 358.8705983750406, 358.0289127500728, 358.0289127500728, 356.3805014580721, 356.3805014580721, 355.53206616605166, 355.53206616605166, 353.92877658305224, 353.92877658305224, 353.0613311660709, 353.0613311660709, 351.98842604103265, 351.98842604103265, 351.10121904104017, 351.10121904104017, 350.4215118330321, 350.4215118330321, 349.65242012403905, 349.65242012403905, 348.28408958303044, 348.28408958303044, 347.51901583297877, 347.51901583297877, 346.1117620409932, 346.1117620409932, 345.0514028329635, 345.0514028329635, 344.0462162499898, 344.0462162499898, 343.34309104201384, 343.34309104201384, 342.1172089170432, 342.1172089170432, 341.33865195902763, 341.33865195902763, 339.59085791703546, 339.59085791703546, 338.9415295420331, 338.9415295420331, 338.27424045902444, 338.27424045902444, 337.8956753760576, 337.8956753760576, 337.51737962604966, 337.51737962604966, 337.32109270902583, 337.32109270902583, 336.99403329205234, 336.99403329205234, 336.8655436250847, 336.8655436250847, 336.70716512511717, 336.70716512511717, 336.5261585841072, 336.5261585841072, 336.130564001156, 336.130564001156, 335.96368708414957, 335.96368708414957, 335.83492495917017, 335.83492495917017, 335.74454258417245, 335.74454258417245, 335.35705041716574, 335.35705041716574, 335.22704016719945, 335.22704016719945, 334.88487470924156, 334.88487470924156, 334.70601908426033, 334.70601908426033, 334.1803057922516, 334.1803057922516, 333.9848234592355, 333.9848234592355, 333.51164175127633, 333.51164175127633, 333.45660291827517, 333.45660291827517], "b_time_left": [360, 358.1214418329764, 358.1214418329764, 357.0753287919797, 357.0753287919797, 354.82254312495934, 354.82254312495934, 354.01738316594856, 354.01738316594856, 352.0660321659525, 352.0660321659525, 351.0297395409434, 351.0297395409434, 349.4514884579112, 349.4514884579112, 349.22437883296516, 349.22437883296516, 348.21173524996266, 348.21173524996266, 347.34364533395274, 347.34364533395274, 346.2011423339718, 346.2011423339718, 345.31282487593126, 345.31282487593126, 342.8112868339522, 342.8112868339522, 341.7611167919822, 341.7611167919822, 340.2565425419598, 340.2565425419598, 339.5296579169808, 339.5296579169808, 337.85960945795523, 337.85960945795523, 336.40975595795317, 336.40975595795317, 334.8932809989201, 334.8932809989201, 334.1129425819381, 334.1129425819381, 333.3783554569236, 333.3783554569236, 332.8706583318999, 332.8706583318999, 332.4943773319246, 332.4943773319246, 331.8251847489155, 331.8251847489155, 331.6832342488924, 331.6832342488924, 331.2346930408967, 331.2346930408967, 330.945163624885, 330.945163624885, 330.04994199989596, 330.04994199989596, 329.8097177078598, 329.8097177078598, 329.62974420789396, 329.62974420789396, 329.4518642498879, 329.4518642498879, 329.0288244158728, 329.0288244158728, 328.8226212078589, 328.8226212078589, 328.33755824988475, 328.33755824988475, 328.0424467078992, 328.0424467078992, 327.3372815409093, 327.3372815409093, 327.1192346239113, 327.1192346239113, 326.54003083286807, 326.54003083286807, 326.4498573328601, 326.4498573328601, 326.44215041585267], "a_moves_left": [39, 39, 38, 38, 37, 37, 36, 36, 35, 35, 34, 34, 33, 33, 32, 32, 31, 31, 30, 30, 29, 29, 28, 28, 27, 27, 26, 26, 25, 25, 24, 24, 23, 23, 22, 22, 21, 21, 20, 20, 19, 19, 18, 18, 17, 17, 16, 16, 15, 15, 14, 14, 13, 13, 12, 12, 11, 11, 10, 10, 9, 9, 8, 8, 7, 7, 6, 6, 5, 5, 4, 4, 3, 3, 2, 2, 1, 1, 0, 0], "b_moves_left": [40, 39, 39, 38, 38, 37, 37, 36, 36, 35, 35, 34, 34, 33, 33, 32, 32, 31, 31, 30, 30, 29, 29, 28, 28, 27, 27, 26, 26, 25, 25, 24, 24, 23, 23, 22, 22, 21, 21, 20, 20, 19, 19, 18, 18, 17, 17, 16, 16, 15, 15, 14, 14, 13, 13, 12, 12, 11, 11, 10, 10, 9, 9, 8, 8, 7, 7, 6, 6, 5, 5, 4, 4, 3, 3, 2, 2, 1, 1, 0], "trapdoor_triggered": [0, 0, 0, 0, 0, 0, 0, 0, 0, 0, 0, 0, 0, 0, 1, 0, 0, 0, 0, 0, 0, 0, 0, 0, 0, 0, 0, 0, 0, 0, 0, 0, 0, 0, 0, 0, 0, 0, 0, 0, 0, 0, 0, 0, 0, 0, 0, 0, 0, 0, 0, 0, 0, 0, 0, 0, 0, 0, 1, 0, 0, 0, 0, 0, 0, 0, 0, 0, 0, 0, 0, 0, 0, 0, 0, 0, 0, 0, 0, 0], "left_behind": ["egg", "egg", "turd", "plain", "egg", "egg", "turd", "plain", "egg", "egg", "turd", "plain", "egg", "egg", "plain", "plain", "plain", "egg", "plain", "plain", "egg", "egg", "plain", "plain", "egg", "egg", "turd", "plain", "egg", "egg", "plain", "plain", "egg", "egg", "plain", "plain", "egg", "egg", "plain", "plain", "egg", "egg", "plain", "plain", "egg", "egg", "plain", "plain", "egg", "plain", "plain", "plain", "plain", "plain", "plain", "plain", "egg", "plain", "plain", "plain", "plain", "plain", "plain", "plain", "egg", "plain", "plain", "plain", "egg", "plain", "plain", "plain", "egg", "plain", "plain", "plain", "egg", "plain", "plain", "turd"], "errlog_a": "", "errlog_b": "", "start_time": 360, "start_moves": 40, "turn_count": 80, "result": 1, "reason": "EGGS_LAID", "trapdoors": [[3, 3], [3, 4]], "spawn_a": [0, 6], "spawn_b": [7, 6]}