{"pos": [[0, 1], [7, 1], [0, 0], [7, 0], [1, 0], [7, 1], [2, 0], [6, 1], [2, 1], [6, 2], [2, 2], [5, 2], [2, 3], [4, 2], [2, 4], [3, 2], [3, 4], [3, 1], [4, 4], [2, 1], [5, 4], [3, 1], [6, 4], [4, 1], [6, 5], [4, 0], [6, 6], [5, 0], [5, 6], [4, 0], [4, 6], [5, 0], [3, 6], [4, 0], [2, 6], [3, 0], [0, 2], [4, 0], [0, 1], [4, 1], [1, 1], [5, 1], [1, 2], [6, 1], [1, 3], [6, 2], [1, 4], [6, 3], [1, 5], [7, 3], [1, 6], [7, 4], [1, 7], [7, 5], [2, 7], [7, 6], [3, 7], [7, 5], [4, 7], [6, 5], [5, 7], [5, 5], [5, 6], [5, 4], [4, 6], [5, 3], [4, 5], [4, 3], [3, 5], [4, 2], [3, 6], [3, 2], [2, 6], [3, 1], [1, 6], [4, 1], [0, 6], [4, 0], [1, 6], [5, 0]], "a_eggs_laid": [1, 1, 1, 1, 4, 4, 4, 4, 5, 5, 5, 5, 6, 6, 6, 6, 7, 7, 7, 7, 8, 8, 8, 8, 9, 9, 9, 9, 10, 10, 10, 10, 11, 11, 11, 11, 12, 12, 12, 12, 12, 12, 13, 13, 13, 13, 14, 14, 14, 14, 15, 15, 15, 15, 16, 16, 16, 16, 17, 17, 17, 17, 18, 18, 18, 18, 18, 18, 18, 18, 19, 19, 19, 19, 19, 19, 19, 19, 20, 20], "b_eggs_laid": [0, 1, 1, 1, 1, 4, 4, 4, 4, 5, 5, 5, 5, 6, 6, 6, 6, 7, 7, 7, 7, 8, 8, 8, 8, 9, 9, 9, 9, 10, 10, 10, 10, 10, 10, 10, 10, 15, 15, 15, 15, 15, 15, 15, 15, 15, 15, 15, 15, 16, 16, 16, 16, 17, 17, 17, 17, 18, 18, 18, 18, 18, 18, 18, 18, 18, 18, 18, 18, 18, 18, 18, 18, 18, 18, 18, 18, 18, 18, 18], "a_turds_left": [5, 5, 5, 5, 5, 5, 5, 5, 5, 5, 5, 5, 5, 5, 4, 4, 4, 4, 4, 4, 4, 4, 4, 4, 4, 4, 4, 4, 4, 4, 4, 4, 4, 4, 4, 4, 4, 4, 4, 4, 4, 4, 4, 4, 4, 4, 4, 4, 4, 4, 4, 4, 4, 4, 4, 4, 4, 4, 4, 4, 4, 4, 4, 4, 3, 3, 3, 3, 3, 3, 3, 3, 3, 3, 3, 3, 3, 3, 3, 3], "b_turds_left": [5, 5, 5, 5, 5, 5, 5, 5, 5, 5, 5, 5, 5, 5, 5, 4, 4, 4, 4, 4, 4, 4, 4, 4, 4, 4, 4, 4, 4, 4, 4, 4, 4, 4, 4, 4, 4, 4, 4, 4, 4, 4, 4, 4, 4, 4, 4, 4, 4, 4, 4, 4, 4, 4, 4, 4, 4, 4, 4, 4, 4, 3, 3, 3, 3, 2, 2, 2, 2, 1, 1, 1, 1, 1, 1, 1, 1, 1, 1, 0], "a_time_left": [358.8695488329977, 358.8695488329977, 358.4754330830183, 358.4754330830183, 357.9452329160413, 357.9452329160413, 357.5057660409948, 357.5057660409948, 355.54750633199, 355.54750633199, 354.5350400399766, 354.5350400399766, 351.82785487297224, 351.82785487297224, 351.01147228997434, 351.01147228997434, 349.9022038729745, 349.9022038729745, 349.3844809149741, 349.3844809149741, 348.14475208194926, 348.14475208194926, 347.6087651659036, 347.6087651659036, 345.7947257908527, 345.7947257908527, 345.34495029086247, 345.34495029086247, 343.7503553748247, 343.7503553748247, 343.27277170785237, 343.27277170785237, 342.70347441587364, 342.70347441587364, 342.26670824887697, 342.26670824887697, 341.25922312389594, 341.25922312389594, 341.18834737391444, 341.18834737391444, 340.97696208191337, 340.97696208191337, 340.5296092489152, 340.5296092489152, 340.19034991489025, 340.19034991489025, 338.9710264558671, 338.9710264558671, 337.9947322898661, 337.9947322898661, 337.4561914978549, 337.4561914978549, 336.930760956835, 336.930760956835, 336.44177724886686, 336.44177724886686, 336.20415766583756, 336.20415766583756, 335.9482630408602, 335.9482630408602, 335.7720337488572, 335.7720337488572, 335.56814683182165, 335.56814683182165, 335.43654308182886, 335.43654308182886, 335.30143224884523, 335.30143224884523, 335.11537249886896, 335.11537249886896, 334.95388362387894, 334.95388362387894, 334.837335748889, 334.837335748889, 334.7451767488383, 334.7451767488383, 334.5772690818412, 334.5772690818412, 334.55460562283406, 334.55460562283406], "b_time_left": [360, 359.22514258301817, 359.22514258301817, 358.68761591700604, 358.68761591700604, 357.7661627920461, 357.7661627920461, 357.06509816704784, 357.06509816704784, 354.30551033408847, 354.30551033408847, 353.2187603340717, 353.2187603340717, 351.3624701250228, 351.3624701250228, 350.65863233304117, 350.65863233304117, 350.3617023330298, 350.3617023330298, 349.7945301250438, 349.7945301250438, 349.39963691704907, 349.39963691704907, 348.741593792045, 348.741593792045, 347.8858298760606, 347.8858298760606, 347.2793584180763, 347.2793584180763, 346.06691150111146, 346.06691150111146, 345.5464703341131, 345.5464703341131, 345.134203459078, 345.134203459078, 344.4576123341103, 344.4576123341103, 344.1623318340862, 344.1623318340862, 343.94204116711626, 343.94204116711626, 343.4277798330877, 343.4277798330877, 343.0174572080723, 343.0174572080723, 342.47945145802805, 342.47945145802805, 342.00030616601, 342.00030616601, 341.0354656240088, 341.0354656240088, 340.7212814569939, 340.7212814569939, 340.3010728320223, 340.3010728320223, 340.12158995697973, 340.12158995697973, 339.4210231649922, 339.4210231649922, 339.2529486239655, 339.2529486239655, 338.9960275819758, 338.9960275819758, 338.9721742909751, 338.9721742909751, 338.92342391598504, 338.92342391598504, 338.82047633297043, 338.82047633297043, 338.6386818329338, 338.6386818329338, 338.5953839159338, 338.5953839159338, 338.564368540945, 338.564368540945, 338.45894704095554, 338.45894704095554, 338.423395331949, 338.423395331949, 338.4202772069257], "a_moves_left": [39, 39, 38, 38, 37, 37, 36, 36, 35, 35, 34, 34, 33, 33, 32, 32, 31, 31, 30, 30, 29, 29, 28, 28, 27, 27, 26, 26, 25, 25, 24, 24, 23, 23, 22, 22, 21, 21, 20, 20, 19, 19, 18, 18, 17, 17, 16, 16, 15, 15, 14, 14, 13, 13, 12, 12, 11, 11, 10, 10, 9, 9, 8, 8, 7, 7, 6, 6, 5, 5, 4, 4, 3, 3, 2, 2, 1, 1, 0, 0], "b_moves_left": [40, 39, 39, 38, 38, 37, 37, 36, 36, 35, 35, 34, 34, 33, 33, 32, 32, 31, 31, 30, 30, 29, 29, 28, 28, 27, 27, 26, 26, 25, 25, 24, 24, 23, 23, 22, 22, 21, 21, 20, 20, 19, 19, 18, 18, 17, 17, 16, 16, 15, 15, 14, 14, 13, 13, 12, 12, 11, 11, 10, 10, 9, 9, 8, 8, 7, 7, 6, 6, 5, 5, 4, 4, 3, 3, 2, 2, 1, 1, 0], "trapdoor_triggered": [0, 0, 0, 0, 0, 0, 0, 0, 0, 0, 0, 0, 0, 0, 0, 0, 0, 0, 0, 0, 0, 0, 0, 0, 0, 0, 0, 0, 0, 0, 0, 0, 0, 0, 0, 0, 1, 0, 0, 0, 0, 0, 0, 0, 0, 0, 0, 0, 0, 0, 0, 0, 0, 0, 0, 0, 0, 0, 0, 0, 0, 0, 0, 0, 0, 0, 0, 0, 0, 0, 0, 0, 0, 0, 0, 0, 0, 0, 0, 0], "left_behind": ["egg", "egg", "plain", "plain", "egg", "egg", "plain", "plain", "egg", "egg", "plain", "plain", "egg", "egg", "turd", "turd", "egg", "egg", "plain", "plain", "egg", "egg", "plain", "plain", "egg", "egg", "plain", "plain", "egg", "egg", "plain", "plain", "egg", "plain", "plain", "plain", "egg", "egg", "plain", "plain", "plain", "plain", "egg", "plain", "plain", "plain", "egg", "plain", "plain", "egg", "egg", "plain", "plain", "egg", "egg", "plain", "plain", "egg", "egg", "plain", "plain", "turd", "egg", "plain", "turd", "turd", "plain", "plain", "plain", "turd", "egg", "plain", "plain", "plain", "plain", "plain", "plain", "plain", "egg", "turd"], "errlog_a": "", "errlog_b": "", "start_time": 360, "start_moves": 40, "turn_count": 80, "result": 0, "reason": "EGGS_LAID", "trapdoors": [[3, 3], [2, 5]], "spawn_a": [0, 2], "spawn_b": [7, 2]}