{"pos": [[7, 4], [0, 4], [7, 3], [0, 3], [7, 2], [0, 2], [7, 1], [0, 1], [7, 2], [1, 1], [6, 2], [1, 0], [6, 1], [2, 0], [5, 1], [3, 0], [6, 1], [3, 1], [6, 0], [4, 1], [7, 0], [4, 0], [7, 1], [5, 0], [7, 2], [4, 0], [7, 3], [4, 1], [7, 4], [3, 1], [6, 4], [3, 2], [6, 3], [3, 1], [5, 3], [2, 1], [5, 2], [0, 5], [4, 2], [0, 4], [5, 2], [1, 4], [5, 1], [1, 3], [5, 2], [2, 3], [5, 1], [0, 5], [6, 1], [1, 5], [6, 2], [2, 5], [6, 1], [3, 5], [6, 0], [0, 5], [7, 0], [1, 5], [7, 1], [1, 6], [7, 2], [2, 6], [6, 2], [3, 6], [6, 3], [4, 6], [6, 2], [4, 5], [6, 3], [5, 5], [6, 2], [5, 4], [6, 1], [5, 5], [5, 1], [6, 5], [6, 1], [6, 6], [6, 2], [6, 5]], "a_eggs_laid": [1, 1, 1, 1, 2, 2, 2, 2, 3, 3, 3, 3, 4, 4, 4, 4, 5, 5, 5, 5, 6, 6, 6, 6, 6, 6, 6, 6, 6, 6, 6, 6, 7, 7, 7, 7, 8, 8, 12, 12, 13, 13, 13, 13, 13, 13, 13, 13, 17, 17, 17, 17, 17, 17, 17, 17, 21, 21, 21, 21, 21, 21, 21, 21, 21, 21, 21, 21, 21, 21, 21, 21, 21, 21, 21, 21, 21, 21, 21, 21], "b_eggs_laid": [0, 1, 1, 1, 1, 2, 2, 2, 2, 3, 3, 3, 3, 4, 4, 4, 4, 5, 5, 5, 5, 6, 6, 6, 6, 7, 7, 7, 7, 7, 7, 7, 7, 8, 8, 8, 8, 9, 9, 9, 9, 9, 9, 10, 10, 10, 10, 11, 11, 11, 11, 11, 11, 12, 12, 12, 12, 12, 12, 12, 12, 13, 13, 13, 13, 14, 14, 14, 14, 15, 15, 15, 15, 16, 16, 16, 16, 16, 16, 16], "a_turds_left": [5, 5, 5, 5, 5, 5, 5, 5, 5, 5, 5, 5, 5, 5, 5, 5, 5, 5, 5, 5, 5, 5, 5, 5, 5, 5, 5, 5, 5, 5, 5, 5, 5, 5, 5, 5, 5, 5, 5, 5, 5, 5, 5, 5, 5, 5, 5, 5, 5, 5, 5, 5, 5, 5, 5, 5, 5, 5, 5, 5, 5, 5, 5, 5, 5, 5, 5, 5, 5, 5, 5, 5, 5, 5, 5, 5, 5, 5, 5, 5], "b_turds_left": [5, 5, 5, 5, 5, 5, 5, 5, 5, 5, 5, 5, 5, 5, 5, 5, 5, 5, 5, 5, 5, 5, 5, 5, 5, 5, 5, 5, 5, 5, 5, 5, 5, 5, 5, 5, 5, 5, 5, 5, 5, 5, 5, 5, 5, 5, 5, 5, 5, 5, 5, 5, 5, 5, 5, 5, 5, 5, 5, 5, 5, 5, 5, 5, 5, 5, 5, 5, 5, 5, 5, 5, 5, 5, 5, 5, 5, 4, 4, 4], "a_time_left": [357.8030594579759, 357.8030594579759, 356.5410538739525, 356.5410538739525, 353.6074959569378, 353.6074959569378, 352.55328987393295, 352.55328987393295, 350.0654322489281, 350.0654322489281, 348.7186141239363, 348.7186141239363, 329.91954962391173, 329.91954962391173, 322.23200366587844, 322.23200366587844, 314.0280317068682, 314.0280317068682, 310.4662074568914, 310.4662074568914, 307.7487906239112, 307.7487906239112, 307.44891795690637, 307.44891795690637, 306.95457487291424, 306.95457487291424, 306.4854542479152, 306.4854542479152, 305.7998138729017, 305.7998138729017, 301.4300525399158, 301.4300525399158, 290.0292111239396, 290.0292111239396, 287.82561216590693, 287.82561216590693, 276.92020579095697, 276.92020579095697, 275.8512232909561, 275.8512232909561, 272.15471499896375, 272.15471499896375, 267.67993924900657, 267.67993924900657, 266.7730085409712, 266.7730085409712, 263.45453658298356, 263.45453658298356, 262.79913733300054, 262.79913733300054, 260.2932541250484, 260.2932541250484, 257.79197033302626, 257.79197033302626, 255.6889037489891, 255.6889037489891, 255.45002374902833, 255.45002374902833, 254.80661208205856, 254.80661208205856, 253.00434124906315, 253.00434124906315, 251.6762012070394, 251.6762012070394, 250.02855195704615, 250.02855195704615, 248.73406204005005, 248.73406204005005, 247.44382783101173, 247.44382783101173, 246.29082391504198, 246.29082391504198, 245.57566933106864, 245.57566933106864, 244.42756899708183, 244.42756899708183, 243.86422912206035, 243.86422912206035, 243.7956294560572, 243.7956294560572], "b_time_left": [360, 358.34251450002193, 358.34251450002193, 356.49893145804526, 356.49893145804526, 355.0747907910845, 355.0747907910845, 354.026719583082, 354.026719583082, 352.84365629107924, 352.84365629107924, 350.42004104109947, 350.42004104109947, 342.3587919581332, 342.3587919581332, 338.14246799913235, 338.14246799913235, 332.1838578321622, 332.1838578321622, 329.39584316516994, 329.39584316516994, 328.7674367481959, 328.7674367481959, 328.2932089561946, 328.2932089561946, 327.9382496221806, 327.9382496221806, 327.3237372051808, 327.3237372051808, 326.07576420513215, 326.07576420513215, 318.5920188711607, 318.5920188711607, 311.9281388291856, 311.9281388291856, 305.34068720421055, 305.34068720421055, 300.6779337042244, 300.6779337042244, 299.8678192872321, 299.8678192872321, 299.2263992872322, 299.2263992872322, 297.82479695318034, 297.82479695318034, 296.18606728722807, 296.18606728722807, 294.2787946212338, 294.2787946212338, 293.8892179962713, 293.8892179962713, 291.2505339963245, 291.2505339963245, 288.51081991335377, 288.51081991335377, 287.58822828833945, 287.58822828833945, 287.3970872053178, 287.3970872053178, 286.3449398713419, 286.3449398713419, 284.5226940383436, 284.5226940383436, 282.0261634972994, 282.0261634972994, 279.7374990802491, 279.7374990802491, 278.373951788235, 278.373951788235, 274.826456829207, 274.826456829207, 273.89044391317293, 273.89044391317293, 272.9782679961645, 272.9782679961645, 272.27687907911604, 272.27687907911604, 272.1258985371096, 272.1258985371096, 272.11296241212403], "a_moves_left": [39, 39, 38, 38, 37, 37, 36, 36, 35, 35, 34, 34, 33, 33, 32, 32, 31, 31, 30, 30, 29, 29, 28, 28, 27, 27, 26, 26, 25, 25, 24, 24, 23, 23, 22, 22, 21, 21, 20, 20, 19, 19, 18, 18, 17, 17, 16, 16, 15, 15, 14, 14, 13, 13, 12, 12, 11, 11, 10, 10, 9, 9, 8, 8, 7, 7, 6, 6, 5, 5, 4, 4, 3, 3, 2, 2, 1, 1, 0, 0], "b_moves_left": [40, 39, 39, 38, 38, 37, 37, 36, 36, 35, 35, 34, 34, 33, 33, 32, 32, 31, 31, 30, 30, 29, 29, 28, 28, 27, 27, 26, 26, 25, 25, 24, 24, 23, 23, 22, 22, 21, 21, 20, 20, 19, 19, 18, 18, 17, 17, 16, 16, 15, 15, 14, 14, 13, 13, 12, 12, 11, 11, 10, 10, 9, 9, 8, 8, 7, 7, 6, 6, 5, 5, 4, 4, 3, 3, 2, 2, 1, 1, 0], "trapdoor_triggered": [0, 0, 0, 0, 0, 0, 0, 0, 0, 0, 0, 0, 0, 0, 0, 0, 0, 0, 0, 0, 0, 0, 0, 0, 0, 0, 0, 0, 0, 0, 0, 0, 0, 0, 0, 0, 0, 1, 0, 0, 0, 0, 0, 0, 0, 0, 0, 1, 0, 0, 0, 0, 0, 0, 0, 1, 0, 0, 0, 0, 0, 0, 0, 0, 0, 0, 0, 0, 0, 0, 0, 0, 0, 0, 0, 0, 0, 0, 0, 0], "left_behind": ["egg", "egg", "plain", "plain", "egg", "egg", "plain", "plain", "egg", "egg", "plain", "plain", "egg", "egg", "plain", "plain", "egg", "egg", "plain", "plain", "egg", "egg", "plain", "plain", "plain", "egg", "plain", "plain", "plain", "plain", "plain", "plain", "egg", "egg", "plain", "plain", "egg", "egg", "plain", "plain", "egg", "plain", "plain", "egg", "plain", "plain", "plain", "egg", "plain", "plain", "plain", "plain", "plain", "egg", "plain", "plain", "plain", "plain", "plain", "plain", "plain", "egg", "plain", "plain", "plain", "egg", "plain", "plain", "plain", "egg", "plain", "plain", "plain", "egg", "plain", "plain", "plain", "turd", "plain", "plain"], "errlog_a": "", "errlog_b": "", "start_time": 360, "start_moves": 40, "turn_count": 80, "result": 0, "reason": "EGGS_LAID", "trapdoors": [[2, 2], [3, 4]], "spawn_a": [7, 5], "spawn_b": [0, 5]}