{"pos": [[7, 4], [0, 4], [7, 3], [0, 3], [7, 2], [0, 2], [7, 1], [0, 1], [6, 1], [1, 1], [6, 2], [1, 0], [6, 1], [2, 0], [5, 1], [3, 0], [6, 1], [3, 1], [6, 0], [4, 1], [7, 0], [4, 0], [7, 1], [5, 0], [7, 2], [4, 0], [7, 3], [4, 1], [7, 4], [3, 1], [6, 4], [3, 2], [6, 5], [3, 1], [6, 6], [2, 1], [5, 6], [2, 2], [4, 6], [0, 5], [4, 5], [0, 4], [3, 5], [1, 4], [4, 5], [1, 3], [4, 4], [1, 2], [5, 4], [1, 1], [5, 3], [1, 0], [5, 4], [2, 0], [5, 5], [3, 0], [5, 6], [3, 1], [5, 7], [3, 0], [4, 7], [3, 1], [3, 7], [3, 0], [3, 6], [3, 1], [2, 6], [3, 0], [2, 7], [3, 1], [1, 7], [3, 0], [1, 6], [3, 1], [1, 5], [3, 2], [1, 6], [3, 1], [0, 6], [3, 0]], "a_eggs_laid": [1, 1, 1, 1, 2, 2, 2, 2, 3, 3, 3, 3, 4, 4, 4, 4, 5, 5, 5, 5, 6, 6, 6, 6, 6, 6, 6, 6, 6, 6, 6, 6, 7, 7, 7, 7, 8, 8, 8, 8, 13, 13, 13, 13, 14, 14, 14, 14, 15, 15, 15, 15, 16, 16, 16, 16, 17, 17, 17, 17, 18, 18, 18, 18, 19, 19, 19, 19, 20, 20, 20, 20, 21, 21, 21, 21, 22, 22, 22, 22], "b_eggs_laid": [0, 1, 1, 1, 1, 2, 2, 2, 2, 3, 3, 3, 3, 4, 4, 4, 4, 5, 5, 5, 5, 6, 6, 6, 6, 7, 7, 7, 7, 7, 7, 7, 7, 8, 8, 8, 8, 9, 9, 9, 9, 9, 9, 9, 9, 10, 10, 10, 10, 11, 11, 11, 11, 11, 11, 11, 11, 11, 11, 11, 11, 11, 11, 11, 11, 11, 11, 11, 11, 11, 11, 11, 11, 11, 11, 11, 11, 11, 11, 11], "a_turds_left": [5, 5, 5, 5, 5, 5, 5, 5, 5, 5, 5, 5, 5, 5, 5, 5, 5, 5, 5, 5, 5, 5, 5, 5, 5, 5, 5, 5, 5, 5, 5, 5, 5, 5, 5, 5, 5, 5, 5, 5, 5, 5, 5, 5, 5, 5, 5, 5, 5, 5, 5, 5, 5, 5, 5, 5, 5, 5, 5, 5, 5, 5, 5, 5, 5, 5, 5, 5, 5, 5, 5, 5, 5, 5, 5, 5, 5, 5, 5, 5], "b_turds_left": [5, 5, 5, 5, 5, 5, 5, 5, 5, 5, 5, 5, 5, 5, 5, 5, 5, 5, 5, 5, 5, 5, 5, 5, 5, 5, 5, 5, 5, 5, 5, 5, 5, 5, 5, 5, 5, 5, 5, 5, 5, 5, 5, 5, 5, 5, 5, 5, 5, 5, 5, 5, 5, 5, 5, 5, 5, 5, 5, 5, 5, 5, 5, 5, 5, 5, 5, 5, 5, 5, 5, 5, 5, 5, 5, 5, 5, 5, 5, 4], "a_time_left": [358.68358883296605, 358.68358883296605, 358.10923220799305, 358.10923220799305, 356.6086124169524, 356.6086124169524, 355.98837829194963, 355.98837829194963, 354.45695320895175, 354.45695320895175, 353.3882705839351, 353.3882705839351, 351.5129405009211, 351.5129405009211, 350.73677508492256, 350.73677508492256, 349.3371008769027, 349.3371008769027, 348.5823038769304, 348.5823038769304, 347.6858952929033, 347.6858952929033, 347.57481566787465, 347.57481566787465, 347.39133391785435, 347.39133391785435, 347.22561187582323, 347.22561187582323, 346.98758345883107, 346.98758345883107, 346.36106220883084, 346.36106220883084, 343.8676264168462, 343.8676264168462, 343.1545720418799, 343.1545720418799, 340.66297483391827, 340.66297483391827, 339.89834308391437, 339.89834308391437, 339.28224795893766, 339.28224795893766, 338.70785091794096, 338.70785091794096, 336.6669060429558, 336.6669060429558, 335.9765533769969, 335.9765533769969, 334.2287467100541, 334.2287467100541, 333.929434210062, 333.929434210062, 333.60362862609327, 333.60362862609327, 333.4202130010817, 333.4202130010817, 332.72633466805564, 332.72633466805564, 332.4455677930382, 332.4455677930382, 332.0798789590481, 332.0798789590481, 331.88392162602395, 331.88392162602395, 331.59717987605836, 331.59717987605836, 331.29930958506884, 331.29930958506884, 330.74410533503396, 330.74410533503396, 330.5573430020013, 330.5573430020013, 330.20834712701617, 330.20834712701617, 329.93332912697224, 329.93332912697224, 329.27016266895225, 329.27016266895225, 329.22543062694604, 329.22543062694604], "b_time_left": [360, 359.1201205420075, 359.1201205420075, 358.47814766701777, 358.47814766701777, 357.6168566670385, 357.6168566670385, 356.9875365420594, 356.9875365420594, 355.6830377500737, 355.6830377500737, 354.4427335000946, 354.4427335000946, 353.2821455420926, 353.2821455420926, 352.38759837509133, 352.38759837509133, 351.69352712505497, 351.69352712505497, 350.85639150009956, 350.85639150009956, 350.64980758412275, 350.64980758412275, 350.4785682091024, 350.4785682091024, 350.37303600111045, 350.37303600111045, 350.1688180011115, 350.1688180011115, 349.79777325113537, 349.79777325113537, 348.5867091261316, 348.5867091261316, 346.4269538341323, 346.4269538341323, 345.5983053341042, 345.5983053341042, 343.4565370010678, 343.4565370010678, 342.66932120907586, 342.66932120907586, 342.3113799591083, 342.3113799591083, 341.6304706670926, 341.6304706670926, 340.3923884170945, 340.3923884170945, 339.5419656250742, 339.5419656250742, 338.4505601670826, 338.4505601670826, 337.5726537921, 337.5726537921, 337.3734809590969, 337.3734809590969, 336.7165125841275, 336.7165125841275, 336.4998538761283, 336.4998538761283, 335.9260263351607, 335.9260263351607, 335.7568468351383, 335.7568468351383, 335.26324150216533, 335.26324150216533, 335.06437587714754, 335.06437587714754, 334.35350350214867, 334.35350350214867, 334.20959633617895, 334.20959633617895, 333.75947796116816, 333.75947796116816, 333.63166379515314, 333.63166379515314, 333.28375608619535, 333.28375608619535, 333.2382294611889, 333.2382294611889, 333.23244858620455], "a_moves_left": [39, 39, 38, 38, 37, 37, 36, 36, 35, 35, 34, 34, 33, 33, 32, 32, 31, 31, 30, 30, 29, 29, 28, 28, 27, 27, 26, 26, 25, 25, 24, 24, 23, 23, 22, 22, 21, 21, 20, 20, 19, 19, 18, 18, 17, 17, 16, 16, 15, 15, 14, 14, 13, 13, 12, 12, 11, 11, 10, 10, 9, 9, 8, 8, 7, 7, 6, 6, 5, 5, 4, 4, 3, 3, 2, 2, 1, 1, 0, 0], "b_moves_left": [40, 39, 39, 38, 38, 37, 37, 36, 36, 35, 35, 34, 34, 33, 33, 32, 32, 31, 31, 30, 30, 29, 29, 28, 28, 27, 27, 26, 26, 25, 25, 24, 24, 23, 23, 22, 22, 21, 21, 20, 20, 19, 19, 18, 18, 17, 17, 16, 16, 15, 15, 14, 14, 13, 13, 12, 12, 11, 11, 10, 10, 9, 9, 8, 8, 7, 7, 6, 6, 5, 5, 4, 4, 3, 3, 2, 2, 1, 1, 0], "trapdoor_triggered": [0, 0, 0, 0, 0, 0, 0, 0, 0, 0, 0, 0, 0, 0, 0, 0, 0, 0, 0, 0, 0, 0, 0, 0, 0, 0, 0, 0, 0, 0, 0, 0, 0, 0, 0, 0, 0, 0, 0, 1, 0, 0, 0, 0, 0, 0, 0, 0, 0, 0, 0, 0, 0, 0, 0, 0, 0, 0, 0, 0, 0, 0, 0, 0, 0, 0, 0, 0, 0, 0, 0, 0, 0, 0, 0, 0, 0, 0, 0, 0], "left_behind": ["egg", "egg", "plain", "plain", "egg", "egg", "plain", "plain", "egg", "egg", "plain", "plain", "egg", "egg", "plain", "plain", "egg", "egg", "plain", "plain", "egg", "egg", "plain", "plain", "plain", "egg", "plain", "plain", "plain", "plain", "plain", "plain", "egg", "egg", "plain", "plain", "egg", "egg", "plain", "plain", "egg", "plain", "plain", "plain", "egg", "egg", "plain", "plain", "egg", "egg", "plain", "plain", "egg", "plain", "plain", "plain", "egg", "plain", "plain", "plain", "egg", "plain", "plain", "plain", "egg", "plain", "plain", "plain", "egg", "plain", "plain", "plain", "egg", "plain", "plain", "plain", "egg", "plain", "plain", "turd"], "errlog_a": "", "errlog_b": "", "start_time": 360, "start_moves": 40, "turn_count": 80, "result": 0, "reason": "EGGS_LAID", "trapdoors": [[3, 3], [2, 3]], "spawn_a": [7, 5], "spawn_b": [0, 5]}