{"pos": [[7, 2], [1, 1], [7, 3], [1, 0], [7, 2], [2, 0], [6, 2], [3, 0], [6, 3], [4, 0], [6, 4], [5, 0], [6, 5], [5, 1], [7, 5], [6, 1], [7, 6], [5, 1], [7, 7], [5, 2], [7, 6], [5, 1], [6, 6], [4, 1], [5, 6], [3, 1], [5, 5], [3, 2], [5, 6], [3, 1], [4, 6], [2, 1], [3, 6], [2, 2], [3, 5], [2, 3], [3, 6], [2, 4], [3, 7], [2, 5], [4, 7], [2, 4], [5, 7], [3, 4], [5, 6], [3, 3], [5, 5], [4, 3], [6, 5], [4, 4], [6, 4], [0, 1], [6, 3], [1, 1], [5, 3], [1, 2], [7, 1], [1, 3], [7, 0], [1, 4], [6, 0], [1, 5], [7, 0], [1, 6], [7, 1], [1, 5], [7, 0], [0, 5], [7, 1], [0, 4], [7, 0], [0, 3], [7, 1], [0, 2], [7, 0], [0, 1], [7, 1], [0, 0], [7, 2], [1, 0]], "a_eggs_laid": [1, 1, 1, 1, 2, 2, 2, 2, 3, 3, 3, 3, 4, 4, 4, 4, 5, 5, 5, 5, 8, 8, 8, 8, 9, 9, 9, 9, 10, 10, 10, 10, 11, 11, 11, 11, 12, 12, 12, 12, 13, 13, 13, 13, 14, 14, 14, 14, 14, 14, 14, 14, 18, 18, 18, 18, 19, 19, 19, 19, 19, 19, 19, 19, 19, 19, 19, 19, 19, 19, 19, 19, 19, 19, 19, 19, 19, 19, 19, 19], "b_eggs_laid": [0, 1, 1, 1, 1, 2, 2, 2, 2, 3, 3, 3, 3, 4, 4, 4, 4, 5, 5, 5, 5, 6, 6, 6, 6, 7, 7, 7, 7, 8, 8, 8, 8, 9, 9, 9, 9, 10, 10, 10, 10, 11, 11, 11, 11, 12, 12, 12, 12, 13, 13, 13, 13, 13, 13, 13, 13, 18, 18, 18, 18, 19, 19, 19, 19, 20, 20, 20, 20, 21, 21, 21, 21, 22, 22, 22, 22, 22, 22, 22], "a_turds_left": [5, 5, 5, 5, 5, 5, 5, 5, 5, 5, 5, 5, 5, 5, 5, 5, 5, 5, 5, 5, 5, 5, 5, 5, 5, 5, 5, 5, 5, 5, 5, 5, 5, 5, 5, 5, 5, 5, 5, 5, 5, 5, 5, 5, 5, 5, 5, 5, 5, 5, 5, 5, 5, 5, 5, 5, 5, 5, 5, 5, 5, 5, 5, 5, 5, 5, 5, 5, 5, 5, 5, 5, 5, 5, 5, 5, 5, 5, 5, 5], "b_turds_left": [5, 5, 5, 5, 5, 5, 5, 5, 5, 5, 5, 5, 5, 5, 5, 5, 5, 5, 5, 5, 5, 5, 5, 5, 5, 5, 5, 5, 5, 5, 5, 5, 5, 5, 5, 5, 5, 5, 5, 5, 5, 5, 5, 5, 5, 5, 5, 5, 5, 5, 5, 5, 5, 5, 5, 5, 5, 5, 5, 5, 5, 5, 5, 5, 5, 5, 5, 5, 5, 5, 5, 5, 5, 5, 5, 5, 5, 5, 5, 4], "a_time_left": [358.4273712080321, 358.4273712080321, 357.07669179100776, 357.07669179100776, 355.6246632490074, 355.6246632490074, 354.7924487909768, 354.7924487909768, 352.333537582017, 352.333537582017, 351.0615462070564, 351.0615462070564, 348.32671183202183, 348.32671183202183, 346.7893309990177, 346.7893309990177, 345.31251466600224, 345.31251466600224, 344.5974274990149, 344.5974274990149, 343.5382944990415, 343.5382944990415, 342.96993874904, 342.96993874904, 339.42490212403936, 339.42490212403936, 338.2987350820331, 338.2987350820331, 334.695581290056, 334.695581290056, 333.8168436240521, 333.8168436240521, 329.8408665820025, 329.8408665820025, 328.7835222069989, 328.7835222069989, 325.53917733201524, 325.53917733201524, 324.5473512900062, 324.5473512900062, 323.3520410400233, 323.3520410400233, 322.6888677070383, 322.6888677070383, 321.4272423730581, 321.4272423730581, 320.7902196640498, 320.7902196640498, 319.8862413310562, 319.8862413310562, 319.4656669150572, 319.4656669150572, 319.21826270606834, 319.21826270606834, 318.5823525390588, 318.5823525390588, 316.9461617470952, 316.9461617470952, 316.7070144970785, 316.7070144970785, 316.2877917060978, 316.2877917060978, 316.02954233105993, 316.02954233105993, 315.664061164076, 315.664061164076, 315.5074948720867, 315.5074948720867, 315.2405019971193, 315.2405019971193, 315.14360595616745, 315.14360595616745, 314.9310936641996, 314.9310936641996, 314.8804121642024, 314.8804121642024, 314.81994803919224, 314.81994803919224, 314.8151475391933, 314.8151475391933], "b_time_left": [360, 358.5618199169985, 358.5618199169985, 357.41419150098227, 357.41419150098227, 356.34256595902843, 356.34256595902843, 355.2882273760042, 355.2882273760042, 353.5361934599932, 353.5361934599932, 352.390330085007, 352.390330085007, 350.1975037520169, 350.1975037520169, 349.2223400020739, 349.2223400020739, 348.6102372520836, 348.6102372520836, 348.03372300206684, 348.03372300206684, 347.0275225850637, 347.0275225850637, 346.08987346006325, 346.08987346006325, 343.71358133509057, 343.71358133509057, 342.48292246012716, 342.48292246012716, 340.6357858351548, 340.6357858351548, 339.60588441812433, 339.60588441812433, 337.39968762610806, 337.39968762610806, 336.16862100112485, 336.16862100112485, 334.23819158412516, 334.23819158412516, 333.44362612609984, 333.44362612609984, 332.9010860011331, 332.9010860011331, 332.37208241713233, 332.37208241713233, 331.2462405421538, 331.2462405421538, 330.7601868341444, 330.7601868341444, 330.0084221671568, 330.0084221671568, 329.71412937517744, 329.71412937517744, 329.3842327501625, 329.3842327501625, 328.7027846671408, 328.7027846671408, 328.3273692091461, 328.3273692091461, 328.2083709591534, 328.2083709591534, 327.9681540421443, 327.9681540421443, 327.85191295814, 327.85191295814, 327.50875887513394, 327.50875887513394, 327.409578250139, 327.409578250139, 327.19819654215826, 327.19819654215826, 327.1148068331531, 327.1148068331531, 326.8751907501719, 326.8751907501719, 326.8044480001554, 326.8044480001554, 326.7923941661138, 326.7923941661138, 326.7894636661513], "a_moves_left": [39, 39, 38, 38, 37, 37, 36, 36, 35, 35, 34, 34, 33, 33, 32, 32, 31, 31, 30, 30, 29, 29, 28, 28, 27, 27, 26, 26, 25, 25, 24, 24, 23, 23, 22, 22, 21, 21, 20, 20, 19, 19, 18, 18, 17, 17, 16, 16, 15, 15, 14, 14, 13, 13, 12, 12, 11, 11, 10, 10, 9, 9, 8, 8, 7, 7, 6, 6, 5, 5, 4, 4, 3, 3, 2, 2, 1, 1, 0, 0], "b_moves_left": [40, 39, 39, 38, 38, 37, 37, 36, 36, 35, 35, 34, 34, 33, 33, 32, 32, 31, 31, 30, 30, 29, 29, 28, 28, 27, 27, 26, 26, 25, 25, 24, 24, 23, 23, 22, 22, 21, 21, 20, 20, 19, 19, 18, 18, 17, 17, 16, 16, 15, 15, 14, 14, 13, 13, 12, 12, 11, 11, 10, 10, 9, 9, 8, 8, 7, 7, 6, 6, 5, 5, 4, 4, 3, 3, 2, 2, 1, 1, 0], "trapdoor_triggered": [0, 0, 0, 0, 0, 0, 0, 0, 0, 0, 0, 0, 0, 0, 0, 0, 0, 0, 0, 0, 0, 0, 0, 0, 0, 0, 0, 0, 0, 0, 0, 0, 0, 0, 0, 0, 0, 0, 0, 0, 0, 0, 0, 0, 0, 0, 0, 0, 0, 0, 0, 1, 0, 0, 0, 0, 1, 0, 0, 0, 0, 0, 0, 0, 0, 0, 0, 0, 0, 0, 0, 0, 0, 0, 0, 0, 0, 0, 0, 0], "left_behind": ["egg", "egg", "plain", "plain", "egg", "egg", "plain", "plain", "egg", "egg", "plain", "plain", "egg", "egg", "plain", "plain", "egg", "egg", "plain", "plain", "egg", "egg", "plain", "plain", "egg", "egg", "plain", "plain", "egg", "egg", "plain", "plain", "egg", "egg", "plain", "plain", "egg", "egg", "plain", "plain", "egg", "egg", "plain", "plain", "egg", "egg", "plain", "plain", "plain", "egg", "plain", "plain", "plain", "plain", "plain", "plain", "egg", "egg", "plain", "plain", "plain", "egg", "plain", "plain", "plain", "egg", "plain", "plain", "plain", "egg", "plain", "plain", "plain", "egg", "plain", "plain", "plain", "plain", "plain", "turd"], "errlog_a": "", "errlog_b": "", "start_time": 360, "start_moves": 40, "turn_count": 80, "result": 1, "reason": "EGGS_LAID", "trapdoors": [[4, 2], [5, 4]], "spawn_a": [7, 1], "spawn_b": [0, 1]}