{"pos": [[0, 1], [7, 1], [0, 0], [7, 0], [1, 0], [7, 1], [2, 0], [6, 1], [2, 1], [5, 1], [2, 2], [5, 2], [2, 3], [4, 2], [2, 4], [3, 2], [2, 5], [3, 1], [2, 6], [2, 1], [3, 6], [3, 1], [4, 6], [3, 0], [5, 6], [4, 0], [6, 6], [5, 0], [6, 5], [6, 0], [6, 4], [7, 0], [7, 4], [7, 1], [7, 5], [7, 2], [7, 6], [7, 3], [7, 7], [6, 3], [6, 7], [6, 2], [5, 7], [6, 1], [4, 7], [6, 0], [3, 7], [6, 1], [3, 6], [6, 0], [3, 5], [7, 0], [2, 5], [6, 0], [1, 5], [7, 0], [1, 4], [6, 0], [1, 3], [7, 0], [1, 2], [6, 0], [1, 1], [6, 1], [1, 2], [6, 0], [2, 2], [6, 1], [2, 3], [6, 0], [3, 3], [7, 0], [3, 4], [7, 1], [4, 4], [7, 0], [0, 2], [7, 1], [1, 2], [7, 0]], "a_eggs_laid": [1, 1, 1, 1, 4, 4, 4, 4, 5, 5, 5, 5, 6, 6, 6, 6, 7, 7, 7, 7, 8, 8, 8, 8, 9, 9, 9, 9, 10, 10, 10, 10, 11, 11, 11, 11, 12, 12, 12, 12, 15, 15, 15, 15, 16, 16, 16, 16, 17, 17, 17, 17, 18, 18, 18, 18, 19, 19, 19, 19, 20, 20, 20, 20, 21, 21, 21, 21, 21, 21, 21, 21, 22, 22, 22, 22, 23, 23, 23, 23], "b_eggs_laid": [0, 1, 1, 1, 1, 4, 4, 4, 4, 5, 5, 5, 5, 6, 6, 6, 6, 7, 7, 7, 7, 8, 8, 8, 8, 9, 9, 9, 9, 10, 10, 10, 10, 10, 10, 10, 10, 10, 10, 10, 10, 11, 11, 11, 11, 11, 11, 11, 11, 11, 11, 11, 11, 11, 11, 11, 11, 11, 11, 11, 11, 11, 11, 11, 11, 11, 11, 11, 11, 11, 11, 11, 11, 11, 11, 11, 11, 15, 15, 15], "a_turds_left": [5, 5, 5, 5, 5, 5, 5, 5, 5, 5, 5, 5, 5, 5, 5, 5, 5, 5, 5, 5, 5, 5, 5, 5, 5, 5, 5, 5, 5, 5, 5, 5, 5, 5, 5, 5, 5, 5, 5, 5, 5, 5, 5, 5, 5, 5, 5, 5, 5, 5, 5, 5, 5, 5, 5, 5, 5, 5, 5, 5, 5, 5, 5, 5, 5, 5, 5, 5, 5, 5, 5, 5, 5, 5, 5, 5, 5, 5, 5, 5], "b_turds_left": [5, 5, 5, 5, 5, 5, 5, 5, 5, 5, 5, 5, 5, 5, 5, 4, 4, 4, 4, 4, 4, 4, 4, 4, 4, 4, 4, 4, 4, 4, 4, 4, 4, 4, 4, 4, 4, 4, 4, 4, 4, 4, 4, 4, 4, 4, 4, 4, 4, 4, 4, 4, 4, 4, 4, 4, 4, 4, 4, 4, 4, 4, 4, 4, 4, 4, 4, 4, 4, 4, 4, 4, 4, 4, 4, 4, 4, 4, 4, 3], "a_time_left": [358.9451513750246, 358.9451513750246, 358.58822641702136, 358.58822641702136, 358.1022790000425, 358.1022790000425, 357.6906345830648, 357.6906345830648, 355.76932537404355, 355.76932537404355, 354.6715510820504, 354.6715510820504, 351.7498966230196, 351.7498966230196, 350.660812540038, 350.660812540038, 348.670834707038, 348.670834707038, 347.87201370706316, 347.87201370706316, 346.3195258741034, 346.3195258741034, 345.56855829106644, 345.56855829106644, 344.6945700410288, 344.6945700410288, 344.33411704102764, 344.33411704102764, 342.8811732910108, 342.8811732910108, 342.712774124986, 342.712774124986, 342.40661724994425, 342.40661724994425, 342.2402780839475, 342.2402780839475, 341.7851281259791, 341.7851281259791, 341.5033460429986, 341.5033460429986, 340.5830594180152, 340.5830594180152, 340.40266912599327, 340.40266912599327, 339.91582725098124, 339.91582725098124, 339.7988760849694, 339.7988760849694, 339.45242170995334, 339.45242170995334, 339.2502017939696, 339.2502017939696, 339.01455845998134, 339.01455845998134, 338.81470729294233, 338.81470729294233, 338.59282500093104, 338.59282500093104, 338.4279866259312, 338.4279866259312, 338.19082516798517, 338.19082516798517, 338.06635758501943, 338.06635758501943, 337.45159850100754, 337.45159850100754, 337.3404048340162, 337.3404048340162, 337.15676425001584, 337.15676425001584, 336.9847880830057, 336.9847880830057, 336.7924167079618, 336.7924167079618, 336.59669312497135, 336.59669312497135, 336.3222104999586, 336.3222104999586, 336.3103807909647, 336.3103807909647], "b_time_left": [360, 359.44926770799793, 359.44926770799793, 359.0380273750052, 359.0380273750052, 358.37720375001663, 358.37720375001663, 357.81120649998775, 357.81120649998775, 356.0516060409718, 356.0516060409718, 355.2076541240094, 355.2076541240094, 353.80248962400947, 353.80248962400947, 353.0448216240038, 353.0448216240038, 352.25510062399553, 352.25510062399553, 351.57643091503996, 351.57643091503996, 351.0931600400363, 351.0931600400363, 350.44346370600397, 350.44346370600397, 349.96262374700746, 349.96262374700746, 349.18522920500254, 349.18522920500254, 348.07684195495676, 348.07684195495676, 347.5175217469223, 347.5175217469223, 347.3049842889304, 347.3049842889304, 346.799077413918, 346.799077413918, 346.602405829879, 346.602405829879, 346.2950043719029, 346.2950043719029, 345.7591271639103, 345.7591271639103, 345.2571316639078, 345.2571316639078, 345.0758698719437, 345.0758698719437, 344.70022566395346, 344.70022566395346, 344.44394495594315, 344.44394495594315, 344.01348328898894, 344.01348328898894, 343.91451266402146, 343.91451266402146, 343.53599049698096, 343.53599049698096, 343.4067413309822, 343.4067413309822, 343.0541138310218, 343.0541138310218, 342.96213270601584, 342.96213270601584, 342.6300648730248, 342.6300648730248, 342.5464794560685, 342.5464794560685, 342.46189208107535, 342.46189208107535, 342.3306613310706, 342.3306613310706, 342.17077749810414, 342.17077749810414, 342.12635549809784, 342.12635549809784, 341.9204442061018, 341.9204442061018, 341.91058441408677, 341.91058441408677, 341.9070543301059], "a_moves_left": [39, 39, 38, 38, 37, 37, 36, 36, 35, 35, 34, 34, 33, 33, 32, 32, 31, 31, 30, 30, 29, 29, 28, 28, 27, 27, 26, 26, 25, 25, 24, 24, 23, 23, 22, 22, 21, 21, 20, 20, 19, 19, 18, 18, 17, 17, 16, 16, 15, 15, 14, 14, 13, 13, 12, 12, 11, 11, 10, 10, 9, 9, 8, 8, 7, 7, 6, 6, 5, 5, 4, 4, 3, 3, 2, 2, 1, 1, 0, 0], "b_moves_left": [40, 39, 39, 38, 38, 37, 37, 36, 36, 35, 35, 34, 34, 33, 33, 32, 32, 31, 31, 30, 30, 29, 29, 28, 28, 27, 27, 26, 26, 25, 25, 24, 24, 23, 23, 22, 22, 21, 21, 20, 20, 19, 19, 18, 18, 17, 17, 16, 16, 15, 15, 14, 14, 13, 13, 12, 12, 11, 11, 10, 10, 9, 9, 8, 8, 7, 7, 6, 6, 5, 5, 4, 4, 3, 3, 2, 2, 1, 1, 0], "trapdoor_triggered": [0, 0, 0, 0, 0, 0, 0, 0, 0, 0, 0, 0, 0, 0, 0, 0, 0, 0, 0, 0, 0, 0, 0, 0, 0, 0, 0, 0, 0, 0, 0, 0, 0, 0, 0, 0, 0, 0, 0, 0, 0, 0, 0, 0, 0, 0, 0, 0, 0, 0, 0, 0, 0, 0, 0, 0, 0, 0, 0, 0, 0, 0, 0, 0, 0, 0, 0, 0, 0, 0, 0, 0, 0, 0, 0, 0, 1, 0, 0, 0], "left_behind": ["egg", "egg", "plain", "plain", "egg", "egg", "plain", "plain", "egg", "egg", "plain", "plain", "egg", "egg", "plain", "turd", "egg", "egg", "plain", "plain", "egg", "egg", "plain", "plain", "egg", "egg", "plain", "plain", "egg", "egg", "plain", "plain", "egg", "plain", "plain", "plain", "egg", "plain", "plain", "plain", "egg", "egg", "plain", "plain", "egg", "plain", "plain", "plain", "egg", "plain", "plain", "plain", "egg", "plain", "plain", "plain", "egg", "plain", "plain", "plain", "egg", "plain", "plain", "plain", "egg", "plain", "plain", "plain", "plain", "plain", "plain", "plain", "egg", "plain", "plain", "plain", "egg", "plain", "plain", "turd"], "errlog_a": "", "errlog_b": "", "start_time": 360, "start_moves": 40, "turn_count": 80, "result": 0, "reason": "EGGS_LAID", "trapdoors": [[5, 5], [4, 5]], "spawn_a": [0, 2], "spawn_b": [7, 2]}