{"pos": [[0, 3], [7, 3], [0, 2], [7, 2], [0, 1], [7, 1], [0, 0], [7, 0], [1, 0], [7, 1], [2, 0], [6, 1], [2, 1], [6, 2], [2, 2], [5, 2], [2, 3], [4, 2], [2, 4], [3, 2], [2, 5], [3, 3], [2, 6], [2, 3], [3, 6], [1, 3], [3, 7], [1, 4], [3, 6], [1, 3], [4, 6], [1, 2], [5, 6], [1, 1], [5, 5], [2, 1], [6, 5], [3, 1], [6, 4], [4, 1], [6, 5], [4, 0], [7, 5], [5, 0], [7, 6], [4, 0], [7, 7], [5, 0], [7, 6], [4, 0], [6, 6], [3, 0], [6, 7], [4, 0], [5, 7], [4, 1], [5, 6], [5, 1], [4, 6], [6, 1], [4, 5], [6, 2], [3, 5], [6, 3], [2, 5], [6, 2], [1, 5], [6, 3], [1, 6], [5, 3], [1, 7], [4, 3], [0, 7], [5, 3], [0, 6], [5, 2], [1, 6], [5, 1], [2, 6], [5, 0]], "a_eggs_laid": [1, 1, 1, 1, 2, 2, 2, 2, 5, 5, 5, 5, 6, 6, 6, 6, 7, 7, 7, 7, 8, 8, 8, 8, 9, 9, 9, 9, 10, 10, 10, 10, 11, 11, 11, 11, 12, 12, 12, 12, 13, 13, 13, 13, 14, 14, 14, 14, 17, 17, 17, 17, 18, 18, 18, 18, 19, 19, 19, 19, 19, 19, 19, 19, 20, 20, 20, 20, 21, 21, 21, 21, 22, 22, 22, 22, 23, 23, 23, 23], "b_eggs_laid": [0, 1, 1, 1, 1, 2, 2, 2, 2, 5, 5, 5, 5, 6, 6, 6, 6, 7, 7, 7, 7, 8, 8, 8, 8, 9, 9, 9, 9, 10, 10, 10, 10, 11, 11, 11, 11, 12, 12, 12, 12, 13, 13, 13, 13, 14, 14, 14, 14, 14, 14, 14, 14, 15, 15, 15, 15, 15, 15, 15, 15, 15, 15, 15, 15, 16, 16, 16, 16, 16, 16, 16, 16, 17, 17, 17, 17, 17, 17, 17], "a_turds_left": [5, 5, 5, 5, 5, 5, 5, 5, 5, 5, 5, 5, 5, 5, 5, 5, 5, 5, 5, 5, 5, 5, 5, 5, 5, 5, 5, 5, 5, 5, 5, 5, 5, 5, 5, 5, 5, 5, 5, 5, 5, 5, 5, 5, 5, 5, 5, 5, 5, 5, 5, 5, 5, 5, 5, 5, 5, 5, 5, 5, 5, 5, 5, 5, 5, 5, 5, 5, 5, 5, 5, 5, 5, 5, 5, 5, 5, 5, 5, 5], "b_turds_left": [5, 5, 5, 5, 5, 5, 5, 5, 5, 5, 5, 5, 5, 5, 5, 5, 5, 5, 5, 4, 4, 4, 4, 3, 3, 3, 3, 3, 3, 3, 3, 3, 3, 3, 3, 3, 3, 3, 3, 3, 3, 3, 3, 3, 3, 3, 3, 3, 3, 3, 3, 3, 3, 3, 3, 3, 3, 3, 3, 3, 3, 3, 3, 3, 3, 3, 3, 3, 3, 3, 3, 3, 3, 3, 3, 3, 3, 3, 3, 2], "a_time_left": [358.9571828750195, 358.9571828750195, 358.4610117499833, 358.4610117499833, 357.3471805409645, 357.3471805409645, 356.9801437909482, 356.9801437909482, 356.472397040925, 356.472397040925, 356.0463658749359, 356.0463658749359, 354.1280022919527, 354.1280022919527, 353.09570904198335, 353.09570904198335, 350.1887395840022, 350.1887395840022, 349.1504188340041, 349.1504188340041, 347.29002704203594, 347.29002704203594, 346.59013237507315, 346.59013237507315, 345.56377795903245, 345.56377795903245, 345.15948737505823, 345.15948737505823, 344.33504620805616, 344.33504620805616, 344.04998937406344, 344.04998937406344, 342.92025649908464, 342.92025649908464, 342.56246874912176, 342.56246874912176, 341.284913957119, 341.284913957119, 340.8494090401218, 340.8494090401218, 339.7064170811209, 339.7064170811209, 339.41516212315764, 339.41516212315764, 338.4827260391321, 338.4827260391321, 338.227270748117, 338.227270748117, 337.960593915137, 337.960593915137, 337.7255428741337, 337.7255428741337, 336.7343102081213, 336.7343102081213, 336.6506697910954, 336.6506697910954, 336.24556016613496, 336.24556016613496, 336.0208014161326, 336.0208014161326, 335.8025936661288, 335.8025936661288, 335.4208314581192, 335.4208314581192, 333.81607383314986, 333.81607383314986, 333.60305937513476, 333.60305937513476, 333.1012741251616, 333.1012741251616, 332.70971220918, 332.70971220918, 331.98741350113414, 331.98741350113414, 331.8795129591599, 331.8795129591599, 331.4790804591612, 331.4790804591612, 331.44819120917236, 331.44819120917236], "b_time_left": [360, 358.99202504195273, 358.99202504195273, 358.3805410009227, 358.3805410009227, 357.54017329297494, 357.54017329297494, 357.0154909179546, 357.0154909179546, 356.1222073349054, 356.1222073349054, 355.374711875862, 355.374711875862, 352.5474498758558, 352.5474498758558, 351.39579908380983, 351.39579908380983, 349.5702797927661, 349.5702797927661, 348.8285985007533, 348.8285985007533, 347.7498031257419, 347.7498031257419, 346.5912258757162, 346.5912258757162, 346.04934508370934, 346.04934508370934, 345.4075107917306, 345.4075107917306, 344.81584220874356, 344.81584220874356, 343.6560933337314, 343.6560933337314, 342.57446804171195, 342.57446804171195, 341.8769123746897, 341.8769123746897, 341.4955965836416, 341.4955965836416, 340.75758945860434, 340.75758945860434, 340.26298375061015, 340.26298375061015, 339.85130537557416, 339.85130537557416, 339.2040621675551, 339.2040621675551, 338.9689835005556, 338.9689835005556, 338.79992987558944, 338.79992987558944, 338.1965852925787, 338.1965852925787, 337.9272345015779, 337.9272345015779, 337.54603875160683, 337.54603875160683, 337.37703321065055, 337.37703321065055, 337.0671561686322, 337.0671561686322, 336.88359079364454, 336.88359079364454, 336.2113534186501, 336.2113534186501, 335.9136433766689, 335.9136433766689, 335.40648491866887, 335.40648491866887, 335.2456877937075, 335.2456877937075, 334.9051911277347, 334.9051911277347, 334.7501795027638, 334.7501795027638, 334.4369146277313, 334.4369146277313, 334.40124171070056, 334.40124171070056, 334.39460750168655], "a_moves_left": [39, 39, 38, 38, 37, 37, 36, 36, 35, 35, 34, 34, 33, 33, 32, 32, 31, 31, 30, 30, 29, 29, 28, 28, 27, 27, 26, 26, 25, 25, 24, 24, 23, 23, 22, 22, 21, 21, 20, 20, 19, 19, 18, 18, 17, 17, 16, 16, 15, 15, 14, 14, 13, 13, 12, 12, 11, 11, 10, 10, 9, 9, 8, 8, 7, 7, 6, 6, 5, 5, 4, 4, 3, 3, 2, 2, 1, 1, 0, 0], "b_moves_left": [40, 39, 39, 38, 38, 37, 37, 36, 36, 35, 35, 34, 34, 33, 33, 32, 32, 31, 31, 30, 30, 29, 29, 28, 28, 27, 27, 26, 26, 25, 25, 24, 24, 23, 23, 22, 22, 21, 21, 20, 20, 19, 19, 18, 18, 17, 17, 16, 16, 15, 15, 14, 14, 13, 13, 12, 12, 11, 11, 10, 10, 9, 9, 8, 8, 7, 7, 6, 6, 5, 5, 4, 4, 3, 3, 2, 2, 1, 1, 0], "trapdoor_triggered": [0, 0, 0, 0, 0, 0, 0, 0, 0, 0, 0, 0, 0, 0, 0, 0, 0, 0, 0, 0, 0, 0, 0, 0, 0, 0, 0, 0, 0, 0, 0, 0, 0, 0, 0, 0, 0, 0, 0, 0, 0, 0, 0, 0, 0, 0, 0, 0, 0, 0, 0, 0, 0, 0, 0, 0, 0, 0, 0, 0, 0, 0, 0, 0, 0, 0, 0, 0, 0, 0, 0, 0, 0, 0, 0, 0, 0, 0, 0, 0], "left_behind": ["egg", "egg", "plain", "plain", "egg", "egg", "plain", "plain", "egg", "egg", "plain", "plain", "egg", "egg", "plain", "plain", "egg", "egg", "plain", "turd", "egg", "egg", "plain", "turd", "egg", "egg", "plain", "plain", "egg", "egg", "plain", "plain", "egg", "egg", "plain", "plain", "egg", "egg", "plain", "plain", "egg", "egg", "plain", "plain", "egg", "egg", "plain", "plain", "egg", "plain", "plain", "plain", "egg", "egg", "plain", "plain", "egg", "plain", "plain", "plain", "plain", "plain", "plain", "plain", "egg", "egg", "plain", "plain", "egg", "plain", "plain", "plain", "egg", "egg", "plain", "plain", "egg", "plain", "plain", "turd"], "errlog_a": "", "errlog_b": "", "start_time": 360, "start_moves": 40, "turn_count": 80, "result": 0, "reason": "EGGS_LAID", "trapdoors": [[4, 4], [3, 4]], "spawn_a": [0, 4], "spawn_b": [7, 4]}