{"pos": [[0, 5], [7, 5], [0, 4], [7, 4], [1, 4], [7, 3], [0, 6], [7, 2], [1, 6], [7, 1], [1, 5], [7, 0], [1, 4], [7, 1], [0, 6], [6, 1], [1, 6], [6, 2], [2, 6], [6, 3], [2, 5], [6, 4], [3, 5], [6, 5], [0, 6], [6, 6], [1, 6], [5, 6], [1, 7], [6, 6], [2, 7], [6, 7], [3, 7], [6, 6], [3, 6], [6, 5], [4, 6], [6, 4], [4, 5], [5, 4], [4, 4], [5, 3], [4, 3], [5, 2], [4, 2], [5, 1], [4, 1], [6, 1], [5, 1], [7, 1], [5, 0], [7, 2], [4, 0], [7, 1], [5, 0], [7, 2], [6, 0], [7, 3], [5, 0], [7, 2], [4, 0], [7, 3], [4, 1], [7, 2], [3, 1], [7, 3], [3, 2], [6, 3], [3, 3], [6, 4], [3, 2], [6, 3], [2, 2], [6, 2], [2, 1], [6, 1], [2, 0], [7, 1], [2, 1], [7, 2]], "a_eggs_laid": [1, 1, 1, 1, 2, 2, 2, 2, 2, 2, 2, 2, 3, 3, 3, 3, 3, 3, 3, 3, 4, 4, 4, 4, 5, 5, 5, 5, 5, 5, 6, 6, 6, 6, 7, 7, 7, 7, 8, 8, 8, 8, 9, 9, 9, 9, 10, 10, 10, 10, 11, 11, 11, 11, 12, 12, 12, 12, 13, 13, 13, 13, 13, 13, 13, 13, 14, 14, 14, 14, 15, 15, 15, 15, 16, 16, 16, 16, 17, 17], "b_eggs_laid": [0, 1, 1, 1, 1, 2, 2, 6, 6, 7, 7, 7, 7, 10, 10, 14, 14, 15, 15, 15, 15, 16, 16, 16, 16, 21, 21, 21, 21, 22, 22, 22, 22, 23, 23, 23, 23, 23, 23, 23, 23, 24, 24, 24, 24, 25, 25, 25, 25, 25, 25, 25, 25, 25, 25, 25, 25, 25, 25, 25, 25, 25, 25, 25, 25, 25, 25, 25, 25, 25, 25, 25, 25, 25, 25, 25, 25, 25, 25, 25], "a_turds_left": [5, 5, 4, 4, 4, 4, 4, 4, 4, 4, 4, 4, 4, 4, 3, 3, 3, 3, 2, 2, 2, 2, 2, 2, 2, 2, 2, 2, 2, 2, 2, 2, 1, 1, 1, 1, 1, 1, 1, 1, 1, 1, 1, 1, 1, 1, 1, 1, 1, 1, 1, 1, 1, 1, 1, 1, 1, 1, 1, 1, 1, 1, 1, 1, 1, 1, 1, 1, 1, 1, 1, 1, 1, 1, 1, 1, 1, 1, 1, 1], "b_turds_left": [5, 5, 5, 5, 5, 5, 5, 5, 5, 5, 5, 5, 5, 5, 5, 5, 5, 5, 5, 5, 5, 5, 5, 5, 5, 5, 5, 5, 5, 5, 5, 5, 5, 5, 5, 5, 5, 5, 5, 5, 5, 5, 5, 5, 5, 5, 5, 5, 5, 5, 5, 5, 5, 5, 5, 5, 5, 5, 5, 5, 5, 5, 5, 5, 5, 5, 5, 5, 5, 5, 5, 5, 5, 5, 5, 5, 5, 5, 5, 4], "a_time_left": [358.79456520901294, 358.79456520901294, 358.0613465839997, 358.0613465839997, 356.610448209045, 356.610448209045, 355.4378305420396, 355.4378305420396, 354.9192876260495, 354.9192876260495, 354.10228125104913, 354.10228125104913, 352.7917338760453, 352.7917338760453, 351.96036846004426, 351.96036846004426, 351.3225120010902, 351.3225120010902, 350.14232587604783, 350.14232587604783, 347.54667920904467, 347.54667920904467, 346.3299820840475, 346.3299820840475, 343.5308095840155, 343.5308095840155, 343.13131287600845, 343.13131287600845, 342.562746376032, 342.562746376032, 341.77108004305046, 341.77108004305046, 341.2003397520166, 341.2003397520166, 340.821630335995, 340.821630335995, 340.44200204400113, 340.44200204400113, 339.76035271101864, 339.76035271101864, 339.2290795020526, 339.2290795020526, 338.55275383603293, 338.55275383603293, 338.05701775301713, 338.05701775301713, 337.23716700304067, 337.23716700304067, 336.8806750450167, 336.8806750450167, 336.73064337903634, 336.73064337903634, 336.53453233704204, 336.53453233704204, 336.2986758790212, 336.2986758790212, 336.1074617539998, 336.1074617539998, 335.98334217001684, 335.98334217001684, 335.796637003019, 335.796637003019, 335.57493208604865, 335.57493208604865, 335.0797409200459, 335.0797409200459, 334.4334938360262, 334.4334938360262, 333.85356591898017, 333.85356591898017, 332.99720058601815, 332.99720058601815, 332.5658964610193, 332.5658964610193, 331.879703586048, 331.879703586048, 331.5292497530463, 331.5292497530463, 331.47956746205455, 331.47956746205455], "b_time_left": [360, 358.67407279100735, 358.67407279100735, 357.85054866602877, 357.85054866602877, 355.5224530410487, 355.5224530410487, 355.24613504105946, 355.24613504105946, 353.1526000830345, 353.1526000830345, 351.9816580830375, 351.9816580830375, 350.58816283300985, 350.58816283300985, 350.29674791602883, 350.29674791602883, 347.63089583202964, 347.63089583202964, 346.3420864160289, 346.3420864160289, 343.88045324903214, 343.88045324903214, 342.3233187070582, 342.3233187070582, 341.70819333201507, 341.70819333201507, 341.20993745705346, 341.20993745705346, 339.6181382900686, 339.6181382900686, 339.0966231650673, 339.0966231650673, 338.27346183208283, 338.27346183208283, 337.81740212405566, 337.81740212405566, 337.4354711660417, 337.4354711660417, 336.9157187080127, 336.9157187080127, 336.1461198750185, 336.1461198750185, 335.84592579101445, 335.84592579101445, 335.1001037079841, 335.1001037079841, 334.81434545799857, 334.81434545799857, 334.5602421669755, 334.5602421669755, 334.3012910009711, 334.3012910009711, 333.8549066679552, 333.8549066679552, 333.69884250097675, 333.69884250097675, 333.56125495996093, 333.56125495996093, 333.37425470992457, 333.37425470992457, 333.08419825090095, 333.08419825090095, 332.6394428759231, 332.6394428759231, 331.970174166956, 331.970174166956, 331.2441693749279, 331.2441693749279, 330.553249791963, 330.553249791963, 330.1870529589942, 330.1870529589942, 329.68730804201914, 329.68730804201914, 329.32209020806476, 329.32209020806476, 329.26846662402386, 329.26846662402386, 329.2620448740199], "a_moves_left": [39, 39, 38, 38, 37, 37, 36, 36, 35, 35, 34, 34, 33, 33, 32, 32, 31, 31, 30, 30, 29, 29, 28, 28, 27, 27, 26, 26, 25, 25, 24, 24, 23, 23, 22, 22, 21, 21, 20, 20, 19, 19, 18, 18, 17, 17, 16, 16, 15, 15, 14, 14, 13, 13, 12, 12, 11, 11, 10, 10, 9, 9, 8, 8, 7, 7, 6, 6, 5, 5, 4, 4, 3, 3, 2, 2, 1, 1, 0, 0], "b_moves_left": [40, 39, 39, 38, 38, 37, 37, 36, 36, 35, 35, 34, 34, 33, 33, 32, 32, 31, 31, 30, 30, 29, 29, 28, 28, 27, 27, 26, 26, 25, 25, 24, 24, 23, 23, 22, 22, 21, 21, 20, 20, 19, 19, 18, 18, 17, 17, 16, 16, 15, 15, 14, 14, 13, 13, 12, 12, 11, 11, 10, 10, 9, 9, 8, 8, 7, 7, 6, 6, 5, 5, 4, 4, 3, 3, 2, 2, 1, 1, 0], "trapdoor_triggered": [0, 0, 0, 0, 0, 0, 1, 0, 0, 0, 0, 0, 0, 0, 1, 0, 0, 0, 0, 0, 0, 0, 0, 0, 1, 0, 0, 0, 0, 0, 0, 0, 0, 0, 0, 0, 0, 0, 0, 0, 0, 0, 0, 0, 0, 0, 0, 0, 0, 0, 0, 0, 0, 0, 0, 0, 0, 0, 0, 0, 0, 0, 0, 0, 0, 0, 0, 0, 0, 0, 0, 0, 0, 0, 0, 0, 0, 0, 0, 0], "left_behind": ["egg", "egg", "turd", "plain", "egg", "egg", "plain", "plain", "plain", "egg", "plain", "plain", "egg", "egg", "turd", "plain", "plain", "egg", "turd", "plain", "egg", "egg", "plain", "plain", "egg", "egg", "plain", "plain", "plain", "egg", "egg", "plain", "turd", "egg", "egg", "plain", "plain", "plain", "egg", "plain", "plain", "egg", "egg", "plain", "plain", "egg", "egg", "plain", "plain", "plain", "egg", "plain", "plain", "plain", "egg", "plain", "plain", "plain", "egg", "plain", "plain", "plain", "plain", "plain", "plain", "plain", "egg", "plain", "plain", "plain", "egg", "plain", "plain", "plain", "egg", "plain", "plain", "plain", "egg", "turd"], "errlog_a": "", "errlog_b": "", "start_time": 360, "start_moves": 40, "turn_count": 80, "result": 1, "reason": "EGGS_LAID", "trapdoors": [[2, 4], [3, 4]], "spawn_a": [0, 6], "spawn_b": [7, 6]}