{"pos": [[7, 2], [1, 1], [7, 3], [2, 1], [7, 4], [3, 1], [6, 4], [4, 1], [6, 5], [4, 0], [6, 6], [5, 0], [5, 6], [6, 0], [4, 6], [6, 1], [3, 6], [5, 1], [2, 6], [5, 2], [1, 6], [4, 2], [1, 5], [3, 2], [1, 4], [3, 1], [1, 3], [3, 0], [2, 3], [2, 0], [7, 1], [1, 0], [7, 2], [1, 1], [6, 2], [1, 2], [6, 3], [1, 1], [5, 3], [2, 1], [5, 4], [2, 2], [5, 5], [2, 3], [5, 6], [2, 4], [5, 7], [3, 4], [6, 7], [3, 5], [7, 7], [3, 6], [7, 6], [3, 7], [7, 5], [2, 7], [7, 4], [1, 7], [7, 3], [0, 7], [7, 4], [0, 6], [6, 4], [0, 5], [5, 4], [0, 4], [4, 4], [1, 4], [4, 5], [0, 4], [5, 5], [0, 3], [4, 5], [0, 2], [4, 4], [1, 2], [4, 5], [1, 1], [3, 5], [1, 0]], "a_eggs_laid": [1, 1, 1, 1, 2, 2, 2, 2, 3, 3, 3, 3, 4, 4, 4, 4, 5, 5, 5, 5, 6, 6, 6, 6, 7, 7, 7, 7, 8, 8, 8, 8, 8, 8, 8, 8, 9, 9, 9, 9, 10, 10, 10, 10, 11, 11, 11, 11, 12, 12, 12, 12, 15, 15, 15, 15, 16, 16, 16, 16, 16, 16, 16, 16, 16, 16, 16, 16, 17, 17, 17, 17, 17, 17, 17, 17, 17, 17, 17, 17], "b_eggs_laid": [0, 1, 1, 1, 1, 2, 2, 2, 2, 3, 3, 3, 3, 4, 4, 4, 4, 5, 5, 5, 5, 6, 6, 6, 6, 7, 7, 7, 7, 8, 8, 12, 12, 13, 13, 13, 13, 14, 14, 14, 14, 14, 14, 14, 14, 15, 15, 15, 15, 16, 16, 16, 16, 17, 17, 17, 17, 18, 18, 18, 18, 21, 21, 21, 21, 22, 22, 22, 22, 23, 23, 23, 23, 24, 24, 24, 24, 24, 24, 24], "a_turds_left": [5, 5, 5, 5, 5, 5, 5, 5, 5, 5, 5, 5, 5, 5, 5, 5, 5, 5, 5, 5, 5, 5, 5, 5, 5, 5, 5, 5, 5, 5, 5, 5, 5, 5, 5, 5, 5, 5, 5, 5, 5, 5, 5, 5, 5, 5, 5, 5, 5, 5, 5, 5, 5, 5, 5, 5, 5, 5, 5, 5, 5, 5, 5, 5, 5, 5, 5, 5, 5, 5, 5, 5, 5, 5, 5, 5, 5, 5, 5, 5], "b_turds_left": [5, 5, 5, 5, 5, 5, 5, 5, 5, 5, 5, 5, 5, 5, 5, 5, 5, 5, 5, 5, 5, 5, 5, 5, 5, 5, 5, 5, 5, 5, 5, 5, 5, 5, 5, 5, 5, 5, 5, 5, 5, 5, 5, 5, 5, 5, 5, 5, 5, 5, 5, 5, 5, 5, 5, 5, 5, 5, 5, 5, 5, 5, 5, 5, 5, 5, 5, 5, 5, 5, 5, 5, 5, 5, 5, 5, 5, 5, 5, 4], "a_time_left": [358.57290733401896, 358.57290733401896, 357.6438978340011, 357.6438978340011, 354.9851616679807, 354.9851616679807, 353.920623375976, 353.920623375976, 351.1458387100138, 351.1458387100138, 350.3793264600099, 350.3793264600099, 348.46978200098965, 348.46978200098965, 347.7794722089893, 347.7794722089893, 345.47888116701506, 345.47888116701506, 344.6126812500297, 344.6126812500297, 342.8512709590723, 342.8512709590723, 341.8307477510534, 341.8307477510534, 339.7139479590696, 339.7139479590696, 339.03235429211054, 339.03235429211054, 337.0558692510822, 337.0558692510822, 336.60962700110395, 336.60962700110395, 336.296359001135, 336.296359001135, 335.9601745851105, 335.9601745851105, 334.8928028771188, 334.8928028771188, 334.5779112110613, 334.5779112110613, 333.74113033607136, 333.74113033607136, 333.063627919124, 333.063627919124, 331.4209565021447, 331.4209565021447, 330.8934907101211, 330.8934907101211, 329.6769026261172, 329.6769026261172, 329.45026112609776, 329.45026112609776, 329.199836501095, 329.199836501095, 329.0775887921336, 329.0775887921336, 328.62077850016067, 328.62077850016067, 328.4433830001508, 328.4433830001508, 328.27472820912953, 328.27472820912953, 328.10124958411325, 328.10124958411325, 327.8494212090736, 327.8494212090736, 327.66821091703605, 327.66821091703605, 327.178075834061, 327.178075834061, 327.0567194171017, 327.0567194171017, 326.8249677090789, 326.8249677090789, 326.73468829208286, 326.73468829208286, 326.6464772510808, 326.6464772510808, 326.6246378340875, 326.6246378340875], "b_time_left": [360, 358.84323404199677, 358.84323404199677, 357.77905491698766, 357.77905491698766, 355.85471529199276, 355.85471529199276, 354.47726295900065, 354.47726295900065, 352.27529154199874, 352.27529154199874, 351.18756179197226, 351.18756179197226, 349.26892845897237, 349.26892845897237, 348.4356637499877, 348.4356637499877, 346.4958407910308, 346.4958407910308, 345.07602262403816, 345.07602262403816, 341.91488295799354, 341.91488295799354, 340.6212221659953, 340.6212221659953, 338.9795126240351, 338.9795126240351, 337.8394655820448, 337.8394655820448, 336.46982762403786, 336.46982762403786, 336.2999879990821, 336.2999879990821, 335.62134033208713, 335.62134033208713, 334.78010937408544, 334.78010937408544, 333.9343775411253, 333.9343775411253, 332.8690467911656, 332.8690467911656, 332.0993617081549, 332.0993617081549, 330.9765900421771, 330.9765900421771, 330.2541878342163, 330.2541878342163, 329.5867927512154, 329.5867927512154, 329.14988108421676, 329.14988108421676, 328.9050312921754, 328.9050312921754, 328.56616362620844, 328.56616362620844, 328.29918804223416, 328.29918804223416, 328.1525447922759, 328.1525447922759, 328.0363193342346, 328.0363193342346, 327.94844841823215, 327.94844841823215, 327.75179921026574, 327.75179921026574, 327.4301544603077, 327.4301544603077, 327.1461131683318, 327.1461131683318, 326.98513841832755, 326.98513841832755, 326.84586916834814, 326.84586916834814, 326.65158187632915, 326.65158187632915, 326.5520690433332, 326.5520690433332, 326.53519333532313, 326.53519333532313, 326.53185250231763], "a_moves_left": [39, 39, 38, 38, 37, 37, 36, 36, 35, 35, 34, 34, 33, 33, 32, 32, 31, 31, 30, 30, 29, 29, 28, 28, 27, 27, 26, 26, 25, 25, 24, 24, 23, 23, 22, 22, 21, 21, 20, 20, 19, 19, 18, 18, 17, 17, 16, 16, 15, 15, 14, 14, 13, 13, 12, 12, 11, 11, 10, 10, 9, 9, 8, 8, 7, 7, 6, 6, 5, 5, 4, 4, 3, 3, 2, 2, 1, 1, 0, 0], "b_moves_left": [40, 39, 39, 38, 38, 37, 37, 36, 36, 35, 35, 34, 34, 33, 33, 32, 32, 31, 31, 30, 30, 29, 29, 28, 28, 27, 27, 26, 26, 25, 25, 24, 24, 23, 23, 22, 22, 21, 21, 20, 20, 19, 19, 18, 18, 17, 17, 16, 16, 15, 15, 14, 14, 13, 13, 12, 12, 11, 11, 10, 10, 9, 9, 8, 8, 7, 7, 6, 6, 5, 5, 4, 4, 3, 3, 2, 2, 1, 1, 0], "trapdoor_triggered": [0, 0, 0, 0, 0, 0, 0, 0, 0, 0, 0, 0, 0, 0, 0, 0, 0, 0, 0, 0, 0, 0, 0, 0, 0, 0, 0, 0, 0, 0, 1, 0, 0, 0, 0, 0, 0, 0, 0, 0, 0, 0, 0, 0, 0, 0, 0, 0, 0, 0, 0, 0, 0, 0, 0, 0, 0, 0, 0, 0, 0, 0, 0, 0, 0, 0, 0, 0, 0, 0, 0, 0, 0, 0, 0, 0, 0, 0, 0, 0], "left_behind": ["egg", "egg", "plain", "plain", "egg", "egg", "plain", "plain", "egg", "egg", "plain", "plain", "egg", "egg", "plain", "plain", "egg", "egg", "plain", "plain", "egg", "egg", "plain", "plain", "egg", "egg", "plain", "plain", "egg", "egg", "plain", "plain", "plain", "egg", "plain", "plain", "egg", "egg", "plain", "plain", "egg", "plain", "plain", "plain", "egg", "egg", "plain", "plain", "egg", "egg", "plain", "plain", "egg", "egg", "plain", "plain", "egg", "egg", "plain", "plain", "plain", "egg", "plain", "plain", "plain", "egg", "plain", "plain", "egg", "egg", "plain", "plain", "plain", "egg", "plain", "plain", "plain", "plain", "plain", "turd"], "errlog_a": "", "errlog_b": "", "start_time": 360, "start_moves": 40, "turn_count": 80, "result": 1, "reason": "EGGS_LAID", "trapdoors": [[3, 3], [2, 5]], "spawn_a": [7, 1], "spawn_b": [0, 1]}