{"pos": [[6, 1], [1, 1], [6, 2], [1, 0], [5, 2], [2, 0], [5, 3], [3, 0], [5, 4], [4, 0], [6, 4], [5, 0], [6, 5], [5, 1], [5, 5], [6, 1], [4, 5], [5, 1], [7, 1], [5, 2], [7, 2], [5, 1], [7, 3], [4, 1], [7, 4], [3, 1], [7, 5], [3, 2], [6, 5], [3, 1], [6, 6], [2, 1], [5, 6], [2, 2], [4, 6], [2, 3], [3, 6], [2, 4], [3, 5], [2, 5], [3, 6], [2, 6], [3, 7], [2, 7], [4, 7], [2, 6], [5, 7], [3, 6], [6, 7], [2, 6], [7, 7], [1, 6], [7, 6], [1, 5], [6, 6], [1, 4], [7, 6], [1, 3], [7, 7], [1, 2], [7, 6], [1, 3], [7, 7], [0, 3], [6, 7], [0, 4], [6, 6], [0, 5], [6, 7], [0, 6], [5, 7], [0, 7], [6, 7], [0, 6], [5, 7], [1, 6], [4, 7], [0, 6], [4, 6], [1, 6]], "a_eggs_laid": [1, 1, 1, 1, 2, 2, 2, 2, 3, 3, 3, 3, 4, 4, 4, 4, 5, 5, 5, 5, 5, 5, 5, 5, 6, 6, 6, 6, 7, 7, 7, 7, 8, 8, 8, 8, 9, 9, 9, 9, 10, 10, 10, 10, 11, 11, 11, 11, 12, 12, 12, 12, 15, 15, 15, 15, 15, 15, 15, 15, 15, 15, 15, 15, 15, 15, 15, 15, 15, 15, 15, 15, 15, 15, 15, 15, 15, 15, 15, 15], "b_eggs_laid": [0, 1, 1, 1, 1, 2, 2, 2, 2, 3, 3, 3, 3, 4, 4, 4, 4, 5, 5, 9, 9, 10, 10, 10, 10, 11, 11, 11, 11, 12, 12, 12, 12, 13, 13, 13, 13, 14, 14, 14, 14, 15, 15, 15, 15, 16, 16, 16, 16, 17, 17, 17, 17, 18, 18, 18, 18, 19, 19, 19, 19, 20, 20, 20, 20, 21, 21, 21, 21, 22, 22, 22, 22, 25, 25, 25, 25, 25, 25, 25], "a_turds_left": [5, 5, 5, 5, 5, 5, 5, 5, 5, 5, 4, 4, 4, 4, 3, 3, 3, 3, 3, 3, 3, 3, 2, 2, 2, 2, 2, 2, 2, 2, 2, 2, 2, 2, 1, 1, 1, 1, 1, 1, 1, 1, 1, 1, 1, 1, 1, 1, 1, 1, 1, 1, 1, 1, 1, 1, 1, 1, 1, 1, 1, 1, 1, 1, 1, 1, 1, 1, 1, 1, 1, 1, 1, 1, 1, 1, 1, 1, 1, 1], "b_turds_left": [5, 5, 5, 5, 5, 5, 5, 5, 5, 5, 5, 5, 5, 5, 5, 5, 5, 5, 5, 5, 5, 5, 5, 5, 5, 5, 5, 5, 5, 5, 5, 5, 5, 5, 5, 5, 5, 5, 5, 5, 5, 5, 5, 5, 5, 5, 5, 5, 5, 5, 5, 5, 5, 5, 5, 5, 5, 5, 5, 5, 5, 5, 5, 5, 5, 5, 5, 5, 5, 5, 5, 5, 5, 5, 5, 5, 5, 5, 5, 4], "a_time_left": [358.3694179590093, 358.3694179590093, 356.4120539180003, 356.4120539180003, 354.42457466799533, 354.42457466799533, 353.1383307509823, 353.1383307509823, 350.5121370420093, 350.5121370420093, 349.30078716698335, 349.30078716698335, 346.8511939169839, 346.8511939169839, 345.45289462502114, 345.45289462502114, 343.55585020798026, 343.55585020798026, 342.27016954199644, 342.27016954199644, 342.01669766701525, 342.01669766701525, 341.49160087504424, 341.49160087504424, 339.26032000005944, 339.26032000005944, 338.5059580410598, 338.5059580410598, 336.37524854106596, 336.37524854106596, 335.9516308330931, 335.9516308330931, 332.7862273330684, 332.7862273330684, 331.66173220804194, 331.66173220804194, 328.7064034580253, 328.7064034580253, 327.79050308302976, 327.79050308302976, 326.8514592500287, 326.8514592500287, 326.5980325420387, 326.5980325420387, 326.2195262500318, 326.2195262500318, 325.9094908750267, 325.9094908750267, 325.32606670900714, 325.32606670900714, 325.03992958401795, 325.03992958401795, 324.4331244180212, 324.4331244180212, 324.12617704301374, 324.12617704301374, 323.58823966799537, 323.58823966799537, 323.27225179295056, 323.27225179295056, 323.0747667509713, 323.0747667509713, 322.8399358339957, 322.8399358339957, 322.70426829200005, 322.70426829200005, 322.5219322500052, 322.5219322500052, 322.2494867499918, 322.2494867499918, 322.13473912497284, 322.13473912497284, 321.9935437499662, 321.9935437499662, 321.9205704579945, 321.9205704579945, 321.8361155830207, 321.8361155830207, 321.81849054200575, 321.81849054200575], "b_time_left": [360, 357.842430208053, 357.842430208053, 355.95696466602385, 355.95696466602385, 353.96710441599134, 353.96710441599134, 352.420256124984, 352.420256124984, 350.00657637492986, 350.00657637492986, 348.62001724989386, 348.62001724989386, 345.9625308329123, 345.9625308329123, 344.7387396249105, 344.7387396249105, 343.3280889589223, 343.3280889589223, 343.14957866695477, 343.14957866695477, 342.89746929192916, 342.89746929192916, 342.1946092089638, 342.1946092089638, 341.1188835839275, 341.1188835839275, 340.0953658759245, 340.0953658759245, 339.0268118759268, 339.0268118759268, 337.47038904292276, 337.47038904292276, 334.58432395989075, 334.58432395989075, 333.31685775186634, 333.31685775186634, 330.77388971089385, 330.77388971089385, 329.9804882109165, 329.9804882109165, 329.0046236268827, 329.0046236268827, 328.6209679178428, 328.6209679178428, 328.3093041268876, 328.3093041268876, 327.8524518358754, 327.8524518358754, 327.71028625185136, 327.71028625185136, 327.44182300189277, 327.44182300189277, 327.0948402098729, 327.0948402098729, 326.7939702098374, 326.7939702098374, 326.3657897927915, 326.3657897927915, 326.2172322507831, 326.2172322507831, 325.7715634177439, 325.7715634177439, 325.6334480837686, 325.6334480837686, 325.3295689167571, 325.3295689167571, 325.128018708725, 325.128018708725, 324.82433745870367, 324.82433745870367, 324.6855614586966, 324.6855614586966, 324.5100965426536, 324.5100965426536, 324.37646650063107, 324.37646650063107, 324.2997797926073, 324.2997797926073, 324.29570045962464], "a_moves_left": [39, 39, 38, 38, 37, 37, 36, 36, 35, 35, 34, 34, 33, 33, 32, 32, 31, 31, 30, 30, 29, 29, 28, 28, 27, 27, 26, 26, 25, 25, 24, 24, 23, 23, 22, 22, 21, 21, 20, 20, 19, 19, 18, 18, 17, 17, 16, 16, 15, 15, 14, 14, 13, 13, 12, 12, 11, 11, 10, 10, 9, 9, 8, 8, 7, 7, 6, 6, 5, 5, 4, 4, 3, 3, 2, 2, 1, 1, 0, 0], "b_moves_left": [40, 39, 39, 38, 38, 37, 37, 36, 36, 35, 35, 34, 34, 33, 33, 32, 32, 31, 31, 30, 30, 29, 29, 28, 28, 27, 27, 26, 26, 25, 25, 24, 24, 23, 23, 22, 22, 21, 21, 20, 20, 19, 19, 18, 18, 17, 17, 16, 16, 15, 15, 14, 14, 13, 13, 12, 12, 11, 11, 10, 10, 9, 9, 8, 8, 7, 7, 6, 6, 5, 5, 4, 4, 3, 3, 2, 2, 1, 1, 0], "trapdoor_triggered": [0, 0, 0, 0, 0, 0, 0, 0, 0, 0, 0, 0, 0, 0, 0, 0, 0, 0, 1, 0, 0, 0, 0, 0, 0, 0, 0, 0, 0, 0, 0, 0, 0, 0, 0, 0, 0, 0, 0, 0, 0, 0, 0, 0, 0, 0, 0, 0, 0, 0, 0, 0, 0, 0, 0, 0, 0, 0, 0, 0, 0, 0, 0, 0, 0, 0, 0, 0, 0, 0, 0, 0, 0, 0, 0, 0, 0, 0, 0, 0], "left_behind": ["egg", "egg", "plain", "plain", "egg", "egg", "plain", "plain", "egg", "egg", "turd", "plain", "egg", "egg", "turd", "plain", "egg", "egg", "plain", "plain", "plain", "egg", "turd", "plain", "egg", "egg", "plain", "plain", "egg", "egg", "plain", "plain", "egg", "egg", "turd", "plain", "egg", "egg", "plain", "plain", "egg", "egg", "plain", "plain", "egg", "egg", "plain", "plain", "egg", "egg", "plain", "plain", "egg", "egg", "plain", "plain", "plain", "egg", "plain", "plain", "plain", "egg", "plain", "plain", "plain", "egg", "plain", "plain", "plain", "egg", "plain", "plain", "plain", "egg", "plain", "plain", "plain", "plain", "plain", "turd"], "errlog_a": "", "errlog_b": "", "start_time": 360, "start_moves": 40, "turn_count": 80, "result": 1, "reason": "EGGS_LAID", "trapdoors": [[4, 4], [4, 3]], "spawn_a": [7, 1], "spawn_b": [0, 1]}