{"pos": [[7, 2], [0, 2], [7, 1], [0, 1], [6, 1], [1, 1], [6, 2], [2, 1], [6, 3], [2, 2], [6, 4], [3, 2], [6, 5], [4, 2], [5, 5], [5, 2], [4, 5], [5, 1], [4, 6], [4, 1], [3, 6], [4, 0], [2, 6], [3, 0], [2, 5], [2, 0], [2, 4], [1, 0], [2, 5], [1, 1], [1, 5], [1, 2], [2, 5], [1, 3], [3, 5], [2, 3], [3, 6], [1, 3], [3, 7], [1, 4], [4, 7], [0, 4], [5, 7], [0, 5], [5, 6], [0, 6], [6, 6], [0, 7], [6, 5], [0, 6], [7, 5], [1, 6], [7, 6], [1, 7], [7, 7], [2, 7], [6, 7], [1, 7], [6, 6], [2, 7], [5, 6], [1, 7], [4, 6], [1, 6], [4, 5], [0, 6], [4, 4], [0, 5], [5, 4], [0, 4], [6, 4], [0, 3], [6, 3], [0, 2], [6, 2], [0, 1], [6, 1], [0, 0], [6, 0], [0, 1]], "a_eggs_laid": [1, 1, 1, 1, 2, 2, 2, 2, 3, 3, 3, 3, 4, 4, 4, 4, 5, 5, 5, 5, 6, 6, 6, 6, 7, 7, 7, 7, 8, 8, 8, 8, 9, 9, 9, 9, 10, 10, 10, 10, 11, 11, 11, 11, 12, 12, 12, 12, 13, 13, 13, 13, 14, 14, 14, 14, 17, 17, 17, 17, 17, 17, 17, 17, 17, 17, 17, 17, 18, 18, 18, 18, 18, 18, 18, 18, 18, 18, 18, 18], "b_eggs_laid": [0, 1, 1, 1, 1, 2, 2, 2, 2, 3, 3, 3, 3, 4, 4, 4, 4, 5, 5, 5, 5, 6, 6, 6, 6, 7, 7, 7, 7, 8, 8, 8, 8, 9, 9, 9, 9, 10, 10, 10, 10, 11, 11, 11, 11, 12, 12, 12, 12, 15, 15, 15, 15, 16, 16, 16, 16, 16, 16, 16, 16, 17, 17, 17, 17, 17, 17, 17, 17, 17, 17, 17, 17, 17, 17, 17, 17, 17, 17, 17], "a_turds_left": [5, 5, 5, 5, 5, 5, 5, 5, 5, 5, 5, 5, 5, 5, 5, 5, 5, 5, 5, 5, 5, 5, 5, 5, 5, 5, 5, 5, 5, 5, 5, 5, 5, 5, 5, 5, 5, 5, 5, 5, 5, 5, 5, 5, 5, 5, 5, 5, 5, 5, 5, 5, 5, 5, 5, 5, 5, 5, 5, 5, 5, 5, 5, 5, 5, 5, 5, 5, 5, 5, 5, 5, 5, 5, 5, 5, 5, 5, 5, 5], "b_turds_left": [5, 5, 5, 5, 5, 5, 5, 5, 5, 5, 5, 5, 5, 5, 5, 4, 4, 4, 4, 4, 4, 4, 4, 4, 4, 4, 4, 4, 4, 4, 4, 4, 4, 4, 4, 4, 4, 4, 4, 4, 4, 4, 4, 4, 4, 4, 4, 4, 4, 4, 4, 4, 4, 4, 4, 4, 4, 4, 4, 4, 4, 4, 4, 4, 4, 4, 4, 4, 4, 4, 4, 4, 4, 4, 4, 4, 4, 4, 4, 3], "a_time_left": [358.84665099997073, 358.84665099997073, 358.3204281660146, 358.3204281660146, 356.78799591603456, 356.78799591603456, 355.8591156239854, 355.8591156239854, 353.096988831996, 353.096988831996, 351.7058409570018, 351.7058409570018, 347.7048352070269, 347.7048352070269, 346.4199372070143, 346.4199372070143, 344.23345666599926, 344.23345666599926, 343.4263267070055, 343.4263267070055, 341.0198246659711, 341.0198246659711, 340.34863754099933, 340.34863754099933, 338.6835176239838, 338.6835176239838, 338.00099395698635, 338.00099395698635, 336.0678228319739, 336.0678228319739, 335.35538841597736, 335.35538841597736, 332.73530233296333, 332.73530233296333, 332.28428991598776, 332.28428991598776, 330.43858695798554, 330.43858695798554, 330.02196583297336, 330.02196583297336, 329.3027892909595, 329.3027892909595, 329.1113844999927, 329.1113844999927, 328.57944337499794, 328.57944337499794, 328.2346922500292, 328.2346922500292, 327.59889491606737, 327.59889491606737, 327.4185717490618, 327.4185717490618, 326.96464949904475, 326.96464949904475, 326.85571537405485, 326.85571537405485, 326.5578907910385, 326.5578907910385, 326.45388533204095, 326.45388533204095, 326.2975994570297, 326.2975994570297, 326.2006335410406, 326.2006335410406, 326.1188331240555, 326.1188331240555, 325.9913861240493, 325.9913861240493, 325.7364932910423, 325.7364932910423, 325.65258233307395, 325.65258233307395, 325.4911722080433, 325.4911722080433, 325.39379354100674, 325.39379354100674, 325.3325527489651, 325.3325527489651, 325.31701395794516, 325.31701395794516], "b_time_left": [360, 358.99855904100696, 358.99855904100696, 358.3961892070365, 358.3961892070365, 357.05401537404396, 357.05401537404396, 355.8190138320206, 355.8190138320206, 353.82483370701084, 353.82483370701084, 352.0033684570226, 352.0033684570226, 348.7598055819981, 348.7598055819981, 347.5917032479774, 347.5917032479774, 346.5588499979931, 346.5588499979931, 345.6966691230191, 345.6966691230191, 344.6162799980375, 344.6162799980375, 343.5451220400282, 343.5451220400282, 341.23857608198887, 341.23857608198887, 340.13847599801375, 340.13847599801375, 338.4009741230402, 338.4009741230402, 337.0739313310478, 337.0739313310478, 335.7998778310721, 335.7998778310721, 334.7359248310677, 334.7359248310677, 333.870578081056, 333.870578081056, 333.25861083104974, 333.25861083104974, 332.8326169560896, 332.8326169560896, 332.4708027060842, 332.4708027060842, 332.162953539053, 332.162953539053, 331.70603541407036, 331.70603541407036, 331.4310025390587, 331.4310025390587, 331.086163539032, 331.086163539032, 330.85991720604943, 330.85991720604943, 330.694707539049, 330.694707539049, 330.6324453310226, 330.6324453310226, 330.49726958107203, 330.49726958107203, 330.2822237480432, 330.2822237480432, 330.1189451640239, 330.1189451640239, 329.97204366402, 329.97204366402, 329.64121737197274, 329.64121737197274, 329.5309267049888, 329.5309267049888, 329.35215899697505, 329.35215899697505, 329.2342085809796, 329.2342085809796, 329.0916555810254, 329.0916555810254, 329.0533232060261, 329.0533232060261, 329.05068037303863], "a_moves_left": [39, 39, 38, 38, 37, 37, 36, 36, 35, 35, 34, 34, 33, 33, 32, 32, 31, 31, 30, 30, 29, 29, 28, 28, 27, 27, 26, 26, 25, 25, 24, 24, 23, 23, 22, 22, 21, 21, 20, 20, 19, 19, 18, 18, 17, 17, 16, 16, 15, 15, 14, 14, 13, 13, 12, 12, 11, 11, 10, 10, 9, 9, 8, 8, 7, 7, 6, 6, 5, 5, 4, 4, 3, 3, 2, 2, 1, 1, 0, 0], "b_moves_left": [40, 39, 39, 38, 38, 37, 37, 36, 36, 35, 35, 34, 34, 33, 33, 32, 32, 31, 31, 30, 30, 29, 29, 28, 28, 27, 27, 26, 26, 25, 25, 24, 24, 23, 23, 22, 22, 21, 21, 20, 20, 19, 19, 18, 18, 17, 17, 16, 16, 15, 15, 14, 14, 13, 13, 12, 12, 11, 11, 10, 10, 9, 9, 8, 8, 7, 7, 6, 6, 5, 5, 4, 4, 3, 3, 2, 2, 1, 1, 0], "trapdoor_triggered": [0, 0, 0, 0, 0, 0, 0, 0, 0, 0, 0, 0, 0, 0, 0, 0, 0, 0, 0, 0, 0, 0, 0, 0, 0, 0, 0, 0, 0, 0, 0, 0, 0, 0, 0, 0, 0, 0, 0, 0, 0, 0, 0, 0, 0, 0, 0, 0, 0, 0, 0, 0, 0, 0, 0, 0, 0, 0, 0, 0, 0, 0, 0, 0, 0, 0, 0, 0, 0, 0, 0, 0, 0, 0, 0, 0, 0, 0, 0, 0], "left_behind": ["egg", "egg", "plain", "plain", "egg", "egg", "plain", "plain", "egg", "egg", "plain", "plain", "egg", "egg", "plain", "turd", "egg", "egg", "plain", "plain", "egg", "egg", "plain", "plain", "egg", "egg", "plain", "plain", "egg", "egg", "plain", "plain", "egg", "egg", "plain", "plain", "egg", "egg", "plain", "plain", "egg", "egg", "plain", "plain", "egg", "egg", "plain", "plain", "egg", "egg", "plain", "plain", "egg", "egg", "plain", "plain", "egg", "plain", "plain", "plain", "plain", "egg", "plain", "plain", "plain", "plain", "plain", "plain", "egg", "plain", "plain", "plain", "plain", "plain", "plain", "plain", "plain", "plain", "plain", "turd"], "errlog_a": "", "errlog_b": "", "start_time": 360, "start_moves": 40, "turn_count": 80, "result": 0, "reason": "EGGS_LAID", "trapdoors": [[5, 3], [4, 3]], "spawn_a": [7, 3], "spawn_b": [0, 3]}