{"pos": [[7, 6], [0, 4], [7, 7], [0, 3], [6, 7], [0, 2], [6, 6], [0, 1], [5, 6], [1, 1], [5, 5], [1, 0], [5, 4], [2, 0], [4, 4], [3, 0], [4, 3], [3, 1], [5, 3], [4, 1], [5, 4], [5, 1], [6, 4], [6, 1], [7, 4], [6, 2], [7, 3], [6, 3], [7, 4], [6, 2], [6, 4], [7, 2], [6, 5], [7, 1], [6, 4], [7, 0], [7, 4], [6, 0], [7, 5], [5, 0], [7, 6], [6, 0], [6, 6], [6, 1], [5, 6], [6, 0], [4, 6], [6, 1], [3, 6], [6, 0], [3, 7], [6, 1], [3, 6], [6, 0], [2, 6], [6, 1], [2, 5], [6, 0], [2, 4], [6, 1], [2, 5], [6, 0], [3, 5], [6, 1], [2, 5], [6, 0], [1, 5], [6, 1], [1, 6], [6, 0], [0, 6], [6, 1], [0, 7], [6, 0], [1, 7], [6, 1], [2, 7], [6, 0], [2, 6], [7, 0]], "a_eggs_laid": [1, 1, 1, 1, 4, 4, 4, 4, 5, 5, 5, 5, 6, 6, 6, 6, 7, 7, 7, 7, 8, 8, 8, 8, 9, 9, 9, 9, 10, 10, 10, 10, 10, 10, 10, 10, 10, 10, 10, 10, 10, 10, 10, 10, 10, 10, 10, 10, 11, 11, 11, 11, 12, 12, 12, 12, 13, 13, 13, 13, 14, 14, 14, 14, 15, 15, 15, 15, 16, 16, 16, 16, 17, 17, 17, 17, 18, 18, 18, 18], "b_eggs_laid": [0, 1, 1, 1, 1, 2, 2, 2, 2, 3, 3, 3, 3, 4, 4, 4, 4, 5, 5, 5, 5, 6, 6, 6, 6, 7, 7, 7, 7, 8, 8, 8, 8, 9, 9, 9, 9, 12, 12, 12, 12, 13, 13, 13, 13, 13, 13, 13, 13, 13, 13, 13, 13, 13, 13, 13, 13, 13, 13, 13, 13, 13, 13, 13, 13, 13, 13, 13, 13, 13, 13, 13, 13, 13, 13, 13, 13, 13, 13, 13], "a_turds_left": [5, 5, 5, 5, 5, 5, 5, 5, 5, 5, 4, 4, 4, 4, 4, 4, 4, 4, 3, 3, 3, 3, 2, 2, 2, 2, 2, 2, 2, 2, 2, 2, 2, 2, 2, 2, 2, 2, 1, 1, 1, 1, 1, 1, 1, 1, 1, 1, 1, 1, 1, 1, 1, 1, 1, 1, 1, 1, 1, 1, 1, 1, 1, 1, 1, 1, 1, 1, 1, 1, 1, 1, 1, 1, 1, 1, 1, 1, 1, 1], "b_turds_left": [5, 5, 5, 5, 5, 5, 5, 5, 5, 5, 5, 5, 5, 5, 5, 5, 5, 5, 5, 5, 5, 5, 5, 5, 5, 5, 5, 5, 5, 5, 5, 5, 5, 5, 5, 5, 5, 5, 5, 5, 5, 5, 5, 5, 5, 5, 5, 5, 5, 5, 5, 5, 5, 5, 5, 5, 5, 5, 5, 5, 5, 5, 5, 5, 5, 5, 5, 5, 5, 5, 5, 5, 5, 5, 5, 5, 5, 5, 5, 4], "a_time_left": [358.15673866699217, 358.15673866699217, 357.37428570899647, 357.37428570899647, 356.3673202510108, 356.3673202510108, 355.703536584042, 355.703536584042, 353.14510887500364, 353.14510887500364, 351.6589617090067, 351.6589617090067, 349.4833727500518, 349.4833727500518, 348.40396708407206, 348.40396708407206, 345.69040695909644, 345.69040695909644, 343.94044487614883, 343.94044487614883, 341.5842408341705, 341.5842408341705, 340.1908462091815, 340.1908462091815, 337.9312937092036, 337.9312937092036, 337.32621829223353, 337.32621829223353, 337.0815314592328, 337.0815314592328, 336.6674680422293, 336.6674680422293, 336.314030542213, 336.314030542213, 335.94714279222535, 335.94714279222535, 335.6164232082083, 335.6164232082083, 335.30860391719034, 335.30860391719034, 334.8505652922322, 334.8505652922322, 334.6830141671817, 334.6830141671817, 334.2597428341978, 334.2597428341978, 334.112337459228, 334.112337459228, 332.87720558419824, 332.87720558419824, 332.6090516682016, 332.6090516682016, 332.037670334219, 332.037670334219, 331.77717204322107, 331.77717204322107, 330.9514057932538, 330.9514057932538, 330.6829464182956, 330.6829464182956, 329.66248050227296, 329.66248050227296, 329.3791645442834, 329.3791645442834, 328.2119745023083, 328.2119745023083, 327.98394004331203, 327.98394004331203, 327.2541640433483, 327.2541640433483, 327.0324101262959, 327.0324101262959, 326.4926173762651, 326.4926173762651, 326.39400283427676, 326.39400283427676, 325.6897742092842, 325.6897742092842, 325.65295995929046, 325.65295995929046], "b_time_left": [360, 358.84737466601655, 358.84737466601655, 358.1233482080279, 358.1233482080279, 356.70109050004976, 356.70109050004976, 355.4546260830248, 355.4546260830248, 353.1784195409855, 353.1784195409855, 351.2650940819876, 351.2650940819876, 349.34996045700973, 349.34996045700973, 347.8521582490066, 347.8521582490066, 345.68985454103677, 345.68985454103677, 344.14260874903994, 344.14260874903994, 343.1929212490213, 343.1929212490213, 341.86896795703797, 341.86896795703797, 340.9958374160342, 340.9958374160342, 340.52774725004565, 340.52774725004565, 340.43966666708, 340.43966666708, 340.1231352920877, 340.1231352920877, 339.8487603760441, 339.8487603760441, 339.58564995904453, 339.58564995904453, 339.3744451670791, 339.3744451670791, 339.16494941711426, 339.16494941711426, 338.89587812509853, 338.89587812509853, 338.604246000119, 338.604246000119, 338.1733987501357, 338.1733987501357, 337.47116954112425, 337.47116954112425, 336.89612370711984, 336.89612370711984, 336.3950547911227, 336.3950547911227, 335.91170245810645, 335.91170245810645, 335.2528926670784, 335.2528926670784, 334.753765459056, 334.753765459056, 334.0402055840823, 334.0402055840823, 333.572221043054, 333.572221043054, 333.00435754301725, 333.00435754301725, 332.6832037510467, 332.6832037510467, 332.1960224590148, 332.1960224590148, 331.91000470903236, 331.91000470903236, 331.648686959059, 331.648686959059, 331.5081965420395, 331.5081965420395, 331.21794845804106, 331.21794845804106, 331.1387657910236, 331.1387657910236, 331.13169849902624], "a_moves_left": [39, 39, 38, 38, 37, 37, 36, 36, 35, 35, 34, 34, 33, 33, 32, 32, 31, 31, 30, 30, 29, 29, 28, 28, 27, 27, 26, 26, 25, 25, 24, 24, 23, 23, 22, 22, 21, 21, 20, 20, 19, 19, 18, 18, 17, 17, 16, 16, 15, 15, 14, 14, 13, 13, 12, 12, 11, 11, 10, 10, 9, 9, 8, 8, 7, 7, 6, 6, 5, 5, 4, 4, 3, 3, 2, 2, 1, 1, 0, 0], "b_moves_left": [40, 39, 39, 38, 38, 37, 37, 36, 36, 35, 35, 34, 34, 33, 33, 32, 32, 31, 31, 30, 30, 29, 29, 28, 28, 27, 27, 26, 26, 25, 25, 24, 24, 23, 23, 22, 22, 21, 21, 20, 20, 19, 19, 18, 18, 17, 17, 16, 16, 15, 15, 14, 14, 13, 13, 12, 12, 11, 11, 10, 10, 9, 9, 8, 8, 7, 7, 6, 6, 5, 5, 4, 4, 3, 3, 2, 2, 1, 1, 0], "trapdoor_triggered": [0, 0, 0, 0, 0, 0, 0, 0, 0, 0, 0, 0, 0, 0, 0, 0, 0, 0, 0, 0, 0, 0, 0, 0, 0, 0, 0, 0, 0, 0, 0, 0, 0, 0, 0, 0, 0, 0, 0, 0, 0, 0, 0, 0, 0, 0, 0, 0, 0, 0, 0, 0, 0, 0, 0, 0, 0, 0, 0, 0, 0, 0, 0, 0, 0, 0, 0, 0, 0, 0, 0, 0, 0, 0, 0, 0, 0, 0, 0, 0], "left_behind": ["egg", "egg", "plain", "plain", "egg", "egg", "plain", "plain", "egg", "egg", "turd", "plain", "egg", "egg", "plain", "plain", "egg", "egg", "turd", "plain", "egg", "egg", "turd", "plain", "egg", "egg", "plain", "plain", "egg", "egg", "plain", "plain", "plain", "egg", "plain", "plain", "plain", "egg", "turd", "plain", "plain", "egg", "plain", "plain", "plain", "plain", "plain", "plain", "egg", "plain", "plain", "plain", "egg", "plain", "plain", "plain", "egg", "plain", "plain", "plain", "egg", "plain", "plain", "plain", "egg", "plain", "plain", "plain", "egg", "plain", "plain", "plain", "egg", "plain", "plain", "plain", "egg", "plain", "plain", "turd"], "errlog_a": "", "errlog_b": "", "start_time": 360, "start_moves": 40, "turn_count": 80, "result": 0, "reason": "EGGS_LAID", "trapdoors": [[4, 2], [3, 2]], "spawn_a": [7, 5], "spawn_b": [0, 5]}