{"pos": [[0, 5], [7, 5], [0, 4], [7, 4], [0, 3], [7, 3], [0, 2], [7, 2], [0, 1], [7, 1], [0, 0], [7, 0], [1, 0], [7, 1], [2, 0], [6, 1], [2, 1], [6, 2], [2, 2], [5, 2], [2, 3], [4, 2], [0, 6], [4, 1], [1, 6], [4, 0], [2, 6], [3, 0], [3, 6], [4, 0], [4, 6], [5, 0], [4, 5], [6, 0], [5, 5], [6, 1], [4, 5], [6, 2], [3, 5], [6, 3], [2, 5], [6, 4], [1, 5], [6, 5], [1, 6], [6, 6], [1, 7], [6, 7], [1, 6], [5, 7], [1, 5], [4, 7], [1, 4], [5, 7], [1, 3], [4, 7], [1, 2], [5, 7], [1, 1], [5, 6], [2, 1], [6, 6], [3, 1], [6, 5], [3, 2], [6, 4], [3, 3], [5, 4], [2, 3], [4, 4], [1, 3], [5, 4], [1, 4], [5, 3], [1, 5], [5, 2], [2, 5], [5, 1], [2, 6], [5, 0]], "a_eggs_laid": [1, 1, 1, 1, 2, 2, 2, 2, 3, 3, 3, 3, 6, 6, 6, 6, 7, 7, 7, 7, 8, 8, 8, 8, 8, 8, 8, 8, 9, 9, 9, 9, 10, 10, 10, 10, 11, 11, 11, 11, 12, 12, 12, 12, 13, 13, 13, 13, 14, 14, 14, 14, 14, 14, 14, 14, 15, 15, 15, 15, 16, 16, 16, 16, 17, 17, 17, 17, 17, 17, 17, 17, 17, 17, 17, 17, 17, 17, 17, 17], "b_eggs_laid": [0, 1, 1, 1, 1, 2, 2, 2, 2, 3, 3, 3, 3, 6, 6, 6, 6, 7, 7, 7, 7, 8, 8, 12, 12, 13, 13, 13, 13, 14, 14, 14, 14, 15, 15, 15, 15, 15, 15, 15, 15, 16, 16, 16, 16, 17, 17, 17, 17, 18, 18, 18, 18, 19, 19, 19, 19, 19, 19, 19, 19, 20, 20, 20, 20, 20, 20, 20, 20, 21, 21, 21, 21, 21, 21, 21, 21, 21, 21, 21], "a_turds_left": [5, 5, 5, 5, 5, 5, 5, 5, 5, 5, 5, 5, 5, 5, 5, 5, 5, 5, 5, 5, 5, 5, 4, 4, 4, 4, 4, 4, 4, 4, 4, 4, 4, 4, 4, 4, 4, 4, 4, 4, 4, 4, 4, 4, 4, 4, 4, 4, 4, 4, 4, 4, 4, 4, 4, 4, 4, 4, 4, 4, 4, 4, 4, 4, 4, 4, 4, 4, 3, 3, 3, 3, 3, 3, 3, 3, 3, 3, 3, 3], "b_turds_left": [5, 5, 5, 5, 5, 5, 5, 5, 5, 5, 5, 5, 5, 5, 5, 5, 5, 5, 5, 5, 5, 5, 5, 5, 5, 5, 5, 5, 5, 5, 5, 5, 5, 5, 5, 5, 5, 5, 5, 5, 5, 5, 5, 5, 5, 5, 5, 5, 5, 5, 5, 5, 5, 5, 5, 5, 5, 5, 5, 5, 5, 5, 5, 5, 5, 5, 5, 5, 5, 5, 5, 4, 4, 4, 4, 4, 4, 4, 4, 3], "a_time_left": [359.1670608749846, 359.1670608749846, 358.68177604099037, 358.68177604099037, 357.59487912396435, 357.59487912396435, 357.1248511239537, 357.1248511239537, 356.0179818739416, 356.0179818739416, 355.66337004094385, 355.66337004094385, 355.175405540911, 355.175405540911, 354.771200540883, 354.771200540883, 352.8755944988807, 352.8755944988807, 351.84944199892925, 351.84944199892925, 348.98504783195676, 348.98504783195676, 347.9402674569865, 347.9402674569865, 347.3603373739752, 347.3603373739752, 346.82022845797474, 346.82022845797474, 345.5724325830233, 345.5724325830233, 345.1610612079967, 345.1610612079967, 343.7838358330191, 343.7838358330191, 343.5084200000274, 343.5084200000274, 342.7332332090009, 342.7332332090009, 342.07641258399235, 342.07641258399235, 339.1668682919699, 339.1668682919699, 338.5275101260049, 338.5275101260049, 337.222422751016, 337.222422751016, 336.7835801669862, 336.7835801669862, 336.02712841698667, 336.02712841698667, 335.7487557089771, 335.7487557089771, 335.51506141695427, 335.51506141695427, 335.22871208400466, 335.22871208400466, 334.9113902919926, 334.9113902919926, 334.6539258339908, 334.6539258339908, 333.7050420420128, 333.7050420420128, 333.55630820803344, 333.55630820803344, 333.3082012489904, 333.3082012489904, 332.8651317489566, 332.8651317489566, 331.8476023739786, 331.8476023739786, 331.7849182909704, 331.7849182909704, 331.7079643320176, 331.7079643320176, 331.6048445820343, 331.6048445820343, 331.36439470702317, 331.36439470702317, 331.33771487302147, 331.33771487302147], "b_time_left": [360, 359.1163552500075, 359.1163552500075, 358.5006297500222, 358.5006297500222, 357.41494675003923, 357.41494675003923, 356.77554545906605, 356.77554545906605, 355.9911925420747, 355.9911925420747, 355.50121383403894, 355.50121383403894, 354.6736490840558, 354.6736490840558, 353.9457085010363, 353.9457085010363, 351.17626937601017, 351.17626937601017, 350.0232750849682, 350.0232750849682, 348.15728558495175, 348.15728558495175, 347.91178408497944, 347.91178408497944, 346.4176291259937, 346.4176291259937, 345.67282891698414, 345.67282891698414, 344.56087391695473, 344.56087391695473, 343.8801236670115, 343.8801236670115, 342.72833041701233, 342.72833041701233, 341.99551466701087, 341.99551466701087, 341.4588137510582, 341.4588137510582, 340.52588191704126, 340.52588191704126, 339.3268260000623, 339.3268260000623, 338.4369956670562, 338.4369956670562, 337.68848637503106, 337.68848637503106, 337.1106683750404, 337.1106683750404, 336.7856038750033, 336.7856038750033, 336.570652541006, 336.570652541006, 336.27224541601026, 336.27224541601026, 335.7042537910165, 335.7042537910165, 335.6372646249947, 335.6372646249947, 335.1994255409809, 335.1994255409809, 334.9369999159826, 334.9369999159826, 334.6332754569594, 334.6332754569594, 334.43131316493964, 334.43131316493964, 333.94612991495524, 333.94612991495524, 333.7587916649645, 333.7587916649645, 333.69398258195724, 333.69398258195724, 333.60731283191126, 333.60731283191126, 333.4760958318948, 333.4760958318948, 333.43209045688855, 333.43209045688855, 333.4268242488615], "a_moves_left": [39, 39, 38, 38, 37, 37, 36, 36, 35, 35, 34, 34, 33, 33, 32, 32, 31, 31, 30, 30, 29, 29, 28, 28, 27, 27, 26, 26, 25, 25, 24, 24, 23, 23, 22, 22, 21, 21, 20, 20, 19, 19, 18, 18, 17, 17, 16, 16, 15, 15, 14, 14, 13, 13, 12, 12, 11, 11, 10, 10, 9, 9, 8, 8, 7, 7, 6, 6, 5, 5, 4, 4, 3, 3, 2, 2, 1, 1, 0, 0], "b_moves_left": [40, 39, 39, 38, 38, 37, 37, 36, 36, 35, 35, 34, 34, 33, 33, 32, 32, 31, 31, 30, 30, 29, 29, 28, 28, 27, 27, 26, 26, 25, 25, 24, 24, 23, 23, 22, 22, 21, 21, 20, 20, 19, 19, 18, 18, 17, 17, 16, 16, 15, 15, 14, 14, 13, 13, 12, 12, 11, 11, 10, 10, 9, 9, 8, 8, 7, 7, 6, 6, 5, 5, 4, 4, 3, 3, 2, 2, 1, 1, 0], "trapdoor_triggered": [0, 0, 0, 0, 0, 0, 0, 0, 0, 0, 0, 0, 0, 0, 0, 0, 0, 0, 0, 0, 0, 0, 1, 0, 0, 0, 0, 0, 0, 0, 0, 0, 0, 0, 0, 0, 0, 0, 0, 0, 0, 0, 0, 0, 0, 0, 0, 0, 0, 0, 0, 0, 0, 0, 0, 0, 0, 0, 0, 0, 0, 0, 0, 0, 0, 0, 0, 0, 0, 0, 0, 0, 0, 0, 0, 0, 0, 0, 0, 0], "left_behind": ["egg", "egg", "plain", "plain", "egg", "egg", "plain", "plain", "egg", "egg", "plain", "plain", "egg", "egg", "plain", "plain", "egg", "egg", "plain", "plain", "egg", "egg", "turd", "plain", "plain", "egg", "plain", "plain", "egg", "egg", "plain", "plain", "egg", "egg", "plain", "plain", "egg", "plain", "plain", "plain", "egg", "egg", "plain", "plain", "egg", "egg", "plain", "plain", "egg", "egg", "plain", "plain", "plain", "egg", "plain", "plain", "egg", "plain", "plain", "plain", "egg", "egg", "plain", "plain", "egg", "plain", "plain", "plain", "turd", "egg", "plain", "turd", "plain", "plain", "plain", "plain", "plain", "plain", "plain", "turd"], "errlog_a": "", "errlog_b": "", "start_time": 360, "start_moves": 40, "turn_count": 80, "result": 1, "reason": "EGGS_LAID", "trapdoors": [[2, 4], [4, 3]], "spawn_a": [0, 6], "spawn_b": [7, 6]}