{"pos": [[0, 3], [7, 1], [1, 3], [7, 0], [2, 3], [7, 1], [2, 4], [6, 1], [1, 4], [6, 2], [0, 4], [6, 3], [1, 4], [6, 4], [1, 5], [7, 4], [2, 5], [7, 5], [2, 6], [7, 6], [2, 5], [7, 5], [3, 5], [6, 5], [0, 2], [6, 6], [1, 2], [6, 7], [2, 2], [6, 6], [2, 1], [5, 6], [2, 0], [7, 2], [3, 0], [6, 2], [3, 1], [5, 2], [2, 1], [4, 2], [1, 1], [3, 2], [1, 0], [4, 2], [0, 0], [4, 1], [1, 0], [5, 1], [2, 0], [5, 0], [2, 1], [6, 0], [1, 1], [6, 1], [2, 1], [6, 0], [1, 1], [6, 1], [1, 0], [6, 0], [1, 1], [6, 1], [0, 1], [6, 0], [0, 2], [6, 1], [0, 3], [6, 0], [0, 4], [6, 1], [0, 5], [6, 0], [0, 6], [6, 1], [0, 7], [6, 0], [1, 7], [7, 0], [1, 6], [6, 0]], "a_eggs_laid": [1, 1, 1, 1, 2, 2, 2, 2, 3, 3, 3, 3, 4, 4, 4, 4, 5, 5, 5, 5, 6, 6, 6, 6, 7, 7, 7, 7, 7, 7, 8, 8, 8, 8, 13, 13, 13, 13, 14, 14, 14, 14, 15, 15, 15, 15, 18, 18, 18, 18, 18, 18, 18, 18, 18, 18, 18, 18, 18, 18, 18, 18, 18, 18, 18, 18, 18, 18, 18, 18, 18, 18, 18, 18, 19, 19, 19, 19, 20, 20], "b_eggs_laid": [0, 1, 1, 1, 1, 4, 4, 4, 4, 5, 5, 5, 5, 6, 6, 6, 6, 7, 7, 7, 7, 8, 8, 8, 8, 13, 13, 13, 13, 14, 14, 14, 14, 15, 15, 15, 15, 15, 15, 16, 16, 16, 16, 17, 17, 17, 17, 18, 18, 18, 18, 19, 19, 19, 19, 19, 19, 19, 19, 19, 19, 19, 19, 19, 19, 19, 19, 19, 19, 19, 19, 19, 19, 19, 19, 19, 19, 19, 19, 19], "a_turds_left": [5, 5, 5, 5, 5, 5, 4, 4, 4, 4, 4, 4, 4, 4, 4, 4, 4, 4, 3, 3, 3, 3, 3, 3, 3, 3, 3, 3, 2, 2, 2, 2, 2, 2, 2, 2, 1, 1, 1, 1, 1, 1, 1, 1, 1, 1, 1, 1, 1, 1, 1, 1, 1, 1, 1, 1, 1, 1, 1, 1, 1, 1, 1, 1, 1, 1, 1, 1, 1, 1, 1, 1, 1, 1, 1, 1, 1, 1, 1, 1], "b_turds_left": [5, 5, 5, 5, 5, 5, 5, 5, 5, 5, 5, 5, 5, 5, 5, 5, 5, 5, 5, 5, 5, 5, 5, 5, 5, 5, 5, 5, 5, 5, 5, 5, 5, 5, 5, 5, 5, 5, 5, 5, 5, 5, 5, 5, 5, 5, 5, 5, 5, 5, 5, 5, 5, 5, 5, 5, 5, 5, 5, 5, 5, 5, 5, 5, 5, 5, 5, 5, 5, 5, 5, 5, 5, 5, 5, 5, 5, 4, 4, 4], "a_time_left": [358.47745137498714, 358.47745137498714, 357.8582009159727, 357.8582009159727, 356.34004558296874, 356.34004558296874, 355.20908391597914, 355.20908391597914, 351.95114108297275, 351.95114108297275, 350.61843054095516, 350.61843054095516, 348.3186979989405, 348.3186979989405, 346.7608944159001, 346.7608944159001, 344.1778756248532, 344.1778756248532, 342.8492521668668, 342.8492521668668, 341.0814924998558, 341.0814924998558, 340.68452045787126, 340.68452045787126, 337.7349083328736, 337.7349083328736, 337.2588019989198, 337.2588019989198, 336.38319724897156, 336.38319724897156, 335.17520374892047, 335.17520374892047, 334.14898787392303, 334.14898787392303, 333.48418795794714, 333.48418795794714, 332.78598187392345, 332.78598187392345, 330.368477581942, 330.368477581942, 329.8033778319368, 329.8033778319368, 329.1400502479519, 329.1400502479519, 328.8140082899481, 328.8140082899481, 328.19363483192865, 328.19363483192865, 327.89652212394867, 327.89652212394867, 327.59681141591864, 327.59681141591864, 327.4369659158983, 327.4369659158983, 327.1835998739116, 327.1835998739116, 327.0240968319122, 327.0240968319122, 326.7718013318954, 326.7718013318954, 326.63948520686245, 326.63948520686245, 326.3918683738448, 326.3918683738448, 326.2940559988492, 326.2940559988492, 326.0725569568458, 326.0725569568458, 325.95191362383775, 325.95191362383775, 325.7158804568462, 325.7158804568462, 325.5909679988399, 325.5909679988399, 324.6454131648061, 324.6454131648061, 324.5661394148483, 324.5661394148483, 324.55454803979956, 324.55454803979956], "b_time_left": [360, 358.2141535829869, 358.2141535829869, 356.91346912493464, 356.91346912493464, 354.9994734158972, 354.9994734158972, 353.81120341591304, 353.81120341591304, 350.8709315818851, 350.8709315818851, 349.57086395687656, 349.57086395687656, 347.7290272478713, 347.7290272478713, 346.0662240808597, 346.0662240808597, 343.7813895388972, 343.7813895388972, 342.8387974978541, 342.8387974978541, 342.2153284138185, 342.2153284138185, 341.2064690388506, 341.2064690388506, 340.4993601638125, 340.4993601638125, 339.5751840798184, 339.5751840798184, 338.2816109958221, 338.2816109958221, 337.12715845386265, 337.12715845386265, 335.5253034538473, 335.5253034538473, 334.9768385788193, 334.9768385788193, 333.89398345380323, 333.89398345380323, 332.7033334947773, 332.7033334947773, 332.03950278577395, 332.03950278577395, 331.88477257674094, 331.88477257674094, 331.5990222017281, 331.5990222017281, 331.3710764927091, 331.3710764927091, 331.1229608677095, 331.1229608677095, 330.85898761771386, 330.85898761771386, 330.6522334096953, 330.6522334096953, 330.4778617437114, 330.4778617437114, 330.2710636187112, 330.2710636187112, 330.13798457669327, 330.13798457669327, 329.930910576717, 329.930910576717, 329.77665224374505, 329.77665224374505, 329.6102046187152, 329.6102046187152, 329.40635132673196, 329.40635132673196, 329.14543549274094, 329.14543549274094, 328.7415547427372, 328.7415547427372, 328.2474639507709, 328.2474639507709, 327.94977203477174, 327.94977203477174, 327.8965787847992, 327.8965787847992, 327.89447636780096], "a_moves_left": [39, 39, 38, 38, 37, 37, 36, 36, 35, 35, 34, 34, 33, 33, 32, 32, 31, 31, 30, 30, 29, 29, 28, 28, 27, 27, 26, 26, 25, 25, 24, 24, 23, 23, 22, 22, 21, 21, 20, 20, 19, 19, 18, 18, 17, 17, 16, 16, 15, 15, 14, 14, 13, 13, 12, 12, 11, 11, 10, 10, 9, 9, 8, 8, 7, 7, 6, 6, 5, 5, 4, 4, 3, 3, 2, 2, 1, 1, 0, 0], "b_moves_left": [40, 39, 39, 38, 38, 37, 37, 36, 36, 35, 35, 34, 34, 33, 33, 32, 32, 31, 31, 30, 30, 29, 29, 28, 28, 27, 27, 26, 26, 25, 25, 24, 24, 23, 23, 22, 22, 21, 21, 20, 20, 19, 19, 18, 18, 17, 17, 16, 16, 15, 15, 14, 14, 13, 13, 12, 12, 11, 11, 10, 10, 9, 9, 8, 8, 7, 7, 6, 6, 5, 5, 4, 4, 3, 3, 2, 2, 1, 1, 0], "trapdoor_triggered": [0, 0, 0, 0, 0, 0, 0, 0, 0, 0, 0, 0, 0, 0, 0, 0, 0, 0, 0, 0, 0, 0, 0, 0, 1, 0, 0, 0, 0, 0, 0, 0, 0, 1, 0, 0, 0, 0, 0, 0, 0, 0, 0, 0, 0, 0, 0, 0, 0, 0, 0, 0, 0, 0, 0, 0, 0, 0, 0, 0, 0, 0, 0, 0, 0, 0, 0, 0, 0, 0, 0, 0, 0, 0, 0, 0, 0, 0, 0, 0], "left_behind": ["egg", "egg", "plain", "plain", "egg", "egg", "turd", "plain", "egg", "egg", "plain", "plain", "egg", "egg", "plain", "plain", "egg", "egg", "turd", "plain", "egg", "egg", "plain", "plain", "egg", "egg", "plain", "plain", "turd", "egg", "egg", "plain", "plain", "egg", "egg", "plain", "turd", "plain", "egg", "egg", "plain", "plain", "egg", "egg", "plain", "plain", "egg", "egg", "plain", "plain", "plain", "egg", "plain", "plain", "plain", "plain", "plain", "plain", "plain", "plain", "plain", "plain", "plain", "plain", "plain", "plain", "plain", "plain", "plain", "plain", "plain", "plain", "plain", "plain", "egg", "plain", "plain", "turd", "egg", "plain"], "errlog_a": "", "errlog_b": "", "start_time": 360, "start_moves": 40, "turn_count": 80, "result": 0, "reason": "EGGS_LAID", "trapdoors": [[5, 5], [3, 4]], "spawn_a": [0, 2], "spawn_b": [7, 2]}