{"pos": [[7, 4], [0, 2], [7, 5], [0, 1], [6, 5], [1, 1], [6, 6], [1, 0], [5, 6], [2, 0], [5, 5], [3, 0], [6, 5], [4, 0], [6, 4], [4, 1], [6, 3], [3, 1], [5, 3], [3, 2], [6, 3], [3, 1], [6, 2], [2, 1], [5, 2], [0, 3], [5, 1], [0, 2], [6, 1], [1, 2], [6, 0], [1, 3], [6, 1], [2, 3], [7, 1], [2, 4], [7, 0], [3, 4], [6, 0], [2, 4], [5, 0], [2, 5], [4, 0], [2, 4], [5, 0], [1, 4], [5, 1], [1, 5], [5, 2], [1, 6], [4, 2], [1, 5], [4, 3], [0, 5], [3, 3], [0, 4], [4, 3], [1, 4], [4, 4], [1, 5], [7, 3], [1, 4], [6, 3], [1, 3], [6, 2], [1, 2], [6, 3], [1, 1], [6, 4], [1, 0], [5, 4], [2, 0], [4, 4], [3, 0], [7, 3], [3, 1], [6, 3], [3, 0], [5, 3], [3, 1]], "a_eggs_laid": [1, 1, 1, 1, 2, 2, 2, 2, 3, 3, 3, 3, 4, 4, 4, 4, 5, 5, 5, 5, 6, 6, 6, 6, 7, 7, 11, 11, 12, 12, 12, 12, 13, 13, 13, 13, 14, 14, 14, 14, 14, 14, 14, 14, 15, 15, 15, 15, 15, 15, 15, 15, 16, 16, 16, 16, 17, 17, 17, 17, 18, 18, 18, 18, 18, 18, 18, 18, 18, 18, 18, 18, 18, 18, 18, 18, 18, 18, 18, 18], "b_eggs_laid": [0, 1, 1, 1, 1, 2, 2, 2, 2, 3, 3, 3, 3, 4, 4, 4, 4, 5, 5, 5, 5, 6, 6, 6, 6, 7, 7, 7, 7, 7, 7, 8, 8, 8, 8, 9, 9, 9, 9, 10, 10, 10, 10, 11, 11, 11, 11, 12, 12, 12, 12, 13, 13, 13, 13, 14, 14, 14, 14, 14, 14, 18, 18, 18, 18, 18, 18, 18, 18, 18, 18, 18, 18, 18, 18, 22, 22, 22, 22, 22], "a_turds_left": [5, 5, 5, 5, 5, 5, 5, 5, 5, 5, 4, 4, 4, 4, 3, 3, 3, 3, 3, 3, 3, 3, 2, 2, 2, 2, 2, 2, 2, 2, 2, 2, 2, 2, 1, 1, 1, 1, 1, 1, 1, 1, 1, 1, 1, 1, 1, 1, 1, 1, 1, 1, 1, 1, 1, 1, 1, 1, 1, 1, 1, 1, 1, 1, 1, 1, 1, 1, 1, 1, 1, 1, 1, 1, 1, 1, 1, 1, 1, 1], "b_turds_left": [5, 5, 5, 5, 5, 5, 5, 5, 5, 5, 5, 5, 5, 5, 5, 5, 5, 5, 5, 5, 5, 5, 5, 5, 5, 5, 5, 5, 5, 5, 5, 5, 5, 5, 5, 5, 5, 5, 5, 5, 5, 5, 5, 5, 5, 5, 5, 5, 5, 5, 5, 5, 5, 5, 5, 5, 5, 5, 5, 5, 5, 5, 5, 5, 5, 5, 5, 5, 5, 5, 5, 5, 5, 5, 5, 5, 5, 4, 4, 4], "a_time_left": [358.3746924579609, 358.3746924579609, 357.51084612391423, 357.51084612391423, 355.94242458295776, 355.94242458295776, 354.54633166693384, 354.54633166693384, 352.73591004195623, 352.73591004195623, 351.9705137919518, 351.9705137919518, 349.9192799999728, 349.9192799999728, 349.06083987501916, 349.06083987501916, 346.3883496670169, 346.3883496670169, 345.12746158405207, 345.12746158405207, 342.4319687500247, 342.4319687500247, 341.43951950001065, 341.43951950001065, 338.48980766697787, 338.48980766697787, 338.11952212499455, 338.11952212499455, 337.1923472500057, 337.1923472500057, 335.5410599170136, 335.5410599170136, 334.52509954199195, 334.52509954199195, 332.8169832499698, 332.8169832499698, 331.8761787919793, 331.8761787919793, 331.1790647499729, 331.1790647499729, 330.7421682080021, 330.7421682080021, 329.9507247909787, 329.9507247909787, 329.60259829100687, 329.60259829100687, 328.8347036240157, 328.8347036240157, 328.44444283202756, 328.44444283202756, 327.44394458201714, 327.44394458201714, 326.7520306649967, 326.7520306649967, 326.0620772060356, 326.0620772060356, 325.9269214980304, 325.9269214980304, 325.6337618730613, 325.6337618730613, 324.942697707098, 324.942697707098, 324.7802824570681, 324.7802824570681, 324.64069245703286, 324.64069245703286, 324.44083166500786, 324.44083166500786, 324.2897732069832, 324.2897732069832, 324.20843174896436, 324.20843174896436, 324.0637651659781, 324.0637651659781, 323.9495889999671, 323.9495889999671, 323.86710737494286, 323.86710737494286, 323.86139870795887, 323.86139870795887], "b_time_left": [360, 358.52960454201093, 358.52960454201093, 357.63140124996426, 357.63140124996426, 355.7540745419683, 355.7540745419683, 354.34852991701337, 354.34852991701337, 352.63393933302723, 352.63393933302723, 351.4689572080388, 351.4689572080388, 350.541537333047, 350.541537333047, 349.2002737920848, 349.2002737920848, 346.9893495001015, 346.9893495001015, 345.320167542086, 345.320167542086, 343.9808545000851, 343.9808545000851, 342.6491059170803, 342.6491059170803, 341.19478270807303, 341.19478270807303, 340.7804323330638, 340.7804323330638, 340.2355275830487, 340.2355275830487, 338.2288412080379, 338.2288412080379, 337.70130287401844, 337.70130287401844, 336.24975258205086, 336.24975258205086, 335.7972375820391, 335.7972375820391, 335.1712173320702, 335.1712173320702, 334.66447841608897, 334.66447841608897, 333.93300095706945, 333.93300095706945, 333.63909870706266, 333.63909870706266, 332.83567529107677, 332.83567529107677, 332.22639433311997, 332.22639433311997, 330.97248054109514, 330.97248054109514, 330.52104812511243, 330.52104812511243, 330.01182120811427, 330.01182120811427, 329.7273987501394, 329.7273987501394, 329.2076167501509, 329.2076167501509, 329.0450427081669, 329.0450427081669, 328.9532185411663, 328.9532185411663, 328.75434991612565, 328.75434991612565, 328.6712067500921, 328.6712067500921, 328.4111693330924, 328.4111693330924, 328.2387805421022, 328.2387805421022, 327.9868751250906, 327.9868751250906, 327.92720029107295, 327.92720029107295, 327.896323083085, 327.896323083085, 327.8942539161071], "a_moves_left": [39, 39, 38, 38, 37, 37, 36, 36, 35, 35, 34, 34, 33, 33, 32, 32, 31, 31, 30, 30, 29, 29, 28, 28, 27, 27, 26, 26, 25, 25, 24, 24, 23, 23, 22, 22, 21, 21, 20, 20, 19, 19, 18, 18, 17, 17, 16, 16, 15, 15, 14, 14, 13, 13, 12, 12, 11, 11, 10, 10, 9, 9, 8, 8, 7, 7, 6, 6, 5, 5, 4, 4, 3, 3, 2, 2, 1, 1, 0, 0], "b_moves_left": [40, 39, 39, 38, 38, 37, 37, 36, 36, 35, 35, 34, 34, 33, 33, 32, 32, 31, 31, 30, 30, 29, 29, 28, 28, 27, 27, 26, 26, 25, 25, 24, 24, 23, 23, 22, 22, 21, 21, 20, 20, 19, 19, 18, 18, 17, 17, 16, 16, 15, 15, 14, 14, 13, 13, 12, 12, 11, 11, 10, 10, 9, 9, 8, 8, 7, 7, 6, 6, 5, 5, 4, 4, 3, 3, 2, 2, 1, 1, 0], "trapdoor_triggered": [0, 0, 0, 0, 0, 0, 0, 0, 0, 0, 0, 0, 0, 0, 0, 0, 0, 0, 0, 0, 0, 0, 0, 0, 0, 1, 0, 0, 0, 0, 0, 0, 0, 0, 0, 0, 0, 0, 0, 0, 0, 0, 0, 0, 0, 0, 0, 0, 0, 0, 0, 0, 0, 0, 0, 0, 0, 0, 0, 0, 1, 0, 0, 0, 0, 0, 0, 0, 0, 0, 0, 0, 0, 0, 1, 0, 0, 0, 0, 0], "left_behind": ["egg", "egg", "plain", "plain", "egg", "egg", "plain", "plain", "egg", "egg", "turd", "plain", "egg", "egg", "turd", "plain", "egg", "egg", "plain", "plain", "egg", "egg", "turd", "plain", "egg", "egg", "plain", "plain", "egg", "plain", "plain", "egg", "egg", "plain", "turd", "egg", "egg", "plain", "plain", "egg", "plain", "plain", "plain", "egg", "egg", "plain", "plain", "egg", "plain", "plain", "plain", "egg", "egg", "plain", "plain", "egg", "egg", "plain", "plain", "plain", "egg", "plain", "plain", "plain", "plain", "plain", "plain", "plain", "plain", "plain", "plain", "plain", "plain", "plain", "plain", "plain", "plain", "turd", "plain", "plain"], "errlog_a": "", "errlog_b": "", "start_time": 360, "start_moves": 40, "turn_count": 80, "result": 1, "reason": "EGGS_LAID", "trapdoors": [[2, 2], [4, 5]], "spawn_a": [7, 3], "spawn_b": [0, 3]}