{"pos": [[7, 4], [0, 4], [7, 3], [0, 3], [7, 2], [0, 2], [7, 1], [0, 1], [6, 1], [1, 1], [6, 2], [1, 0], [6, 1], [2, 0], [5, 1], [3, 0], [6, 1], [3, 1], [6, 0], [4, 1], [7, 0], [4, 0], [7, 1], [5, 0], [7, 2], [4, 0], [7, 3], [4, 1], [7, 4], [3, 1], [6, 4], [3, 2], [6, 5], [3, 1], [6, 6], [2, 1], [5, 6], [2, 2], [4, 6], [2, 3], [3, 6], [2, 2], [2, 6], [1, 2], [2, 7], [1, 3], [1, 7], [1, 4], [2, 7], [1, 3], [3, 7], [2, 3], [4, 7], [0, 5], [5, 7], [1, 5], [5, 6], [2, 5], [5, 5], [2, 4], [5, 4], [0, 5], [5, 3], [0, 4], [5, 4], [0, 3], [4, 4], [0, 4], [4, 5], [0, 3], [3, 5], [0, 2], [3, 6], [1, 2], [2, 6], [1, 3], [1, 6], [1, 2], [0, 6], [1, 3]], "a_eggs_laid": [1, 1, 1, 1, 2, 2, 2, 2, 3, 3, 3, 3, 4, 4, 4, 4, 5, 5, 5, 5, 6, 6, 6, 6, 6, 6, 6, 6, 6, 6, 6, 6, 7, 7, 7, 7, 8, 8, 8, 8, 9, 9, 9, 9, 10, 10, 10, 10, 11, 11, 11, 11, 12, 12, 16, 16, 17, 17, 17, 17, 18, 18, 22, 22, 23, 23, 23, 23, 24, 24, 24, 24, 25, 25, 25, 25, 25, 25, 25, 25], "b_eggs_laid": [0, 1, 1, 1, 1, 2, 2, 2, 2, 3, 3, 3, 3, 4, 4, 4, 4, 5, 5, 5, 5, 6, 6, 6, 6, 7, 7, 7, 7, 7, 7, 7, 7, 8, 8, 8, 8, 9, 9, 9, 9, 10, 10, 10, 10, 11, 11, 11, 11, 12, 12, 12, 12, 12, 12, 12, 12, 12, 12, 13, 13, 13, 13, 13, 13, 13, 13, 13, 13, 13, 13, 13, 13, 13, 13, 13, 13, 13, 13, 13], "a_turds_left": [5, 5, 5, 5, 5, 5, 5, 5, 5, 5, 5, 5, 5, 5, 5, 5, 5, 5, 5, 5, 5, 5, 5, 5, 5, 5, 5, 5, 5, 5, 5, 5, 5, 5, 5, 5, 5, 5, 5, 5, 5, 5, 5, 5, 5, 5, 5, 5, 5, 5, 5, 5, 5, 5, 5, 5, 5, 5, 5, 5, 5, 5, 5, 5, 5, 5, 5, 5, 5, 5, 5, 5, 5, 5, 5, 5, 5, 5, 5, 5], "b_turds_left": [5, 5, 5, 5, 5, 5, 5, 5, 5, 5, 5, 5, 5, 5, 5, 5, 5, 5, 5, 5, 5, 5, 5, 5, 5, 5, 5, 5, 5, 5, 5, 5, 5, 5, 5, 5, 5, 5, 5, 5, 5, 5, 5, 5, 5, 5, 5, 5, 5, 5, 5, 5, 5, 5, 5, 5, 5, 5, 5, 5, 5, 5, 5, 5, 5, 5, 5, 5, 5, 5, 5, 5, 5, 5, 5, 5, 5, 4, 4, 4], "a_time_left": [358.8108596249949, 358.8108596249949, 358.28917437500786, 358.28917437500786, 356.9256757500116, 356.9256757500116, 356.3639182910556, 356.3639182910556, 354.8467512491043, 354.8467512491043, 353.6354708740837, 353.6354708740837, 351.770711082092, 351.770711082092, 351.03993499907665, 351.03993499907665, 349.65178866608767, 349.65178866608767, 348.9349262910546, 348.9349262910546, 347.98918566602515, 347.98918566602515, 347.8844360410585, 347.8844360410585, 347.7160939160967, 347.7160939160967, 347.55255291610956, 347.55255291610956, 347.32213558314834, 347.32213558314834, 346.71835679217475, 346.71835679217475, 344.2626082501956, 344.2626082501956, 343.50154400023166, 343.50154400023166, 341.0882595832227, 341.0882595832227, 340.29384475020925, 340.29384475020925, 338.27159333316376, 338.27159333316376, 337.78283675020793, 337.78283675020793, 335.9188387921895, 335.9188387921895, 335.5391270002001, 335.5391270002001, 334.4088896661997, 334.4088896661997, 334.17438083316665, 334.17438083316665, 333.7404998331913, 333.7404998331913, 333.60005741618806, 333.60005741618806, 333.2533127911738, 333.2533127911738, 332.7586021241732, 332.7586021241732, 332.0449651661329, 332.0449651661329, 331.7919521241565, 331.7919521241565, 331.39729183213785, 331.39729183213785, 331.21338979015127, 331.21338979015127, 330.7200130401761, 330.7200130401761, 330.5038738321746, 330.5038738321746, 330.3067264572019, 330.3067264572019, 330.05000574921723, 330.05000574921723, 329.91540508222533, 329.91540508222533, 329.9027871232247, 329.9027871232247], "b_time_left": [360, 359.20721404097276, 359.20721404097276, 358.62040829099715, 358.62040829099715, 357.8074450829881, 357.8074450829881, 357.2018114159582, 357.2018114159582, 355.6610419989447, 355.6610419989447, 354.4697453319095, 354.4697453319095, 353.4632175398874, 353.4632175398874, 352.61525328987045, 352.61525328987045, 351.93735908088274, 351.93735908088274, 351.1343757058494, 351.1343757058494, 350.9376971228048, 350.9376971228048, 350.7698545817984, 350.7698545817984, 350.6704103318043, 350.6704103318043, 350.47049395681825, 350.47049395681825, 350.11287129082484, 350.11287129082484, 348.88283066585427, 348.88283066585427, 346.7472092908574, 346.7472092908574, 345.9057354988763, 345.9057354988763, 343.76855041488307, 343.76855041488307, 342.99331116490066, 342.99331116490066, 341.00163291493664, 341.00163291493664, 340.31380303995684, 340.31380303995684, 339.25200824893545, 339.25200824893545, 338.7015833739424, 338.7015833739424, 338.00291928992374, 338.00291928992374, 337.39312153996434, 337.39312153996434, 337.21199824800715, 337.21199824800715, 337.0265390399727, 337.0265390399727, 336.7553961649537, 336.7553961649537, 335.8997779149795, 335.8997779149795, 335.46902841498377, 335.46902841498377, 335.13975145702716, 335.13975145702716, 334.90829420706723, 334.90829420706723, 334.6023374990327, 334.6023374990327, 334.4438232490211, 334.4438232490211, 334.294874248968, 334.294874248968, 334.2064671649714, 334.2064671649714, 334.07174541492714, 334.07174541492714, 334.0220866649761, 334.0220866649761, 334.02023528993595], "a_moves_left": [39, 39, 38, 38, 37, 37, 36, 36, 35, 35, 34, 34, 33, 33, 32, 32, 31, 31, 30, 30, 29, 29, 28, 28, 27, 27, 26, 26, 25, 25, 24, 24, 23, 23, 22, 22, 21, 21, 20, 20, 19, 19, 18, 18, 17, 17, 16, 16, 15, 15, 14, 14, 13, 13, 12, 12, 11, 11, 10, 10, 9, 9, 8, 8, 7, 7, 6, 6, 5, 5, 4, 4, 3, 3, 2, 2, 1, 1, 0, 0], "b_moves_left": [40, 39, 39, 38, 38, 37, 37, 36, 36, 35, 35, 34, 34, 33, 33, 32, 32, 31, 31, 30, 30, 29, 29, 28, 28, 27, 27, 26, 26, 25, 25, 24, 24, 23, 23, 22, 22, 21, 21, 20, 20, 19, 19, 18, 18, 17, 17, 16, 16, 15, 15, 14, 14, 13, 13, 12, 12, 11, 11, 10, 10, 9, 9, 8, 8, 7, 7, 6, 6, 5, 5, 4, 4, 3, 3, 2, 2, 1, 1, 0], "trapdoor_triggered": [0, 0, 0, 0, 0, 0, 0, 0, 0, 0, 0, 0, 0, 0, 0, 0, 0, 0, 0, 0, 0, 0, 0, 0, 0, 0, 0, 0, 0, 0, 0, 0, 0, 0, 0, 0, 0, 0, 0, 0, 0, 0, 0, 0, 0, 0, 0, 0, 0, 0, 0, 0, 0, 1, 0, 0, 0, 0, 0, 0, 0, 1, 0, 0, 0, 0, 0, 0, 0, 0, 0, 0, 0, 0, 0, 0, 0, 0, 0, 0], "left_behind": ["egg", "egg", "plain", "plain", "egg", "egg", "plain", "plain", "egg", "egg", "plain", "plain", "egg", "egg", "plain", "plain", "egg", "egg", "plain", "plain", "egg", "egg", "plain", "plain", "plain", "egg", "plain", "plain", "plain", "plain", "plain", "plain", "egg", "egg", "plain", "plain", "egg", "egg", "plain", "plain", "egg", "egg", "plain", "plain", "egg", "egg", "plain", "plain", "egg", "egg", "plain", "plain", "egg", "plain", "plain", "plain", "egg", "plain", "plain", "egg", "egg", "plain", "plain", "plain", "egg", "plain", "plain", "plain", "egg", "plain", "plain", "plain", "egg", "plain", "plain", "plain", "plain", "turd", "plain", "plain"], "errlog_a": "", "errlog_b": "", "start_time": 360, "start_moves": 40, "turn_count": 80, "result": 0, "reason": "EGGS_LAID", "trapdoors": [[3, 3], [3, 4]], "spawn_a": [7, 5], "spawn_b": [0, 5]}