{"pos": [[0, 3], [7, 3], [0, 2], [7, 2], [0, 3], [7, 1], [1, 3], [7, 0], [1, 4], [7, 1], [2, 4], [6, 1], [3, 4], [6, 2], [3, 5], [6, 3], [2, 5], [6, 4], [2, 6], [6, 5], [3, 6], [6, 6], [3, 7], [5, 6], [2, 7], [5, 7], [1, 7], [4, 7], [0, 7], [5, 7], [0, 6], [5, 6], [0, 5], [6, 6], [1, 5], [7, 6], [1, 6], [6, 6], [2, 6], [6, 7], [3, 6], [6, 6], [4, 6], [6, 5], [3, 6], [5, 5], [3, 5], [5, 4], [3, 4], [5, 3], [0, 4], [5, 2], [0, 5], [5, 1], [1, 5], [5, 0], [0, 5], [5, 1], [0, 6], [4, 1], [1, 6], [3, 1], [2, 6], [3, 0], [2, 7], [3, 1], [2, 6], [7, 4], [2, 7], [7, 3], [1, 7], [7, 2], [0, 7], [7, 1], [1, 7], [7, 2], [0, 7], [7, 1], [0, 6], [7, 0]], "a_eggs_laid": [1, 1, 1, 1, 2, 2, 2, 2, 3, 3, 3, 3, 4, 4, 4, 4, 5, 5, 5, 5, 6, 6, 6, 6, 7, 7, 7, 7, 8, 8, 8, 8, 9, 9, 9, 9, 10, 10, 10, 10, 10, 10, 10, 10, 11, 11, 11, 11, 11, 11, 11, 11, 11, 11, 11, 11, 11, 11, 11, 11, 11, 11, 11, 11, 11, 11, 11, 11, 15, 15, 15, 15, 15, 15, 15, 15, 15, 15, 15, 15], "b_eggs_laid": [0, 1, 1, 1, 1, 2, 2, 2, 2, 5, 5, 5, 5, 6, 6, 6, 6, 7, 7, 7, 7, 8, 8, 8, 8, 9, 9, 9, 9, 10, 10, 10, 10, 10, 10, 10, 10, 11, 11, 11, 11, 12, 12, 12, 12, 12, 12, 12, 12, 13, 13, 17, 17, 18, 18, 18, 18, 19, 19, 19, 19, 20, 20, 20, 20, 21, 21, 21, 21, 21, 21, 21, 21, 21, 21, 21, 21, 21, 21, 21], "a_turds_left": [5, 5, 5, 5, 5, 5, 4, 4, 4, 4, 3, 3, 3, 3, 2, 2, 2, 2, 1, 1, 1, 1, 1, 1, 1, 1, 1, 1, 1, 1, 1, 1, 1, 1, 1, 1, 1, 1, 1, 1, 1, 1, 0, 0, 0, 0, 0, 0, 0, 0, 0, 0, 0, 0, 0, 0, 0, 0, 0, 0, 0, 0, 0, 0, 0, 0, 0, 0, 0, 0, 0, 0, 0, 0, 0, 0, 0, 0, 0, 0], "b_turds_left": [5, 5, 5, 5, 5, 5, 5, 5, 5, 5, 5, 5, 5, 5, 5, 5, 5, 5, 5, 5, 5, 5, 5, 5, 5, 5, 5, 5, 5, 5, 5, 5, 5, 5, 5, 5, 5, 5, 5, 5, 5, 5, 5, 5, 5, 5, 5, 5, 5, 5, 5, 5, 5, 5, 5, 5, 5, 5, 5, 5, 5, 5, 5, 5, 5, 5, 5, 5, 5, 5, 5, 5, 5, 5, 5, 5, 5, 5, 5, 4], "a_time_left": [358.5127610829659, 358.5127610829659, 357.7663457079325, 357.7663457079325, 356.16486120794434, 356.16486120794434, 355.63481229095487, 355.63481229095487, 354.29671779094497, 354.29671779094497, 353.3422779579414, 353.3422779579414, 350.266216665972, 350.266216665972, 348.23985745798564, 348.23985745798564, 344.63123316597193, 344.63123316597193, 343.159961124009, 343.159961124009, 340.03418962395517, 340.03418962395517, 338.6920099989511, 338.6920099989511, 336.83883120690007, 336.83883120690007, 336.4539191239164, 336.4539191239164, 335.7960572069278, 335.7960572069278, 335.6226663319394, 335.6226663319394, 335.17796945694136, 335.17796945694136, 334.68970608193194, 334.68970608193194, 333.39707520697266, 333.39707520697266, 332.91795391595224, 332.91795391595224, 332.3527177909273, 332.3527177909273, 332.08903112390544, 332.08903112390544, 331.8994729568949, 331.8994729568949, 331.73846095689805, 331.73846095689805, 331.2641074148705, 331.2641074148705, 330.9571770398761, 330.9571770398761, 330.5386911648675, 330.5386911648675, 330.27017820684705, 330.27017820684705, 329.8060042068828, 329.8060042068828, 329.5090039978968, 329.5090039978968, 329.10489787289407, 329.10489787289407, 328.6963154558907, 328.6963154558907, 328.23619374784175, 328.23619374784175, 328.01625841483474, 328.01625841483474, 327.8439542488195, 327.8439542488195, 327.79206449881895, 327.79206449881895, 327.6938457908691, 327.6938457908691, 327.6592992908554, 327.6592992908554, 327.5724666658789, 327.5724666658789, 327.5646032069344, 327.5646032069344], "b_time_left": [360, 358.3688656669692, 358.3688656669692, 357.3449393750052, 357.3449393750052, 356.2105795840034, 356.2105795840034, 355.02437208400806, 355.02437208400806, 353.57051745901117, 353.57051745901117, 352.3553170840023, 352.3553170840023, 348.2027375010075, 348.2027375010075, 346.07960170996375, 346.07960170996375, 343.34658725198824, 343.34658725198824, 342.1698534610332, 342.1698534610332, 340.006813961023, 340.006813961023, 338.6710131689906, 338.6710131689906, 337.7155462530209, 337.7155462530209, 337.23891091998667, 337.23891091998667, 336.94701304502087, 336.94701304502087, 336.5267925870721, 336.5267925870721, 336.2610878790729, 336.2610878790729, 335.4872870040708, 335.4872870040708, 335.06990287906956, 335.06990287906956, 334.6495711291209, 334.6495711291209, 334.1069102951442, 334.1069102951442, 333.9075549201225, 333.9075549201225, 333.81035129510565, 333.81035129510565, 333.6652126281406, 333.6652126281406, 333.3541240031482, 333.3541240031482, 333.21854112815345, 333.21854112815345, 332.9874565031496, 332.9874565031496, 332.8046018371824, 332.8046018371824, 332.5880341712036, 332.5880341712036, 332.46951517119305, 332.46951517119305, 332.1586368381395, 332.1586368381395, 331.9355039211805, 331.9355039211805, 331.7574757132097, 331.7574757132097, 331.5457137131598, 331.5457137131598, 331.4964261301793, 331.4964261301793, 331.41084400517866, 331.41084400517866, 331.3608772131847, 331.3608772131847, 331.2792022131616, 331.2792022131616, 331.25967254617717, 331.25967254617717, 331.2553148791776], "a_moves_left": [39, 39, 38, 38, 37, 37, 36, 36, 35, 35, 34, 34, 33, 33, 32, 32, 31, 31, 30, 30, 29, 29, 28, 28, 27, 27, 26, 26, 25, 25, 24, 24, 23, 23, 22, 22, 21, 21, 20, 20, 19, 19, 18, 18, 17, 17, 16, 16, 15, 15, 14, 14, 13, 13, 12, 12, 11, 11, 10, 10, 9, 9, 8, 8, 7, 7, 6, 6, 5, 5, 4, 4, 3, 3, 2, 2, 1, 1, 0, 0], "b_moves_left": [40, 39, 39, 38, 38, 37, 37, 36, 36, 35, 35, 34, 34, 33, 33, 32, 32, 31, 31, 30, 30, 29, 29, 28, 28, 27, 27, 26, 26, 25, 25, 24, 24, 23, 23, 22, 22, 21, 21, 20, 20, 19, 19, 18, 18, 17, 17, 16, 16, 15, 15, 14, 14, 13, 13, 12, 12, 11, 11, 10, 10, 9, 9, 8, 8, 7, 7, 6, 6, 5, 5, 4, 4, 3, 3, 2, 2, 1, 1, 0], "trapdoor_triggered": [0, 0, 0, 0, 0, 0, 0, 0, 0, 0, 0, 0, 0, 0, 0, 0, 0, 0, 0, 0, 0, 0, 0, 0, 0, 0, 0, 0, 0, 0, 0, 0, 0, 0, 0, 0, 0, 0, 0, 0, 0, 0, 0, 0, 0, 0, 0, 0, 0, 0, 1, 0, 0, 0, 0, 0, 0, 0, 0, 0, 0, 0, 0, 0, 0, 0, 0, 1, 0, 0, 0, 0, 0, 0, 0, 0, 0, 0, 0, 0], "left_behind": ["egg", "egg", "plain", "plain", "egg", "egg", "turd", "plain", "egg", "egg", "turd", "plain", "egg", "egg", "turd", "plain", "egg", "egg", "turd", "plain", "egg", "egg", "plain", "plain", "egg", "egg", "plain", "plain", "egg", "egg", "plain", "plain", "egg", "plain", "plain", "plain", "egg", "egg", "plain", "plain", "plain", "egg", "turd", "plain", "egg", "plain", "plain", "plain", "plain", "egg", "plain", "plain", "plain", "egg", "plain", "plain", "plain", "egg", "plain", "plain", "plain", "egg", "plain", "plain", "plain", "egg", "plain", "plain", "plain", "plain", "plain", "plain", "plain", "plain", "plain", "plain", "plain", "plain", "plain", "turd"], "errlog_a": "", "errlog_b": "", "start_time": 360, "start_moves": 40, "turn_count": 80, "result": 1, "reason": "EGGS_LAID", "trapdoors": [[4, 4], [3, 2]], "spawn_a": [0, 4], "spawn_b": [7, 4]}