{"pos": [[1, 2], [7, 1], [1, 1], [7, 0], [2, 1], [7, 1], [3, 1], [6, 1], [2, 1], [6, 2], [2, 2], [6, 3], [1, 2], [6, 4], [1, 3], [7, 4], [2, 3], [7, 5], [2, 4], [7, 6], [3, 4], [7, 5], [0, 2], [6, 5], [0, 3], [6, 6], [0, 4], [6, 7], [1, 4], [6, 6], [1, 5], [5, 6], [1, 6], [4, 6], [2, 6], [4, 5], [1, 6], [4, 6], [0, 6], [4, 7], [1, 6], [3, 7], [1, 7], [2, 7], [1, 6], [3, 7], [1, 5], [3, 6], [0, 2], [4, 6], [0, 1], [4, 5], [0, 0], [5, 5], [1, 0], [5, 4], [2, 0], [5, 3], [3, 0], [5, 2], [4, 0], [6, 2], [4, 1], [6, 1], [4, 2], [6, 2], [4, 1], [6, 1], [5, 1], [6, 2], [4, 1], [6, 1], [4, 2], [6, 2], [3, 2], [6, 1], [0, 2], [6, 0], [1, 2], [7, 0]], "a_eggs_laid": [1, 1, 1, 1, 2, 2, 2, 2, 3, 3, 3, 3, 4, 4, 4, 4, 5, 5, 5, 5, 6, 6, 6, 6, 6, 6, 6, 6, 7, 7, 7, 7, 8, 8, 8, 8, 9, 9, 9, 9, 10, 10, 10, 10, 11, 11, 11, 11, 11, 11, 11, 11, 11, 11, 14, 14, 14, 14, 15, 15, 15, 15, 16, 16, 16, 16, 17, 17, 17, 17, 18, 18, 18, 18, 18, 18, 18, 18, 18, 18], "b_eggs_laid": [0, 1, 1, 1, 1, 4, 4, 4, 4, 5, 5, 5, 5, 6, 6, 6, 6, 7, 7, 7, 7, 8, 8, 12, 12, 13, 13, 13, 13, 14, 14, 14, 14, 15, 15, 15, 15, 16, 16, 16, 16, 17, 17, 17, 17, 18, 18, 18, 18, 23, 23, 23, 23, 23, 23, 23, 23, 24, 24, 24, 24, 25, 25, 25, 25, 25, 25, 25, 25, 25, 25, 25, 25, 25, 25, 25, 25, 29, 29, 29], "a_turds_left": [5, 5, 5, 5, 5, 5, 5, 5, 5, 5, 5, 5, 5, 5, 5, 5, 5, 5, 4, 4, 4, 4, 3, 3, 3, 3, 2, 2, 2, 2, 1, 1, 1, 1, 1, 1, 1, 1, 1, 1, 1, 1, 1, 1, 1, 1, 1, 1, 1, 1, 1, 1, 1, 1, 1, 1, 1, 1, 1, 1, 1, 1, 1, 1, 1, 1, 1, 1, 1, 1, 1, 1, 1, 1, 1, 1, 1, 1, 1, 1], "b_turds_left": [5, 5, 5, 5, 5, 5, 5, 5, 5, 5, 5, 5, 5, 5, 5, 5, 5, 5, 5, 5, 5, 5, 5, 5, 5, 5, 5, 5, 5, 5, 5, 5, 5, 5, 5, 5, 5, 5, 5, 5, 5, 5, 5, 5, 5, 5, 5, 5, 5, 5, 5, 5, 5, 5, 5, 5, 5, 5, 5, 5, 5, 5, 5, 5, 5, 5, 5, 5, 5, 5, 5, 5, 5, 5, 5, 5, 5, 5, 5, 4], "a_time_left": [358.434061707987, 358.434061707987, 357.43559587496566, 357.43559587496566, 355.83310983295087, 355.83310983295087, 354.51059383293614, 354.51059383293614, 350.543383290933, 350.543383290933, 348.9800207078806, 348.9800207078806, 345.193889332877, 345.193889332877, 343.8087273328565, 343.8087273328565, 341.2748395408271, 341.2748395408271, 340.1856502078008, 340.1856502078008, 338.2165770828142, 338.2165770828142, 337.2748784988071, 337.2748784988071, 336.58190962381195, 336.58190962381195, 335.8221240818384, 335.8221240818384, 334.54012420686195, 334.54012420686195, 333.8057379988604, 333.8057379988604, 331.0628079578746, 331.0628079578746, 330.0891361658578, 330.0891361658578, 328.68004449887667, 328.68004449887667, 327.9921607078868, 327.9921607078868, 326.6530649578781, 326.6530649578781, 326.332505249884, 326.332505249884, 326.15421574987704, 326.15421574987704, 325.98689516587183, 325.98689516587183, 325.58887008187594, 325.58887008187594, 325.52442378987325, 325.52442378987325, 325.38098591484595, 325.38098591484595, 325.0931475398829, 325.0931475398829, 324.6267360819038, 324.6267360819038, 323.87248708185507, 323.87248708185507, 323.0592855398427, 323.0592855398427, 322.58352587284753, 322.58352587284753, 322.27309687284287, 322.27309687284287, 321.8588705818984, 321.8588705818984, 321.57699624891393, 321.57699624891393, 321.3186666648835, 321.3186666648835, 321.0715499568614, 321.0715499568614, 320.8856642478495, 320.8856642478495, 320.56603708089096, 320.56603708089096, 320.54967437288724, 320.54967437288724], "b_time_left": [360, 357.1763542079716, 357.1763542079716, 355.8079972079722, 355.8079972079722, 353.9062709159916, 353.9062709159916, 352.40650620800443, 352.40650620800443, 349.1392632909701, 349.1392632909701, 346.9102288329741, 346.9102288329741, 344.913922290958, 344.913922290958, 343.15362329100026, 343.15362329100026, 340.9270611660322, 340.9270611660322, 339.85048112407094, 339.85048112407094, 337.9282768320991, 337.9282768320991, 337.58998058212455, 337.58998058212455, 335.9712045821361, 335.9712045821361, 335.0221499161562, 335.0221499161562, 333.41620245814556, 333.41620245814556, 332.2977137081325, 332.2977137081325, 329.78689983318327, 329.78689983318327, 328.737321333203, 328.737321333203, 327.7501366251963, 327.7501366251963, 326.99613208317896, 326.99613208317896, 325.95801133319037, 325.95801133319037, 325.6396042491542, 325.6396042491542, 325.5325143331429, 325.5325143331429, 325.35154950013384, 325.35154950013384, 325.12875545816496, 325.12875545816496, 324.89206262415973, 324.89206262415973, 324.7653752071201, 324.7653752071201, 324.44257237412967, 324.44257237412967, 323.77602633216884, 323.77602633216884, 323.3984462901717, 323.3984462901717, 322.38726408121875, 322.38726408121875, 321.9143597892253, 321.9143597892253, 321.4073557052179, 321.4073557052179, 321.13322053925367, 321.13322053925367, 320.9633792482782, 320.9633792482782, 320.7361616232665, 320.7361616232665, 320.52891224826453, 320.52891224826453, 320.15223924827296, 320.15223924827296, 320.10909487330355, 320.10909487330355, 320.1026984982891], "a_moves_left": [39, 39, 38, 38, 37, 37, 36, 36, 35, 35, 34, 34, 33, 33, 32, 32, 31, 31, 30, 30, 29, 29, 28, 28, 27, 27, 26, 26, 25, 25, 24, 24, 23, 23, 22, 22, 21, 21, 20, 20, 19, 19, 18, 18, 17, 17, 16, 16, 15, 15, 14, 14, 13, 13, 12, 12, 11, 11, 10, 10, 9, 9, 8, 8, 7, 7, 6, 6, 5, 5, 4, 4, 3, 3, 2, 2, 1, 1, 0, 0], "b_moves_left": [40, 39, 39, 38, 38, 37, 37, 36, 36, 35, 35, 34, 34, 33, 33, 32, 32, 31, 31, 30, 30, 29, 29, 28, 28, 27, 27, 26, 26, 25, 25, 24, 24, 23, 23, 22, 22, 21, 21, 20, 20, 19, 19, 18, 18, 17, 17, 16, 16, 15, 15, 14, 14, 13, 13, 12, 12, 11, 11, 10, 10, 9, 9, 8, 8, 7, 7, 6, 6, 5, 5, 4, 4, 3, 3, 2, 2, 1, 1, 0], "trapdoor_triggered": [0, 0, 0, 0, 0, 0, 0, 0, 0, 0, 0, 0, 0, 0, 0, 0, 0, 0, 0, 0, 0, 0, 1, 0, 0, 0, 0, 0, 0, 0, 0, 0, 0, 0, 0, 0, 0, 0, 0, 0, 0, 0, 0, 0, 0, 0, 0, 0, 1, 0, 0, 0, 0, 0, 0, 0, 0, 0, 0, 0, 0, 0, 0, 0, 0, 0, 0, 0, 0, 0, 0, 0, 0, 0, 0, 0, 1, 0, 0, 0], "left_behind": ["egg", "egg", "plain", "plain", "egg", "egg", "plain", "plain", "egg", "egg", "plain", "plain", "egg", "egg", "plain", "plain", "egg", "egg", "turd", "plain", "egg", "egg", "turd", "plain", "plain", "egg", "turd", "plain", "egg", "egg", "turd", "plain", "egg", "egg", "plain", "plain", "egg", "egg", "plain", "plain", "egg", "egg", "plain", "plain", "egg", "egg", "plain", "plain", "plain", "egg", "plain", "plain", "plain", "plain", "egg", "plain", "plain", "egg", "egg", "plain", "plain", "egg", "egg", "plain", "plain", "plain", "egg", "plain", "plain", "plain", "egg", "plain", "plain", "plain", "plain", "plain", "plain", "plain", "plain", "turd"], "errlog_a": "", "errlog_b": "", "start_time": 360, "start_moves": 40, "turn_count": 80, "result": 1, "reason": "EGGS_LAID", "trapdoors": [[3, 3], [2, 5]], "spawn_a": [0, 2], "spawn_b": [7, 2]}