{"pos": [[0, 3], [7, 3], [0, 2], [7, 2], [0, 1], [7, 1], [0, 0], [7, 0], [1, 0], [7, 1], [2, 0], [6, 1], [2, 1], [6, 2], [2, 2], [6, 3], [1, 2], [6, 4], [1, 3], [6, 5], [1, 4], [6, 6], [1, 5], [7, 6], [2, 5], [6, 6], [3, 5], [5, 6], [2, 5], [5, 5], [2, 6], [4, 5], [2, 7], [4, 6], [1, 7], [4, 7], [1, 6], [5, 7], [0, 6], [6, 7], [0, 5], [6, 6], [0, 4], [6, 5], [1, 4], [6, 4], [2, 4], [5, 4], [1, 4], [5, 3], [1, 3], [5, 2], [1, 2], [5, 1], [1, 1], [5, 0], [2, 1], [5, 1], [2, 0], [4, 1], [1, 0], [3, 1], [1, 1], [3, 0], [1, 2], [3, 1], [1, 3], [3, 2], [1, 4], [3, 3], [2, 4], [4, 3], [2, 5], [7, 4], [3, 5], [7, 3], [3, 6], [7, 2], [4, 6], [7, 3]], "a_eggs_laid": [1, 1, 1, 1, 2, 2, 2, 2, 5, 5, 5, 5, 6, 6, 6, 6, 7, 7, 7, 7, 8, 8, 8, 8, 9, 9, 9, 9, 10, 10, 10, 10, 11, 11, 11, 11, 12, 12, 12, 12, 13, 13, 13, 13, 13, 13, 13, 13, 14, 14, 14, 14, 14, 14, 14, 14, 15, 15, 15, 15, 15, 15, 15, 15, 15, 15, 15, 15, 15, 15, 15, 15, 15, 15, 19, 19, 19, 19, 19, 19], "b_eggs_laid": [0, 1, 1, 1, 1, 2, 2, 2, 2, 5, 5, 5, 5, 6, 6, 6, 6, 7, 7, 7, 7, 8, 8, 8, 8, 9, 9, 9, 9, 10, 10, 10, 10, 11, 11, 11, 11, 12, 12, 12, 12, 13, 13, 13, 13, 13, 13, 13, 13, 14, 14, 14, 14, 15, 15, 15, 15, 16, 16, 16, 16, 17, 17, 17, 17, 18, 18, 18, 18, 19, 19, 19, 19, 20, 20, 20, 20, 20, 20, 20], "a_turds_left": [5, 5, 5, 5, 5, 5, 5, 5, 5, 5, 5, 5, 5, 5, 5, 5, 5, 5, 5, 5, 5, 5, 5, 5, 5, 5, 5, 5, 5, 5, 5, 5, 5, 5, 4, 4, 4, 4, 4, 4, 4, 4, 4, 4, 4, 4, 4, 4, 4, 4, 4, 4, 4, 4, 4, 4, 4, 4, 4, 4, 4, 4, 4, 4, 4, 4, 4, 4, 4, 4, 4, 4, 4, 4, 4, 4, 4, 4, 4, 4], "b_turds_left": [5, 5, 5, 5, 5, 5, 5, 5, 5, 5, 5, 5, 5, 5, 5, 5, 5, 5, 5, 5, 5, 5, 5, 5, 5, 5, 5, 5, 5, 5, 5, 5, 5, 5, 5, 5, 5, 5, 5, 5, 5, 5, 5, 5, 5, 5, 5, 5, 5, 5, 5, 5, 5, 5, 5, 5, 5, 5, 5, 5, 5, 5, 5, 5, 5, 5, 5, 5, 5, 5, 5, 5, 5, 5, 5, 5, 5, 4, 4, 4], "a_time_left": [358.9529215419898, 358.9529215419898, 358.44106129196007, 358.44106129196007, 357.3026400009403, 357.3026400009403, 356.9317315008957, 356.9317315008957, 356.4252566258656, 356.4252566258656, 356.00697241787566, 356.00697241787566, 354.11308520892635, 354.11308520892635, 353.09256675094366, 353.09256675094366, 351.6929343349184, 351.6929343349184, 350.5112864599214, 350.5112864599214, 348.0322078769095, 348.0322078769095, 346.90976445993874, 346.90976445993874, 345.15939125197474, 345.15939125197474, 344.22835816798033, 344.22835816798033, 342.53634541796055, 342.53634541796055, 341.683303917991, 341.683303917991, 339.6627420009463, 339.6627420009463, 339.4016030419152, 339.4016030419152, 338.89598749991274, 338.89598749991274, 338.66113133291947, 338.66113133291947, 338.1612484579673, 338.1612484579673, 337.9874398749671, 337.9874398749671, 337.85214400000405, 337.85214400000405, 337.46877091698116, 337.46877091698116, 336.378816249955, 336.378816249955, 335.8617883749539, 335.8617883749539, 335.43177770794136, 335.43177770794136, 334.8475953329471, 334.8475953329471, 333.50459395791404, 333.50459395791404, 333.1734299159143, 333.1734299159143, 332.7315675409045, 332.7315675409045, 332.4601083319285, 332.4601083319285, 332.1208936239127, 332.1208936239127, 331.8011080409051, 331.8011080409051, 331.40866145689506, 331.40866145689506, 331.06625803984934, 331.06625803984934, 330.5838982478599, 330.5838982478599, 330.4347560388269, 330.4347560388269, 330.35105503886007, 330.35105503886007, 330.3420964558609, 330.3420964558609], "b_time_left": [360, 359.02315758302575, 359.02315758302575, 358.4064335830044, 358.4064335830044, 357.84962166601326, 357.84962166601326, 357.4307071249932, 357.4307071249932, 356.7530080419965, 356.7530080419965, 356.0914009590051, 356.0914009590051, 353.10443687601946, 353.10443687601946, 351.8611921680276, 351.8611921680276, 350.2847328350181, 350.2847328350181, 349.40561875200365, 349.40561875200365, 347.501827419037, 347.501827419037, 346.6118895020336, 346.6118895020336, 344.7128280440229, 344.7128280440229, 343.7837470030645, 343.7837470030645, 341.94451425311854, 341.94451425311854, 341.07517437811475, 341.07517437811475, 340.2774148781318, 340.2774148781318, 339.9147069621831, 339.9147069621831, 339.713707462186, 339.713707462186, 339.419514587149, 339.419514587149, 339.2401338791242, 339.2401338791242, 339.0463592131273, 339.0463592131273, 338.76645429612836, 338.76645429612836, 338.0317845871323, 338.0317845871323, 337.71644650411326, 337.71644650411326, 337.4723771701101, 337.4723771701101, 336.6576782951015, 336.6576782951015, 335.77201292011887, 335.77201292011887, 335.1040666701738, 335.1040666701738, 334.88175787817454, 334.88175787817454, 334.5290235031862, 334.5290235031862, 334.3227439611801, 334.3227439611801, 334.03894896118436, 334.03894896118436, 333.8043452111888, 333.8043452111888, 333.4576680032187, 333.4576680032187, 333.27228854520945, 333.27228854520945, 332.8611507542082, 332.8611507542082, 332.7768045871635, 332.7768045871635, 332.74457967013586, 332.74457967013586, 332.7430525861564], "a_moves_left": [39, 39, 38, 38, 37, 37, 36, 36, 35, 35, 34, 34, 33, 33, 32, 32, 31, 31, 30, 30, 29, 29, 28, 28, 27, 27, 26, 26, 25, 25, 24, 24, 23, 23, 22, 22, 21, 21, 20, 20, 19, 19, 18, 18, 17, 17, 16, 16, 15, 15, 14, 14, 13, 13, 12, 12, 11, 11, 10, 10, 9, 9, 8, 8, 7, 7, 6, 6, 5, 5, 4, 4, 3, 3, 2, 2, 1, 1, 0, 0], "b_moves_left": [40, 39, 39, 38, 38, 37, 37, 36, 36, 35, 35, 34, 34, 33, 33, 32, 32, 31, 31, 30, 30, 29, 29, 28, 28, 27, 27, 26, 26, 25, 25, 24, 24, 23, 23, 22, 22, 21, 21, 20, 20, 19, 19, 18, 18, 17, 17, 16, 16, 15, 15, 14, 14, 13, 13, 12, 12, 11, 11, 10, 10, 9, 9, 8, 8, 7, 7, 6, 6, 5, 5, 4, 4, 3, 3, 2, 2, 1, 1, 0], "trapdoor_triggered": [0, 0, 0, 0, 0, 0, 0, 0, 0, 0, 0, 0, 0, 0, 0, 0, 0, 0, 0, 0, 0, 0, 0, 0, 0, 0, 0, 0, 0, 0, 0, 0, 0, 0, 0, 0, 0, 0, 0, 0, 0, 0, 0, 0, 0, 0, 0, 0, 0, 0, 0, 0, 0, 0, 0, 0, 0, 0, 0, 0, 0, 0, 0, 0, 0, 0, 0, 0, 0, 0, 0, 0, 0, 1, 0, 0, 0, 0, 0, 0], "left_behind": ["egg", "egg", "plain", "plain", "egg", "egg", "plain", "plain", "egg", "egg", "plain", "plain", "egg", "egg", "plain", "plain", "egg", "egg", "plain", "plain", "egg", "egg", "plain", "plain", "egg", "egg", "plain", "plain", "egg", "egg", "plain", "plain", "egg", "egg", "turd", "plain", "egg", "egg", "plain", "plain", "egg", "egg", "plain", "plain", "plain", "plain", "plain", "plain", "egg", "egg", "plain", "plain", "plain", "egg", "plain", "plain", "egg", "egg", "plain", "plain", "plain", "egg", "plain", "plain", "plain", "egg", "plain", "plain", "plain", "egg", "plain", "plain", "plain", "egg", "plain", "plain", "plain", "turd", "plain", "plain"], "errlog_a": "", "errlog_b": "", "start_time": 360, "start_moves": 40, "turn_count": 80, "result": 1, "reason": "EGGS_LAID", "trapdoors": [[4, 4], [2, 3]], "spawn_a": [0, 4], "spawn_b": [7, 4]}