{"pos": [[0, 1], [7, 1], [0, 0], [7, 0], [1, 0], [7, 1], [2, 0], [6, 1], [2, 1], [6, 2], [2, 2], [6, 3], [2, 3], [6, 4], [2, 4], [7, 4], [2, 5], [7, 5], [2, 6], [7, 6], [2, 5], [7, 5], [1, 5], [6, 5], [1, 4], [6, 6], [1, 3], [6, 7], [1, 2], [6, 6], [1, 1], [5, 6], [2, 1], [5, 5], [3, 1], [5, 4], [3, 0], [5, 3], [2, 0], [5, 2], [2, 1], [4, 2], [2, 0], [4, 1], [2, 1], [4, 0], [2, 2], [5, 0], [2, 3], [6, 0], [3, 3], [6, 1], [2, 3], [6, 0], [2, 4], [6, 1], [1, 4], [6, 0], [0, 4], [6, 1], [0, 5], [6, 0], [0, 6], [6, 1], [1, 6], [6, 0], [1, 7], [6, 1], [2, 7], [6, 0], [3, 7], [6, 1], [3, 6], [6, 0], [4, 6], [6, 1], [4, 5], [6, 2], [5, 5], [5, 2]], "a_eggs_laid": [1, 1, 1, 1, 4, 4, 4, 4, 5, 5, 5, 5, 6, 6, 6, 6, 7, 7, 7, 7, 8, 8, 8, 8, 9, 9, 9, 9, 10, 10, 10, 10, 11, 11, 11, 11, 12, 12, 12, 12, 12, 12, 12, 12, 12, 12, 12, 12, 12, 12, 12, 12, 13, 13, 13, 13, 13, 13, 13, 13, 14, 14, 14, 14, 15, 15, 15, 15, 16, 16, 16, 16, 17, 17, 17, 17, 18, 18, 18, 18], "b_eggs_laid": [0, 1, 1, 1, 1, 4, 4, 4, 4, 5, 5, 5, 5, 6, 6, 6, 6, 7, 7, 7, 7, 8, 8, 8, 8, 9, 9, 9, 9, 10, 10, 10, 10, 11, 11, 11, 11, 12, 12, 12, 12, 13, 13, 13, 13, 14, 14, 14, 14, 15, 15, 15, 15, 15, 15, 15, 15, 15, 15, 15, 15, 15, 15, 15, 15, 15, 15, 15, 15, 15, 15, 15, 15, 15, 15, 15, 15, 15, 15, 15], "a_turds_left": [5, 5, 5, 5, 5, 5, 5, 5, 5, 5, 5, 5, 5, 5, 5, 5, 5, 5, 5, 5, 5, 5, 5, 5, 5, 5, 5, 5, 5, 5, 5, 5, 5, 5, 5, 5, 5, 5, 5, 5, 5, 5, 5, 5, 5, 5, 5, 5, 5, 5, 5, 5, 5, 5, 5, 5, 5, 5, 5, 5, 5, 5, 5, 5, 5, 5, 5, 5, 5, 5, 5, 5, 5, 5, 5, 5, 5, 5, 5, 5], "b_turds_left": [5, 5, 5, 5, 5, 5, 5, 5, 5, 5, 5, 5, 5, 5, 5, 5, 5, 5, 5, 5, 5, 5, 5, 5, 5, 5, 5, 5, 5, 5, 5, 5, 5, 5, 5, 5, 5, 5, 5, 5, 5, 5, 5, 4, 4, 4, 4, 4, 4, 4, 4, 4, 4, 4, 4, 4, 4, 4, 4, 4, 4, 4, 4, 4, 4, 4, 4, 4, 4, 4, 4, 4, 4, 4, 4, 4, 4, 4, 4, 3], "a_time_left": [358.9347643330111, 358.9347643330111, 358.57458895799937, 358.57458895799937, 358.08645908301696, 358.08645908301696, 357.68435474904254, 357.68435474904254, 355.8531848330749, 355.8531848330749, 354.85768754105084, 354.85768754105084, 352.271110041067, 352.271110041067, 351.0595001660404, 351.0595001660404, 349.0656763330335, 349.0656763330335, 348.46151220804313, 348.46151220804313, 346.57715879107127, 346.57715879107127, 346.17194237402873, 346.17194237402873, 343.7289466660586, 343.7289466660586, 343.182230999053, 343.182230999053, 341.8738275820506, 341.8738275820506, 341.4971472900361, 341.4971472900361, 340.0070789990714, 340.0070789990714, 339.4666279160883, 339.4666279160883, 338.01760495710187, 338.01760495710187, 337.4526114570908, 337.4526114570908, 336.77824699808843, 336.77824699808843, 336.22118120710365, 336.22118120710365, 335.9593659990933, 335.9593659990933, 335.746932082111, 335.746932082111, 335.3934167071129, 335.3934167071129, 335.2441689991392, 335.2441689991392, 334.90503679116955, 334.90503679116955, 334.7684465412167, 334.7684465412167, 334.56201395823155, 334.56201395823155, 334.4111917502596, 334.4111917502596, 334.1231440002448, 334.1231440002448, 334.0040791252395, 334.0040791252395, 333.65257912519155, 333.65257912519155, 333.4792981671635, 333.4792981671635, 333.233877458144, 333.233877458144, 333.11514837516006, 333.11514837516006, 332.8738717911183, 332.8738717911183, 332.76641691615805, 332.76641691615805, 332.2931172911776, 332.2931172911776, 332.272711457219, 332.272711457219], "b_time_left": [360, 359.43874995800434, 359.43874995800434, 359.02299358299933, 359.02299358299933, 358.3544278749614, 358.3544278749614, 357.7112763329642, 357.7112763329642, 355.2444537919364, 355.2444537919364, 354.15040554193547, 354.15040554193547, 351.93005437596, 351.93005437596, 350.9070737090078, 350.9070737090078, 348.9686808339902, 348.9686808339902, 348.16744695894886, 348.16744695894886, 347.2188365839538, 347.2188365839538, 346.60950766695896, 346.60950766695896, 345.14460274996236, 345.14460274996236, 344.4596925829537, 344.4596925829537, 343.92631824995624, 343.92631824995624, 343.21577379194787, 343.21577379194787, 342.34395370894345, 342.34395370894345, 341.49533087492455, 341.49533087492455, 340.8409583339235, 340.8409583339235, 340.6161528748926, 340.6161528748926, 340.14265199989313, 340.14265199989313, 339.9577463748865, 339.9577463748865, 339.7575443328824, 339.7575443328824, 339.58092091593426, 339.58092091593426, 339.18040479090996, 339.18040479090996, 338.9049227908836, 338.9049227908836, 338.75262012385065, 338.75262012385065, 338.5003267908469, 338.5003267908469, 338.20683779084357, 338.20683779084357, 337.75626612384804, 337.75626612384804, 337.49417854088824, 337.49417854088824, 337.0886590828886, 337.0886590828886, 336.81650654191617, 336.81650654191617, 336.45530970790423, 336.45530970790423, 336.2523059999221, 336.2523059999221, 335.96456241596024, 335.96456241596024, 335.6564505409333, 335.6564505409333, 335.2947904159664, 335.2947904159664, 335.2592670409358, 335.2592670409358, 335.25565912394086], "a_moves_left": [39, 39, 38, 38, 37, 37, 36, 36, 35, 35, 34, 34, 33, 33, 32, 32, 31, 31, 30, 30, 29, 29, 28, 28, 27, 27, 26, 26, 25, 25, 24, 24, 23, 23, 22, 22, 21, 21, 20, 20, 19, 19, 18, 18, 17, 17, 16, 16, 15, 15, 14, 14, 13, 13, 12, 12, 11, 11, 10, 10, 9, 9, 8, 8, 7, 7, 6, 6, 5, 5, 4, 4, 3, 3, 2, 2, 1, 1, 0, 0], "b_moves_left": [40, 39, 39, 38, 38, 37, 37, 36, 36, 35, 35, 34, 34, 33, 33, 32, 32, 31, 31, 30, 30, 29, 29, 28, 28, 27, 27, 26, 26, 25, 25, 24, 24, 23, 23, 22, 22, 21, 21, 20, 20, 19, 19, 18, 18, 17, 17, 16, 16, 15, 15, 14, 14, 13, 13, 12, 12, 11, 11, 10, 10, 9, 9, 8, 8, 7, 7, 6, 6, 5, 5, 4, 4, 3, 3, 2, 2, 1, 1, 0], "trapdoor_triggered": [0, 0, 0, 0, 0, 0, 0, 0, 0, 0, 0, 0, 0, 0, 0, 0, 0, 0, 0, 0, 0, 0, 0, 0, 0, 0, 0, 0, 0, 0, 0, 0, 0, 0, 0, 0, 0, 0, 0, 0, 0, 0, 0, 0, 0, 0, 0, 0, 0, 0, 0, 0, 0, 0, 0, 0, 0, 0, 0, 0, 0, 0, 0, 0, 0, 0, 0, 0, 0, 0, 0, 0, 0, 0, 0, 0, 0, 0, 0, 0], "left_behind": ["egg", "egg", "plain", "plain", "egg", "egg", "plain", "plain", "egg", "egg", "plain", "plain", "egg", "egg", "plain", "plain", "egg", "egg", "plain", "plain", "egg", "egg", "plain", "plain", "egg", "egg", "plain", "plain", "egg", "egg", "plain", "plain", "egg", "egg", "plain", "plain", "egg", "egg", "plain", "plain", "plain", "egg", "plain", "turd", "plain", "egg", "plain", "plain", "plain", "egg", "plain", "plain", "egg", "plain", "plain", "plain", "plain", "plain", "plain", "plain", "egg", "plain", "plain", "plain", "egg", "plain", "plain", "plain", "egg", "plain", "plain", "plain", "egg", "plain", "plain", "plain", "egg", "plain", "plain", "turd"], "errlog_a": "", "errlog_b": "", "start_time": 360, "start_moves": 40, "turn_count": 80, "result": 0, "reason": "EGGS_LAID", "trapdoors": [[3, 5], [4, 3]], "spawn_a": [0, 2], "spawn_b": [7, 2]}