{"pos": [[7, 4], [0, 4], [7, 3], [0, 3], [7, 2], [0, 2], [6, 2], [0, 1], [5, 2], [1, 1], [4, 2], [2, 1], [5, 2], [2, 2], [5, 3], [3, 2], [5, 4], [2, 2], [5, 5], [2, 3], [5, 6], [2, 2], [6, 6], [1, 2], [7, 6], [1, 3], [7, 7], [1, 4], [6, 7], [1, 5], [5, 7], [2, 5], [5, 6], [3, 5], [4, 6], [3, 6], [5, 6], [3, 7], [5, 7], [2, 7], [6, 7], [3, 7], [7, 7], [4, 7], [6, 7], [3, 7], [6, 6], [3, 6], [6, 5], [2, 6], [6, 4], [1, 6], [6, 5], [1, 7], [6, 4], [0, 7], [6, 5], [0, 6], [6, 4], [0, 5], [6, 3], [0, 4], [6, 4], [1, 4], [5, 4], [1, 3], [4, 4], [1, 2], [4, 3], [1, 1], [7, 5], [1, 0], [7, 6], [2, 0], [6, 6], [3, 0], [7, 6], [4, 0], [6, 6], [3, 0]], "a_eggs_laid": [1, 1, 1, 1, 2, 2, 2, 2, 3, 3, 3, 3, 4, 4, 4, 4, 5, 5, 5, 5, 6, 6, 6, 6, 7, 7, 7, 7, 10, 10, 10, 10, 11, 11, 11, 11, 12, 12, 12, 12, 12, 12, 12, 12, 12, 12, 12, 12, 12, 12, 12, 12, 13, 13, 13, 13, 13, 13, 13, 13, 13, 13, 13, 13, 13, 13, 13, 13, 14, 14, 14, 14, 14, 14, 14, 14, 14, 14, 14, 14], "b_eggs_laid": [0, 1, 1, 1, 1, 2, 2, 2, 2, 3, 3, 3, 3, 4, 4, 4, 4, 5, 5, 5, 5, 6, 6, 6, 6, 7, 7, 7, 7, 8, 8, 8, 8, 9, 9, 9, 9, 10, 10, 10, 10, 11, 11, 11, 11, 12, 12, 12, 12, 12, 12, 12, 12, 13, 13, 13, 13, 16, 16, 16, 16, 16, 16, 16, 16, 16, 16, 16, 16, 16, 16, 20, 20, 21, 21, 21, 21, 21, 21, 21], "a_turds_left": [5, 5, 4, 4, 4, 4, 3, 3, 3, 3, 3, 3, 3, 3, 3, 3, 3, 3, 2, 2, 2, 2, 1, 1, 1, 1, 1, 1, 1, 1, 1, 1, 1, 1, 1, 1, 1, 1, 1, 1, 1, 1, 1, 1, 1, 1, 1, 1, 1, 1, 1, 1, 1, 1, 1, 1, 1, 1, 1, 1, 1, 1, 1, 1, 1, 1, 1, 1, 1, 1, 1, 1, 1, 1, 1, 1, 1, 1, 1, 1], "b_turds_left": [5, 5, 5, 5, 5, 5, 5, 5, 5, 5, 5, 5, 5, 5, 5, 5, 5, 5, 5, 5, 5, 5, 5, 5, 5, 5, 5, 5, 5, 5, 5, 5, 5, 5, 5, 4, 4, 4, 4, 4, 4, 4, 4, 4, 4, 4, 4, 4, 4, 4, 4, 4, 4, 4, 4, 4, 4, 4, 4, 4, 4, 4, 4, 4, 4, 4, 4, 4, 4, 4, 4, 4, 4, 4, 4, 4, 4, 3, 3, 3], "a_time_left": [358.25831566698616, 358.25831566698616, 357.3877467919956, 357.3877467919956, 355.94690008397447, 355.94690008397447, 355.08576245896984, 355.08576245896984, 352.8916385420016, 352.8916385420016, 351.1359496670193, 351.1359496670193, 348.7214934580261, 348.7214934580261, 347.4715737500228, 347.4715737500228, 344.7572306250222, 344.7572306250222, 343.4635648750118, 343.4635648750118, 339.191486500029, 339.191486500029, 338.0933318340103, 338.0933318340103, 334.86467741802335, 334.86467741802335, 334.4045316260308, 334.4045316260308, 333.12648279202404, 333.12648279202404, 332.57830795802874, 332.57830795802874, 330.527419458027, 330.527419458027, 330.1710451670224, 330.1710451670224, 329.8070589170093, 329.8070589170093, 329.63424937502714, 329.63424937502714, 329.37550091702724, 329.37550091702724, 329.2339353749994, 329.2339353749994, 329.16410175000783, 329.16410175000783, 329.10126133298036, 329.10126133298036, 329.00309383298736, 329.00309383298736, 328.65595099900384, 328.65595099900384, 327.4768762080348, 327.4768762080348, 327.26960654207505, 327.26960654207505, 327.0750525420881, 327.0750525420881, 326.9378581670462, 326.9378581670462, 326.8321525010397, 326.8321525010397, 326.6843399600475, 326.6843399600475, 326.50481525203213, 326.50481525203213, 326.39245787699474, 326.39245787699474, 326.2105462520267, 326.2105462520267, 325.9484870430315, 325.9484870430315, 325.6954473760561, 325.6954473760561, 325.4793909600121, 325.4793909600121, 325.09668716799933, 325.09668716799933, 325.0706589590409, 325.0706589590409], "b_time_left": [360, 358.64304237504257, 358.64304237504257, 357.8690032500308, 357.8690032500308, 356.5346758340602, 356.5346758340602, 355.4006577510736, 355.4006577510736, 353.42160229210276, 353.42160229210276, 351.658754000091, 351.658754000091, 349.3257577920449, 349.3257577920449, 347.4897457920597, 347.4897457920597, 344.5479082081001, 344.5479082081001, 343.14654879207956, 343.14654879207956, 339.7175595840672, 339.7175595840672, 338.66804866708117, 338.66804866708117, 338.0602155420929, 338.0602155420929, 337.53146679210477, 337.53146679210477, 336.29899729206227, 336.29899729206227, 335.5984298750991, 335.5984298750991, 334.41122041712515, 334.41122041712515, 333.7605385830975, 333.7605385830975, 333.45092720806133, 333.45092720806133, 333.3378335410962, 333.3378335410962, 332.8847049580654, 332.8847049580654, 332.7677552080713, 332.7677552080713, 332.66494100005366, 332.66494100005366, 332.50038925005356, 332.50038925005356, 332.23252012504963, 332.23252012504963, 331.5016488340334, 331.5016488340334, 330.63579662604025, 330.63579662604025, 330.45502091705566, 330.45502091705566, 330.17808487603907, 330.17808487603907, 329.9728522920632, 329.9728522920632, 329.83473079209216, 329.83473079209216, 329.61017216707114, 329.61017216707114, 329.43952691706363, 329.43952691706363, 328.937136917084, 328.937136917084, 328.76570950011956, 328.76570950011956, 328.4359480421408, 328.4359480421408, 328.22559491713764, 328.22559491713764, 327.9586053751409, 327.9586053751409, 327.73974129214184, 327.73974129214184, 327.7342213341617], "a_moves_left": [39, 39, 38, 38, 37, 37, 36, 36, 35, 35, 34, 34, 33, 33, 32, 32, 31, 31, 30, 30, 29, 29, 28, 28, 27, 27, 26, 26, 25, 25, 24, 24, 23, 23, 22, 22, 21, 21, 20, 20, 19, 19, 18, 18, 17, 17, 16, 16, 15, 15, 14, 14, 13, 13, 12, 12, 11, 11, 10, 10, 9, 9, 8, 8, 7, 7, 6, 6, 5, 5, 4, 4, 3, 3, 2, 2, 1, 1, 0, 0], "b_moves_left": [40, 39, 39, 38, 38, 37, 37, 36, 36, 35, 35, 34, 34, 33, 33, 32, 32, 31, 31, 30, 30, 29, 29, 28, 28, 27, 27, 26, 26, 25, 25, 24, 24, 23, 23, 22, 22, 21, 21, 20, 20, 19, 19, 18, 18, 17, 17, 16, 16, 15, 15, 14, 14, 13, 13, 12, 12, 11, 11, 10, 10, 9, 9, 8, 8, 7, 7, 6, 6, 5, 5, 4, 4, 3, 3, 2, 2, 1, 1, 0], "trapdoor_triggered": [0, 0, 0, 0, 0, 0, 0, 0, 0, 0, 0, 0, 0, 0, 0, 0, 0, 0, 0, 0, 0, 0, 0, 0, 0, 0, 0, 0, 0, 0, 0, 0, 0, 0, 0, 0, 0, 0, 0, 0, 0, 0, 0, 0, 0, 0, 0, 0, 0, 0, 0, 0, 0, 0, 0, 0, 0, 0, 0, 0, 0, 0, 0, 0, 0, 0, 0, 0, 0, 0, 1, 0, 0, 0, 0, 0, 0, 0, 0, 0], "left_behind": ["egg", "egg", "turd", "plain", "egg", "egg", "turd", "plain", "egg", "egg", "plain", "plain", "egg", "egg", "plain", "plain", "egg", "egg", "turd", "plain", "egg", "egg", "turd", "plain", "egg", "egg", "plain", "plain", "egg", "egg", "plain", "plain", "egg", "egg", "plain", "turd", "egg", "egg", "plain", "plain", "plain", "egg", "plain", "plain", "plain", "egg", "plain", "plain", "plain", "plain", "plain", "plain", "egg", "egg", "plain", "plain", "plain", "egg", "plain", "plain", "plain", "plain", "plain", "plain", "plain", "plain", "plain", "plain", "egg", "plain", "plain", "plain", "plain", "egg", "plain", "plain", "plain", "turd", "plain", "plain"], "errlog_a": "", "errlog_b": "", "start_time": 360, "start_moves": 40, "turn_count": 80, "result": 1, "reason": "EGGS_LAID", "trapdoors": [[3, 3], [4, 5]], "spawn_a": [7, 5], "spawn_b": [0, 5]}