{"pos": [[7, 2], [1, 1], [7, 3], [1, 0], [7, 4], [2, 0], [7, 5], [3, 0], [7, 6], [4, 0], [7, 7], [5, 0], [7, 6], [5, 1], [6, 6], [6, 1], [5, 6], [5, 1], [5, 5], [0, 1], [5, 4], [1, 1], [7, 1], [2, 1], [7, 2], [3, 1], [6, 2], [4, 1], [6, 3], [4, 2], [6, 4], [3, 2], [5, 4], [3, 3], [5, 5], [2, 3], [5, 6], [2, 2], [4, 6], [1, 2], [3, 6], [1, 3], [3, 5], [1, 4], [3, 6], [1, 5], [3, 7], [2, 5], [4, 7], [2, 6], [5, 7], [3, 6], [5, 6], [2, 6], [5, 5], [2, 7], [6, 5], [2, 6], [5, 5], [1, 6], [6, 5], [1, 5], [5, 5], [0, 5], [6, 5], [0, 4], [6, 6], [0, 3], [6, 7], [0, 2], [6, 6], [0, 1], [5, 6], [1, 1], [5, 5], [1, 0], [6, 5], [2, 0], [6, 6], [3, 0]], "a_eggs_laid": [1, 1, 1, 1, 2, 2, 2, 2, 3, 3, 3, 3, 6, 6, 6, 6, 7, 7, 7, 7, 12, 12, 12, 12, 12, 12, 12, 12, 12, 12, 12, 12, 13, 13, 13, 13, 13, 13, 13, 13, 14, 14, 14, 14, 15, 15, 15, 15, 16, 16, 16, 16, 17, 17, 17, 17, 17, 17, 17, 17, 17, 17, 17, 17, 17, 17, 17, 17, 17, 17, 17, 17, 17, 17, 17, 17, 17, 17, 17, 17], "b_eggs_laid": [0, 1, 1, 1, 1, 2, 2, 2, 2, 3, 3, 3, 3, 4, 4, 4, 4, 5, 5, 5, 5, 5, 5, 9, 9, 10, 10, 10, 10, 11, 11, 11, 11, 12, 12, 12, 12, 13, 13, 13, 13, 14, 14, 14, 14, 15, 15, 15, 15, 16, 16, 16, 16, 17, 17, 17, 17, 18, 18, 18, 18, 19, 19, 19, 19, 20, 20, 20, 20, 21, 21, 21, 21, 21, 21, 21, 21, 21, 21, 21], "a_turds_left": [5, 5, 5, 5, 5, 5, 5, 5, 5, 5, 5, 5, 5, 5, 5, 5, 5, 5, 5, 5, 5, 5, 5, 5, 5, 5, 5, 5, 4, 4, 4, 4, 4, 4, 3, 3, 3, 3, 3, 3, 3, 3, 3, 3, 3, 3, 3, 3, 3, 3, 3, 3, 3, 3, 3, 3, 3, 3, 3, 3, 3, 3, 3, 3, 3, 3, 3, 3, 3, 3, 3, 3, 3, 3, 3, 3, 3, 3, 3, 3], "b_turds_left": [5, 5, 5, 5, 5, 5, 5, 5, 5, 5, 5, 5, 5, 5, 5, 5, 5, 5, 5, 5, 5, 5, 5, 5, 5, 5, 5, 5, 5, 5, 5, 4, 4, 4, 4, 4, 4, 4, 4, 4, 4, 4, 4, 4, 4, 4, 4, 4, 4, 4, 4, 4, 4, 4, 4, 4, 4, 4, 4, 4, 4, 4, 4, 4, 4, 4, 4, 4, 4, 4, 4, 4, 4, 4, 4, 4, 4, 4, 4, 3], "a_time_left": [358.7643746660324, 358.7643746660324, 357.93854424904566, 357.93854424904566, 356.39681729103904, 356.39681729103904, 355.72434937406797, 355.72434937406797, 353.9109928320395, 353.9109928320395, 353.2800725410343, 353.2800725410343, 352.41229995700996, 352.41229995700996, 351.63118945702445, 351.63118945702445, 349.65130983205745, 349.65130983205745, 348.7646627910435, 348.7646627910435, 348.07304504100466, 348.07304504100466, 347.2711579580209, 347.2711579580209, 346.79083683300996, 346.79083683300996, 346.26142749999417, 346.26142749999417, 344.8824611249729, 344.8824611249729, 344.2265552909812, 344.2265552909812, 342.29810295795323, 342.29810295795323, 341.63728358299704, 341.63728358299704, 340.65519283298636, 340.65519283298636, 340.0296692919801, 340.0296692919801, 336.96823737496743, 336.96823737496743, 336.36346570798196, 336.36346570798196, 334.0812989579863, 334.0812989579863, 333.65432379202684, 333.65432379202684, 332.8039524999913, 332.8039524999913, 332.6425845839549, 332.6425845839549, 332.4159720839234, 332.4159720839234, 332.1808502919157, 332.1808502919157, 331.910114624945, 331.910114624945, 331.7231529999408, 331.7231529999408, 331.23941591597395, 331.23941591597395, 331.0493333750055, 331.0493333750055, 330.71855670801597, 330.71855670801597, 330.539709625009, 330.539709625009, 330.2037476669648, 330.2037476669648, 330.1296958749881, 330.1296958749881, 330.0344200829859, 330.0344200829859, 329.8680016659782, 329.8680016659782, 329.7359767499729, 329.7359767499729, 329.71547679096693, 329.71547679096693], "b_time_left": [360, 359.1405028749723, 359.1405028749723, 358.29843312496087, 358.29843312496087, 357.39287779195, 357.39287779195, 356.7544499169453, 356.7544499169453, 356.0675317919231, 356.0675317919231, 355.63442587590544, 355.63442587590544, 354.73934941686457, 354.73934941686457, 353.68496512487764, 353.68496512487764, 351.99681774986675, 351.99681774986675, 350.7713987088646, 350.7713987088646, 350.3891224998515, 350.3891224998515, 350.1396489998442, 350.1396489998442, 349.10764795786235, 349.10764795786235, 348.2091972908238, 348.2091972908238, 346.1618706238223, 346.1618706238223, 345.25118233280955, 345.25118233280955, 343.99375291581964, 343.99375291581964, 343.6174551238655, 343.6174551238655, 341.8705166238942, 341.8705166238942, 341.0252054988523, 341.0252054988523, 339.26896462385776, 339.26896462385776, 338.35314704081975, 338.35314704081975, 336.90964474977227, 336.90964474977227, 336.310501707776, 336.310501707776, 335.78072512481594, 335.78072512481594, 335.36837949982146, 335.36837949982146, 335.2278643748141, 335.2278643748141, 335.0682205827907, 335.0682205827907, 334.88289987377357, 334.88289987377357, 334.7308828737587, 334.7308828737587, 334.3231709577958, 334.3231709577958, 334.14730295783374, 334.14730295783374, 333.91592299879994, 333.91592299879994, 333.73357012378983, 333.73357012378983, 333.57154833176173, 333.57154833176173, 333.41217062377837, 333.41217062377837, 333.34037562378217, 333.34037562378217, 333.15247487375746, 333.15247487375746, 333.1034127487801, 333.1034127487801, 333.1005069568055], "a_moves_left": [39, 39, 38, 38, 37, 37, 36, 36, 35, 35, 34, 34, 33, 33, 32, 32, 31, 31, 30, 30, 29, 29, 28, 28, 27, 27, 26, 26, 25, 25, 24, 24, 23, 23, 22, 22, 21, 21, 20, 20, 19, 19, 18, 18, 17, 17, 16, 16, 15, 15, 14, 14, 13, 13, 12, 12, 11, 11, 10, 10, 9, 9, 8, 8, 7, 7, 6, 6, 5, 5, 4, 4, 3, 3, 2, 2, 1, 1, 0, 0], "b_moves_left": [40, 39, 39, 38, 38, 37, 37, 36, 36, 35, 35, 34, 34, 33, 33, 32, 32, 31, 31, 30, 30, 29, 29, 28, 28, 27, 27, 26, 26, 25, 25, 24, 24, 23, 23, 22, 22, 21, 21, 20, 20, 19, 19, 18, 18, 17, 17, 16, 16, 15, 15, 14, 14, 13, 13, 12, 12, 11, 11, 10, 10, 9, 9, 8, 8, 7, 7, 6, 6, 5, 5, 4, 4, 3, 3, 2, 2, 1, 1, 0], "trapdoor_triggered": [0, 0, 0, 0, 0, 0, 0, 0, 0, 0, 0, 0, 0, 0, 0, 0, 0, 0, 0, 1, 0, 0, 1, 0, 0, 0, 0, 0, 0, 0, 0, 0, 0, 0, 0, 0, 0, 0, 0, 0, 0, 0, 0, 0, 0, 0, 0, 0, 0, 0, 0, 0, 0, 0, 0, 0, 0, 0, 0, 0, 0, 0, 0, 0, 0, 0, 0, 0, 0, 0, 0, 0, 0, 0, 0, 0, 0, 0, 0, 0], "left_behind": ["egg", "egg", "plain", "plain", "egg", "egg", "plain", "plain", "egg", "egg", "plain", "plain", "egg", "egg", "plain", "plain", "egg", "egg", "plain", "plain", "egg", "plain", "plain", "plain", "plain", "egg", "plain", "plain", "turd", "egg", "plain", "turd", "egg", "egg", "turd", "plain", "plain", "egg", "plain", "plain", "egg", "egg", "plain", "plain", "egg", "egg", "plain", "plain", "egg", "egg", "plain", "plain", "egg", "egg", "plain", "plain", "plain", "egg", "plain", "plain", "plain", "egg", "plain", "plain", "plain", "egg", "plain", "plain", "plain", "egg", "plain", "plain", "plain", "plain", "plain", "plain", "plain", "plain", "plain", "turd"], "errlog_a": "", "errlog_b": "", "start_time": 360, "start_moves": 40, "turn_count": 80, "result": 1, "reason": "EGGS_LAID", "trapdoors": [[5, 3], [5, 2]], "spawn_a": [7, 1], "spawn_b": [0, 1]}