{"pos": [[1, 6], [7, 5], [1, 5], [7, 4], [2, 5], [7, 3], [2, 6], [7, 2], [2, 5], [7, 1], [2, 4], [7, 0], [2, 5], [7, 1], [3, 5], [6, 1], [4, 5], [6, 2], [0, 6], [6, 3], [0, 5], [6, 2], [0, 4], [7, 6], [1, 4], [7, 7], [1, 3], [6, 7], [2, 3], [6, 6], [2, 2], [6, 5], [2, 3], [6, 4], [3, 3], [5, 4], [3, 2], [5, 3], [4, 2], [7, 6], [4, 1], [7, 5], [5, 1], [7, 4], [4, 1], [7, 3], [3, 1], [7, 2], [2, 1], [7, 1], [2, 0], [7, 2], [1, 0], [7, 1], [0, 0], [7, 2], [1, 0], [7, 1], [1, 1], [7, 2], [1, 2], [7, 1], [0, 2], [7, 2], [1, 2], [7, 1], [1, 3], [7, 2], [1, 2], [7, 1], [1, 1], [7, 2], [1, 2], [7, 1], [2, 2], [7, 2], [3, 2], [7, 1], [3, 1], [7, 2]], "a_eggs_laid": [1, 1, 1, 1, 2, 2, 2, 2, 3, 3, 3, 3, 4, 4, 4, 4, 5, 5, 5, 5, 5, 5, 5, 5, 10, 10, 10, 10, 11, 11, 11, 11, 12, 12, 12, 12, 13, 13, 13, 13, 18, 18, 18, 18, 19, 19, 19, 19, 20, 20, 20, 20, 21, 21, 21, 21, 24, 24, 24, 24, 25, 25, 25, 25, 26, 26, 26, 26, 26, 26, 26, 26, 26, 26, 26, 26, 26, 26, 26, 26], "b_eggs_laid": [0, 1, 1, 1, 1, 2, 2, 2, 2, 3, 3, 3, 3, 6, 6, 6, 6, 7, 7, 11, 11, 12, 12, 12, 12, 12, 12, 12, 12, 13, 13, 13, 13, 14, 14, 14, 14, 15, 15, 15, 15, 15, 15, 15, 15, 15, 15, 15, 15, 15, 15, 15, 15, 15, 15, 15, 15, 15, 15, 15, 15, 15, 15, 15, 15, 15, 15, 15, 15, 15, 15, 15, 15, 15, 15, 15, 15, 15, 15, 15], "a_turds_left": [5, 5, 4, 4, 4, 4, 4, 4, 4, 4, 4, 4, 4, 4, 4, 4, 4, 4, 3, 3, 3, 3, 2, 2, 2, 2, 1, 1, 1, 1, 1, 1, 1, 1, 1, 1, 1, 1, 1, 1, 1, 1, 1, 1, 1, 1, 1, 1, 1, 1, 1, 1, 1, 1, 1, 1, 1, 1, 1, 1, 1, 1, 1, 1, 1, 1, 1, 1, 1, 1, 1, 1, 1, 1, 1, 1, 1, 1, 1, 1], "b_turds_left": [5, 5, 5, 5, 5, 5, 5, 5, 5, 5, 5, 5, 5, 5, 5, 5, 5, 5, 5, 5, 5, 5, 5, 5, 5, 5, 5, 5, 5, 5, 5, 5, 5, 5, 5, 5, 5, 5, 5, 4, 4, 4, 4, 4, 4, 4, 4, 4, 4, 4, 4, 4, 4, 4, 4, 4, 4, 4, 4, 4, 4, 4, 4, 4, 4, 4, 4, 4, 4, 4, 4, 4, 4, 4, 4, 4, 4, 4, 4, 3], "a_time_left": [358.7866931250319, 358.7866931250319, 357.93844133400125, 357.93844133400125, 356.1959362089983, 356.1959362089983, 355.01645000104327, 355.01645000104327, 353.078950751049, 353.078950751049, 352.2541146260919, 352.2541146260919, 350.6670159600908, 350.6670159600908, 349.89704521012027, 349.89704521012027, 347.03948662715266, 347.03948662715266, 345.44558133615647, 345.44558133615647, 344.89040800213115, 344.89040800213115, 344.3740039191325, 344.3740039191325, 344.00529308617115, 344.00529308617115, 343.5513186691678, 343.5513186691678, 342.629819960217, 342.629819960217, 342.0520013352507, 342.0520013352507, 340.35272671020357, 340.35272671020357, 339.90460929321125, 339.90460929321125, 339.15197104320396, 339.15197104320396, 338.5709401261993, 338.5709401261993, 338.2978393762023, 338.2978393762023, 338.0240232932265, 338.0240232932265, 337.4462384592043, 337.4462384592043, 337.2439463342307, 337.2439463342307, 336.79023908427916, 336.79023908427916, 336.5829738343018, 336.5829738343018, 336.2205414592754, 336.2205414592754, 336.08096183429006, 336.08096183429006, 335.83954654226545, 335.83954654226545, 335.6939440422575, 335.6939440422575, 335.1038236672175, 335.1038236672175, 334.93175916722976, 334.93175916722976, 334.5386234582402, 334.5386234582402, 334.3753568332759, 334.3753568332759, 334.21862820826937, 334.21862820826937, 334.0556258742581, 334.0556258742581, 333.86709454027005, 333.86709454027005, 333.7034234982566, 333.7034234982566, 333.5174253312289, 333.5174253312289, 333.4703751222114, 333.4703751222114], "b_time_left": [360, 358.11165604100097, 358.11165604100097, 357.0048970829812, 357.0048970829812, 354.7251700409688, 354.7251700409688, 353.7454672489548, 353.7454672489548, 352.02247812395217, 352.02247812395217, 350.61473079095595, 350.61473079095595, 349.6600607489818, 349.6600607489818, 348.4537473329692, 348.4537473329692, 344.5415866249823, 344.5415866249823, 344.21231424994767, 344.21231424994767, 343.1678810409503, 343.1678810409503, 342.33612687396817, 342.33612687396817, 342.02113679097965, 342.02113679097965, 341.5522413329454, 341.5522413329454, 340.527285790944, 340.527285790944, 339.440487582935, 339.440487582935, 338.57547962490935, 338.57547962490935, 337.6453353749239, 337.6453353749239, 337.21910754195414, 337.21910754195414, 336.7363239999395, 336.7363239999395, 336.45825804193737, 336.45825804193737, 336.13524220889667, 336.13524220889667, 335.9078156258911, 335.9078156258911, 335.3402598348912, 335.3402598348912, 335.08405187691096, 335.08405187691096, 334.7413353358861, 334.7413353358861, 334.59498187788995, 334.59498187788995, 334.41667466890067, 334.41667466890067, 334.3217947938829, 334.3217947938829, 333.9461486688815, 333.9461486688815, 333.7995082518901, 333.7995082518901, 333.50040583487134, 333.50040583487134, 333.414354834822, 333.414354834822, 333.258504334779, 333.258504334779, 333.1725029597874, 333.1725029597874, 333.00493658473715, 333.00493658473715, 332.91953400173225, 332.91953400173225, 332.68397016776726, 332.68397016776726, 332.60179479274666, 332.60179479274666, 332.5948550007888], "a_moves_left": [39, 39, 38, 38, 37, 37, 36, 36, 35, 35, 34, 34, 33, 33, 32, 32, 31, 31, 30, 30, 29, 29, 28, 28, 27, 27, 26, 26, 25, 25, 24, 24, 23, 23, 22, 22, 21, 21, 20, 20, 19, 19, 18, 18, 17, 17, 16, 16, 15, 15, 14, 14, 13, 13, 12, 12, 11, 11, 10, 10, 9, 9, 8, 8, 7, 7, 6, 6, 5, 5, 4, 4, 3, 3, 2, 2, 1, 1, 0, 0], "b_moves_left": [40, 39, 39, 38, 38, 37, 37, 36, 36, 35, 35, 34, 34, 33, 33, 32, 32, 31, 31, 30, 30, 29, 29, 28, 28, 27, 27, 26, 26, 25, 25, 24, 24, 23, 23, 22, 22, 21, 21, 20, 20, 19, 19, 18, 18, 17, 17, 16, 16, 15, 15, 14, 14, 13, 13, 12, 12, 11, 11, 10, 10, 9, 9, 8, 8, 7, 7, 6, 6, 5, 5, 4, 4, 3, 3, 2, 2, 1, 1, 0], "trapdoor_triggered": [0, 0, 0, 0, 0, 0, 0, 0, 0, 0, 0, 0, 0, 0, 0, 0, 0, 0, 1, 0, 0, 0, 0, 1, 0, 0, 0, 0, 0, 0, 0, 0, 0, 0, 0, 0, 0, 0, 0, 1, 0, 0, 0, 0, 0, 0, 0, 0, 0, 0, 0, 0, 0, 0, 0, 0, 0, 0, 0, 0, 0, 0, 0, 0, 0, 0, 0, 0, 0, 0, 0, 0, 0, 0, 0, 0, 0, 0, 0, 0], "left_behind": ["egg", "egg", "turd", "plain", "egg", "egg", "plain", "plain", "egg", "egg", "plain", "plain", "egg", "egg", "plain", "plain", "egg", "egg", "turd", "plain", "plain", "egg", "turd", "plain", "egg", "plain", "turd", "plain", "egg", "egg", "plain", "plain", "egg", "egg", "plain", "plain", "egg", "egg", "plain", "turd", "egg", "plain", "plain", "plain", "egg", "plain", "plain", "plain", "egg", "plain", "plain", "plain", "egg", "plain", "plain", "plain", "egg", "plain", "plain", "plain", "egg", "plain", "plain", "plain", "egg", "plain", "plain", "plain", "plain", "plain", "plain", "plain", "plain", "plain", "plain", "plain", "plain", "plain", "plain", "turd"], "errlog_a": "", "errlog_b": "", "start_time": 360, "start_moves": 40, "turn_count": 80, "result": 0, "reason": "EGGS_LAID", "trapdoors": [[5, 5], [5, 2]], "spawn_a": [0, 6], "spawn_b": [7, 6]}