{"pos": [[7, 2], [0, 2], [7, 1], [0, 1], [6, 1], [1, 1], [6, 2], [1, 0], [6, 3], [1, 1], [6, 4], [2, 1], [6, 5], [2, 2], [6, 6], [3, 2], [5, 6], [4, 2], [4, 6], [4, 3], [3, 6], [3, 3], [2, 6], [2, 3], [1, 6], [0, 3], [1, 5], [1, 3], [1, 4], [1, 2], [7, 3], [1, 1], [7, 4], [1, 0], [7, 5], [2, 0], [6, 5], [3, 0], [5, 5], [4, 0], [5, 6], [5, 0], [5, 7], [5, 1], [4, 7], [6, 1], [3, 7], [5, 1], [2, 7], [4, 1], [1, 7], [4, 0], [1, 6], [5, 0], [0, 6], [5, 1], [0, 5], [5, 0], [0, 4], [5, 1], [0, 5], [5, 0], [1, 5], [5, 1], [1, 6], [5, 0], [2, 6], [5, 1], [2, 7], [5, 0], [2, 6], [5, 1], [3, 6], [5, 0], [3, 5], [5, 1], [3, 6], [4, 1], [4, 6], [5, 1]], "a_eggs_laid": [1, 1, 1, 1, 2, 2, 2, 2, 3, 3, 3, 3, 4, 4, 4, 4, 5, 5, 5, 5, 6, 6, 6, 6, 7, 7, 11, 11, 12, 12, 12, 12, 12, 12, 12, 12, 13, 13, 13, 13, 14, 14, 14, 14, 15, 15, 15, 15, 16, 16, 16, 16, 17, 17, 17, 17, 18, 18, 18, 18, 19, 19, 19, 19, 19, 19, 19, 19, 19, 19, 19, 19, 19, 19, 19, 19, 20, 20, 20, 20], "b_eggs_laid": [0, 1, 1, 1, 1, 2, 2, 2, 2, 3, 3, 3, 3, 4, 4, 4, 4, 5, 5, 5, 5, 6, 6, 6, 6, 7, 7, 7, 7, 7, 7, 12, 12, 12, 12, 12, 12, 12, 12, 13, 13, 13, 13, 14, 14, 14, 14, 15, 15, 15, 15, 16, 16, 16, 16, 16, 16, 16, 16, 16, 16, 16, 16, 16, 16, 16, 16, 16, 16, 16, 16, 16, 16, 16, 16, 16, 16, 16, 16, 16], "a_turds_left": [5, 5, 5, 5, 5, 5, 5, 5, 5, 5, 5, 5, 5, 5, 5, 5, 5, 5, 5, 5, 5, 5, 5, 5, 5, 5, 5, 5, 5, 5, 4, 4, 4, 4, 4, 4, 4, 4, 4, 4, 4, 4, 4, 4, 4, 4, 4, 4, 4, 4, 4, 4, 4, 4, 4, 4, 4, 4, 4, 4, 4, 4, 4, 4, 4, 4, 4, 4, 4, 4, 4, 4, 4, 4, 4, 4, 4, 4, 4, 4], "b_turds_left": [5, 5, 5, 5, 5, 5, 5, 5, 5, 5, 5, 5, 5, 5, 5, 5, 5, 5, 5, 5, 5, 5, 5, 4, 4, 4, 4, 4, 4, 4, 4, 4, 4, 4, 4, 4, 4, 4, 4, 4, 4, 4, 4, 4, 4, 4, 4, 4, 4, 4, 4, 4, 4, 4, 4, 4, 4, 4, 4, 4, 4, 4, 4, 4, 4, 4, 4, 4, 4, 4, 4, 4, 4, 4, 4, 4, 4, 3, 3, 3], "a_time_left": [358.8014282499789, 358.8014282499789, 358.2587034999742, 358.2587034999742, 356.6911682919599, 356.6911682919599, 355.73440004198346, 355.73440004198346, 353.84343841695227, 353.84343841695227, 352.7743516249466, 352.7743516249466, 349.88737549999496, 349.88737549999496, 348.5954351669643, 348.5954351669643, 346.1503777920152, 346.1503777920152, 345.1486704170238, 345.1486704170238, 343.0637604590156, 343.0637604590156, 342.08619895903394, 342.08619895903394, 340.0694108760799, 340.0694108760799, 339.8364812511136, 339.8364812511136, 338.6898685010965, 338.6898685010965, 337.9209631260601, 337.9209631260601, 337.80903225106886, 337.80903225106886, 337.64675533404807, 337.64675533404807, 336.87058404210256, 336.87058404210256, 336.0836375830695, 336.0836375830695, 334.6904040410882, 334.6904040410882, 333.9224510831409, 333.9224510831409, 333.1197790421429, 333.1197790421429, 332.75352037517587, 332.75352037517587, 332.25964312517317, 332.25964312517317, 331.7758443331695, 331.7758443331695, 331.5474814581685, 331.5474814581685, 331.3180552502163, 331.3180552502163, 330.8159643331892, 330.8159643331892, 330.6415958752041, 330.6415958752041, 330.2813050831901, 330.2813050831901, 330.1236770421965, 330.1236770421965, 329.92698708421085, 329.92698708421085, 329.6557980432408, 329.6557980432408, 329.4036181262345, 329.4036181262345, 329.242195335275, 329.242195335275, 328.9784545432776, 328.9784545432776, 328.7679638352711, 328.7679638352711, 328.29650533525273, 328.29650533525273, 328.2827644182835, 328.2827644182835], "b_time_left": [360, 358.9787790830014, 358.9787790830014, 358.3710509579978, 358.3710509579978, 357.0519143330166, 357.0519143330166, 355.7429906250327, 355.7429906250327, 354.62515020905994, 354.62515020905994, 353.5320883760578, 353.5320883760578, 351.29219558410114, 351.29219558410114, 350.2583307091263, 350.2583307091263, 349.19637441809755, 349.19637441809755, 348.357722376124, 348.357722376124, 347.2844328341307, 347.2844328341307, 346.58376941713504, 346.58376941713504, 345.1276516671642, 345.1276516671642, 344.86316395917675, 344.86316395917675, 344.7492791261757, 344.7492791261757, 344.27927254216047, 344.27927254216047, 343.84507870918605, 343.84507870918605, 343.55446604220197, 343.55446604220197, 343.05196729220916, 343.05196729220916, 342.2112847082317, 342.2112847082317, 341.96105583326425, 341.96105583326425, 341.33610104123363, 341.33610104123363, 341.1360341242398, 341.1360341242398, 340.778931499226, 340.778931499226, 340.6473747912678, 340.6473747912678, 339.9736548322253, 339.9736548322253, 339.8311188322259, 339.8311188322259, 339.70578237320296, 339.70578237320296, 339.5895964981755, 339.5895964981755, 339.5056103311945, 339.5056103311945, 339.43169408122776, 339.43169408122776, 339.3523690402508, 339.3523690402508, 339.2409449152765, 339.2409449152765, 339.14328708226094, 339.14328708226094, 339.0568789992831, 339.0568789992831, 338.97523049928714, 338.97523049928714, 338.84298708225833, 338.84298708225833, 338.67625291622244, 338.67625291622244, 338.64073220826685, 338.64073220826685, 338.6383156252559], "a_moves_left": [39, 39, 38, 38, 37, 37, 36, 36, 35, 35, 34, 34, 33, 33, 32, 32, 31, 31, 30, 30, 29, 29, 28, 28, 27, 27, 26, 26, 25, 25, 24, 24, 23, 23, 22, 22, 21, 21, 20, 20, 19, 19, 18, 18, 17, 17, 16, 16, 15, 15, 14, 14, 13, 13, 12, 12, 11, 11, 10, 10, 9, 9, 8, 8, 7, 7, 6, 6, 5, 5, 4, 4, 3, 3, 2, 2, 1, 1, 0, 0], "b_moves_left": [40, 39, 39, 38, 38, 37, 37, 36, 36, 35, 35, 34, 34, 33, 33, 32, 32, 31, 31, 30, 30, 29, 29, 28, 28, 27, 27, 26, 26, 25, 25, 24, 24, 23, 23, 22, 22, 21, 21, 20, 20, 19, 19, 18, 18, 17, 17, 16, 16, 15, 15, 14, 14, 13, 13, 12, 12, 11, 11, 10, 10, 9, 9, 8, 8, 7, 7, 6, 6, 5, 5, 4, 4, 3, 3, 2, 2, 1, 1, 0], "trapdoor_triggered": [0, 0, 0, 0, 0, 0, 0, 0, 0, 0, 0, 0, 0, 0, 0, 0, 0, 0, 0, 0, 0, 0, 0, 0, 0, 1, 0, 0, 0, 0, 1, 0, 0, 0, 0, 0, 0, 0, 0, 0, 0, 0, 0, 0, 0, 0, 0, 0, 0, 0, 0, 0, 0, 0, 0, 0, 0, 0, 0, 0, 0, 0, 0, 0, 0, 0, 0, 0, 0, 0, 0, 0, 0, 0, 0, 0, 0, 0, 0, 0], "left_behind": ["egg", "egg", "plain", "plain", "egg", "egg", "plain", "plain", "egg", "egg", "plain", "plain", "egg", "egg", "plain", "plain", "egg", "egg", "plain", "plain", "egg", "egg", "plain", "turd", "egg", "egg", "plain", "plain", "egg", "plain", "turd", "egg", "plain", "plain", "plain", "plain", "egg", "plain", "plain", "egg", "egg", "plain", "plain", "egg", "egg", "plain", "plain", "egg", "egg", "plain", "plain", "egg", "egg", "plain", "plain", "plain", "egg", "plain", "plain", "plain", "egg", "plain", "plain", "plain", "plain", "plain", "plain", "plain", "plain", "plain", "plain", "plain", "plain", "plain", "plain", "plain", "egg", "turd", "plain", "plain"], "errlog_a": "", "errlog_b": "", "start_time": 360, "start_moves": 40, "turn_count": 80, "result": 0, "reason": "EGGS_LAID", "trapdoors": [[2, 4], [5, 2]], "spawn_a": [7, 3], "spawn_b": [0, 3]}