{"pos": [[7, 2], [1, 1], [7, 3], [1, 0], [7, 2], [2, 0], [6, 2], [3, 0], [6, 3], [4, 0], [6, 4], [5, 0], [5, 4], [5, 1], [7, 1], [6, 1], [7, 2], [5, 1], [7, 3], [0, 1], [7, 4], [1, 1], [7, 5], [2, 1], [7, 6], [3, 1], [7, 7], [4, 1], [7, 6], [4, 2], [6, 6], [0, 1], [6, 5], [1, 1], [5, 5], [1, 2], [5, 4], [2, 2], [7, 1], [3, 2], [7, 0], [4, 2], [6, 0], [0, 1], [7, 0], [0, 2], [7, 1], [0, 3], [7, 0], [1, 3], [7, 1], [2, 3], [7, 0], [3, 3], [7, 1], [4, 3], [7, 0], [4, 4], [7, 1], [4, 5], [7, 0], [4, 4], [7, 1], [5, 4], [7, 0], [4, 4], [7, 1], [3, 4], [7, 0], [3, 5], [7, 1], [3, 6], [7, 0], [3, 5], [7, 1], [2, 5], [7, 0], [2, 4], [6, 0], [2, 5]], "a_eggs_laid": [1, 1, 1, 1, 2, 2, 2, 2, 3, 3, 3, 3, 4, 4, 4, 4, 4, 4, 4, 4, 8, 8, 8, 8, 9, 9, 9, 9, 12, 12, 12, 12, 17, 17, 17, 17, 18, 18, 18, 18, 18, 18, 18, 18, 22, 22, 22, 22, 22, 22, 22, 22, 22, 22, 22, 22, 22, 22, 22, 22, 22, 22, 22, 22, 22, 22, 22, 22, 22, 22, 22, 22, 22, 22, 22, 22, 22, 22, 22, 22], "b_eggs_laid": [0, 1, 1, 1, 1, 2, 2, 2, 2, 3, 3, 3, 3, 4, 4, 8, 8, 9, 9, 9, 9, 9, 9, 9, 9, 10, 10, 10, 10, 11, 11, 11, 11, 11, 11, 11, 11, 12, 12, 16, 16, 17, 17, 17, 17, 17, 17, 17, 17, 18, 18, 18, 18, 19, 19, 19, 19, 20, 20, 20, 20, 21, 21, 21, 21, 22, 22, 22, 22, 23, 23, 23, 23, 24, 24, 24, 24, 24, 24, 24], "a_turds_left": [5, 5, 5, 5, 5, 5, 5, 5, 5, 5, 5, 5, 5, 5, 5, 5, 5, 5, 5, 5, 5, 5, 5, 5, 5, 5, 5, 5, 5, 5, 5, 5, 5, 5, 5, 5, 5, 5, 5, 5, 5, 5, 5, 5, 5, 5, 5, 5, 5, 5, 5, 5, 5, 5, 5, 5, 5, 5, 5, 5, 5, 5, 5, 5, 5, 5, 5, 5, 5, 5, 5, 5, 5, 5, 5, 5, 5, 5, 5, 5], "b_turds_left": [5, 5, 5, 5, 5, 5, 5, 5, 5, 5, 5, 5, 5, 5, 5, 5, 5, 5, 5, 5, 5, 5, 5, 5, 5, 5, 5, 5, 5, 5, 5, 5, 5, 5, 5, 5, 5, 5, 5, 5, 5, 5, 5, 5, 5, 5, 5, 5, 5, 5, 5, 5, 5, 5, 5, 5, 5, 5, 5, 5, 5, 5, 5, 5, 5, 5, 5, 5, 5, 5, 5, 5, 5, 5, 5, 5, 5, 4, 4, 4], "a_time_left": [358.4269063330139, 358.4269063330139, 357.11831733299186, 357.11831733299186, 355.53276337496936, 355.53276337496936, 354.6289336249465, 354.6289336249465, 351.37063558294903, 351.37063558294903, 350.0452084579156, 350.0452084579156, 347.0687663749559, 347.0687663749559, 345.5948805839289, 345.5948805839289, 345.44326920894673, 345.44326920894673, 344.86982875096146, 344.86982875096146, 344.6586752089788, 344.6586752089788, 343.8005928339553, 343.8005928339553, 341.1538888759678, 341.1538888759678, 340.4077077929978, 340.4077077929978, 339.02730708394665, 339.02730708394665, 338.14508316793945, 338.14508316793945, 337.3507720429334, 337.3507720429334, 336.57697283494053, 336.57697283494053, 333.190603959898, 333.190603959898, 332.0453890429344, 332.0453890429344, 331.53135908494005, 331.53135908494005, 331.20899283490144, 331.20899283490144, 331.07032562588574, 331.07032562588574, 330.87479433388216, 330.87479433388216, 330.56753966683755, 330.56753966683755, 330.2231750828796, 330.2231750828796, 329.74338233290473, 329.74338233290473, 329.38483954191906, 329.38483954191906, 328.9740839169244, 328.9740839169244, 328.65597437595716, 328.65597437595716, 328.3430926259607, 328.3430926259607, 328.0868160839891, 328.0868160839891, 327.8851665010443, 327.8851665010443, 327.6746506670024, 327.6746506670024, 327.2414092919789, 327.2414092919789, 326.9418144169613, 326.9418144169613, 326.64347979193553, 326.64347979193553, 326.4262416668935, 326.4262416668935, 326.0563409588649, 326.0563409588649, 326.03604291786905, 326.03604291786905], "b_time_left": [360, 358.54324991698377, 358.54324991698377, 357.169766291976, 357.169766291976, 355.9703345419839, 355.9703345419839, 354.5510373750003, 354.5510373750003, 352.54165254102554, 352.54165254102554, 350.9853349990444, 350.9853349990444, 348.0264338320703, 348.0264338320703, 347.6882910821005, 347.6882910821005, 347.35825979011133, 347.35825979011133, 346.8387712900876, 346.8387712900876, 346.522967665107, 346.522967665107, 344.9570908311289, 344.9570908311289, 343.4832408311195, 343.4832408311195, 342.6427170391544, 342.6427170391544, 341.11556524812477, 341.11556524812477, 339.5163103311206, 339.5163103311206, 339.14505724806804, 339.14505724806804, 337.78895249805646, 337.78895249805646, 335.5493471650407, 335.5493471650407, 335.2013014560798, 335.2013014560798, 334.64051528903656, 334.64051528903656, 334.3208967060782, 334.3208967060782, 334.2103627480683, 334.2103627480683, 333.99355858110357, 333.99355858110357, 333.64255716407206, 333.64255716407206, 333.32963128911797, 333.32963128911797, 332.7925930391066, 332.7925930391066, 332.47598958108574, 332.47598958108574, 331.91954345611157, 331.91954345611157, 331.65327095612884, 331.65327095612884, 331.21486391412327, 331.21486391412327, 330.9217535391217, 330.9217535391217, 330.62623491411796, 330.62623491411796, 330.3567059971392, 330.3567059971392, 329.8259198721498, 329.8259198721498, 329.4666654971661, 329.4666654971661, 328.94543733017053, 328.94543733017053, 328.62223224621266, 328.62223224621266, 328.51472212118097, 328.51472212118097, 328.50865712115774], "a_moves_left": [39, 39, 38, 38, 37, 37, 36, 36, 35, 35, 34, 34, 33, 33, 32, 32, 31, 31, 30, 30, 29, 29, 28, 28, 27, 27, 26, 26, 25, 25, 24, 24, 23, 23, 22, 22, 21, 21, 20, 20, 19, 19, 18, 18, 17, 17, 16, 16, 15, 15, 14, 14, 13, 13, 12, 12, 11, 11, 10, 10, 9, 9, 8, 8, 7, 7, 6, 6, 5, 5, 4, 4, 3, 3, 2, 2, 1, 1, 0, 0], "b_moves_left": [40, 39, 39, 38, 38, 37, 37, 36, 36, 35, 35, 34, 34, 33, 33, 32, 32, 31, 31, 30, 30, 29, 29, 28, 28, 27, 27, 26, 26, 25, 25, 24, 24, 23, 23, 22, 22, 21, 21, 20, 20, 19, 19, 18, 18, 17, 17, 16, 16, 15, 15, 14, 14, 13, 13, 12, 12, 11, 11, 10, 10, 9, 9, 8, 8, 7, 7, 6, 6, 5, 5, 4, 4, 3, 3, 2, 2, 1, 1, 0], "trapdoor_triggered": [0, 0, 0, 0, 0, 0, 0, 0, 0, 0, 0, 0, 0, 0, 1, 0, 0, 0, 0, 1, 0, 0, 0, 0, 0, 0, 0, 0, 0, 0, 0, 1, 0, 0, 0, 0, 0, 0, 1, 0, 0, 0, 0, 1, 0, 0, 0, 0, 0, 0, 0, 0, 0, 0, 0, 0, 0, 0, 0, 0, 0, 0, 0, 0, 0, 0, 0, 0, 0, 0, 0, 0, 0, 0, 0, 0, 0, 0, 0, 0], "left_behind": ["egg", "egg", "plain", "plain", "egg", "egg", "plain", "plain", "egg", "egg", "plain", "plain", "egg", "egg", "plain", "plain", "plain", "egg", "plain", "plain", "plain", "plain", "plain", "plain", "egg", "egg", "plain", "plain", "egg", "egg", "plain", "plain", "egg", "plain", "plain", "plain", "egg", "egg", "plain", "plain", "plain", "egg", "plain", "plain", "plain", "plain", "plain", "plain", "plain", "egg", "plain", "plain", "plain", "egg", "plain", "plain", "plain", "egg", "plain", "plain", "plain", "egg", "plain", "plain", "plain", "egg", "plain", "plain", "plain", "egg", "plain", "plain", "plain", "egg", "plain", "plain", "plain", "turd", "plain", "plain"], "errlog_a": "", "errlog_b": "", "start_time": 360, "start_moves": 40, "turn_count": 80, "result": 1, "reason": "EGGS_LAID", "trapdoors": [[5, 3], [5, 2]], "spawn_a": [7, 1], "spawn_b": [0, 1]}