{"pos": [[6, 3], [0, 2], [5, 3], [0, 1], [4, 3], [1, 1], [3, 3], [1, 0], [4, 3], [2, 0], [4, 4], [3, 0], [7, 3], [4, 0], [7, 4], [5, 0], [7, 5], [5, 1], [6, 5], [6, 1], [6, 4], [5, 1], [6, 5], [5, 2], [6, 6], [5, 1], [5, 6], [4, 1], [5, 5], [3, 1], [5, 6], [3, 2], [4, 6], [3, 1], [3, 6], [2, 1], [3, 5], [2, 2], [2, 5], [1, 2], [7, 3], [1, 3], [7, 2], [2, 3], [7, 1], [0, 3], [7, 0], [1, 3], [6, 0], [1, 4], [7, 0], [1, 5], [7, 1], [2, 5], [7, 2], [2, 6], [6, 2], [3, 6], [6, 3], [2, 6], [6, 4], [2, 7], [5, 4], [2, 6], [5, 5], [1, 6], [5, 6], [2, 6], [5, 7], [3, 6], [6, 7], [2, 6], [7, 7], [3, 6], [6, 7], [3, 7], [6, 6], [3, 6], [5, 6], [3, 7]], "a_eggs_laid": [1, 1, 1, 1, 2, 2, 2, 2, 3, 3, 3, 3, 4, 4, 4, 4, 4, 4, 5, 5, 5, 5, 6, 6, 6, 6, 7, 7, 7, 7, 8, 8, 8, 8, 9, 9, 9, 9, 10, 10, 10, 10, 10, 10, 10, 10, 15, 15, 15, 15, 16, 16, 16, 16, 16, 16, 16, 16, 17, 17, 17, 17, 17, 17, 17, 17, 17, 17, 17, 17, 18, 18, 18, 18, 21, 21, 21, 21, 21, 21], "b_eggs_laid": [0, 1, 1, 1, 1, 2, 2, 2, 2, 3, 3, 3, 3, 8, 8, 8, 8, 9, 9, 9, 9, 10, 10, 10, 10, 11, 11, 11, 11, 12, 12, 12, 12, 13, 13, 13, 13, 14, 14, 14, 14, 19, 19, 19, 19, 20, 20, 20, 20, 20, 20, 21, 21, 21, 21, 22, 22, 22, 22, 23, 23, 23, 23, 24, 24, 24, 24, 25, 25, 25, 25, 25, 25, 25, 25, 25, 25, 25, 25, 25], "a_turds_left": [5, 5, 4, 4, 4, 4, 4, 4, 4, 4, 4, 4, 4, 4, 4, 4, 3, 3, 3, 3, 2, 2, 2, 2, 2, 2, 2, 2, 2, 2, 2, 2, 1, 1, 1, 1, 1, 1, 1, 1, 1, 1, 1, 1, 1, 1, 1, 1, 1, 1, 1, 1, 1, 1, 1, 1, 1, 1, 1, 1, 1, 1, 1, 1, 1, 1, 1, 1, 1, 1, 1, 1, 1, 1, 1, 1, 1, 1, 1, 1], "b_turds_left": [5, 5, 5, 5, 5, 5, 5, 5, 5, 5, 5, 5, 5, 5, 5, 5, 5, 5, 5, 5, 5, 5, 5, 5, 5, 5, 5, 5, 5, 5, 5, 5, 5, 5, 5, 5, 5, 5, 5, 5, 5, 5, 5, 5, 5, 5, 5, 5, 5, 5, 5, 5, 5, 5, 5, 5, 5, 5, 5, 5, 5, 5, 5, 5, 5, 5, 5, 5, 5, 5, 5, 5, 5, 5, 5, 5, 5, 4, 4, 4], "a_time_left": [358.39685454196297, 358.39685454196297, 357.4161451259861, 357.4161451259861, 355.15386112598935, 355.15386112598935, 353.4679059170303, 353.4679059170303, 351.45850295905257, 351.45850295905257, 350.2742060840246, 350.2742060840246, 347.64646770904073, 347.64646770904073, 347.2579787510331, 347.2579787510331, 346.19066141801886, 346.19066141801886, 343.77606483502313, 343.77606483502313, 342.22693971003173, 342.22693971003173, 340.70892541803187, 340.70892541803187, 340.16197087604087, 340.16197087604087, 338.1116355850245, 338.1116355850245, 335.9593883350026, 335.9593883350026, 333.12071016803384, 333.12071016803384, 331.86995854304405, 331.86995854304405, 330.16811370901996, 330.16811370901996, 328.5429046670324, 328.5429046670324, 326.3951937510283, 326.3951937510283, 325.0513812089921, 325.0513812089921, 324.86090279195923, 324.86090279195923, 324.1872943339404, 324.1872943339404, 323.9306299169548, 323.9306299169548, 323.72635704197455, 323.72635704197455, 323.2099605840049, 323.2099605840049, 322.89505875098985, 322.89505875098985, 322.3935016259784, 322.3935016259784, 321.9485199179617, 321.9485199179617, 321.53689100098563, 321.53689100098563, 321.26441358495504, 321.26441358495504, 320.85809879295994, 320.85809879295994, 320.5697798350011, 320.5697798350011, 320.04269591905177, 320.04269591905177, 319.9482050440274, 319.9482050440274, 319.7560379190254, 319.7560379190254, 319.6511817519786, 319.6511817519786, 319.50511879398255, 319.50511879398255, 319.4234341279953, 319.4234341279953, 319.41862379503436, 319.41862379503436], "b_time_left": [360, 357.96401266701287, 357.96401266701287, 356.8851905000047, 356.8851905000047, 355.00305920798564, 355.00305920798564, 353.28455974999815, 353.28455974999815, 351.8306286250008, 351.8306286250008, 350.3847172919777, 350.3847172919777, 349.8487967919791, 349.8487967919791, 349.0851584589691, 349.0851584589691, 347.49466179299634, 347.49466179299634, 345.9954510020325, 345.9954510020325, 344.71146662702085, 344.71146662702085, 344.0357149600168, 344.0357149600168, 343.03365558502264, 343.03365558502264, 341.6795167940436, 341.6795167940436, 338.50124079402303, 338.50124079402303, 337.1356052940246, 337.1356052940246, 335.60588904400356, 335.60588904400356, 334.50004154402995, 334.50004154402995, 331.6905557530117, 331.6905557530117, 330.66144933603937, 330.66144933603937, 330.1959938360378, 330.1959938360378, 329.7444634200656, 329.7444634200656, 328.89316879509715, 328.89316879509715, 328.8064773370861, 328.8064773370861, 328.6062275040895, 328.6062275040895, 328.38689142110525, 328.38689142110525, 328.1156258381088, 328.1156258381088, 327.6434297540691, 327.6434297540691, 327.06279417010956, 327.06279417010956, 326.83168475312414, 326.83168475312414, 326.565551503154, 326.565551503154, 326.03317083616275, 326.03317083616275, 325.71041891915957, 325.71041891915957, 325.0052780442056, 325.0052780442056, 324.54324141924735, 324.54324141924735, 324.44381408626214, 324.44381408626214, 324.1343557522632, 324.1343557522632, 324.0493792522466, 324.0493792522466, 324.0209710022318, 324.0209710022318, 324.0191080022487], "a_moves_left": [39, 39, 38, 38, 37, 37, 36, 36, 35, 35, 34, 34, 33, 33, 32, 32, 31, 31, 30, 30, 29, 29, 28, 28, 27, 27, 26, 26, 25, 25, 24, 24, 23, 23, 22, 22, 21, 21, 20, 20, 19, 19, 18, 18, 17, 17, 16, 16, 15, 15, 14, 14, 13, 13, 12, 12, 11, 11, 10, 10, 9, 9, 8, 8, 7, 7, 6, 6, 5, 5, 4, 4, 3, 3, 2, 2, 1, 1, 0, 0], "b_moves_left": [40, 39, 39, 38, 38, 37, 37, 36, 36, 35, 35, 34, 34, 33, 33, 32, 32, 31, 31, 30, 30, 29, 29, 28, 28, 27, 27, 26, 26, 25, 25, 24, 24, 23, 23, 22, 22, 21, 21, 20, 20, 19, 19, 18, 18, 17, 17, 16, 16, 15, 15, 14, 14, 13, 13, 12, 12, 11, 11, 10, 10, 9, 9, 8, 8, 7, 7, 6, 6, 5, 5, 4, 4, 3, 3, 2, 2, 1, 1, 0], "trapdoor_triggered": [0, 0, 0, 0, 0, 0, 0, 0, 0, 0, 0, 0, 1, 0, 0, 0, 0, 0, 0, 0, 0, 0, 0, 0, 0, 0, 0, 0, 0, 0, 0, 0, 0, 0, 0, 0, 0, 0, 0, 0, 1, 0, 0, 0, 0, 1, 0, 0, 0, 0, 0, 0, 0, 0, 0, 0, 0, 0, 0, 0, 0, 0, 0, 0, 0, 0, 0, 0, 0, 0, 0, 0, 0, 0, 0, 0, 0, 0, 0, 0], "left_behind": ["egg", "egg", "turd", "plain", "egg", "egg", "plain", "plain", "egg", "egg", "plain", "plain", "egg", "egg", "plain", "plain", "turd", "egg", "egg", "plain", "turd", "egg", "egg", "plain", "plain", "egg", "egg", "plain", "plain", "egg", "egg", "plain", "turd", "egg", "egg", "plain", "plain", "egg", "egg", "plain", "plain", "egg", "plain", "plain", "plain", "egg", "egg", "plain", "plain", "plain", "egg", "egg", "plain", "plain", "plain", "egg", "plain", "plain", "egg", "egg", "plain", "plain", "plain", "egg", "plain", "plain", "plain", "egg", "plain", "plain", "egg", "plain", "plain", "plain", "egg", "plain", "plain", "turd", "plain", "plain"], "errlog_a": "", "errlog_b": "", "start_time": 360, "start_moves": 40, "turn_count": 80, "result": 1, "reason": "EGGS_LAID", "trapdoors": [[2, 4], [3, 4]], "spawn_a": [7, 3], "spawn_b": [0, 3]}