{"pos": [[7, 2], [1, 1], [7, 3], [1, 0], [7, 2], [2, 0], [6, 2], [3, 0], [6, 3], [4, 0], [6, 4], [5, 0], [6, 5], [5, 1], [6, 6], [6, 1], [5, 6], [5, 1], [5, 7], [5, 2], [4, 7], [5, 1], [4, 6], [4, 1], [3, 6], [4, 2], [3, 5], [0, 1], [3, 6], [1, 1], [2, 6], [1, 2], [2, 5], [1, 1], [2, 4], [2, 1], [2, 5], [3, 1], [1, 5], [3, 2], [0, 5], [3, 3], [0, 4], [2, 3], [1, 4], [1, 3], [1, 5], [0, 3], [1, 6], [1, 3], [1, 7], [1, 4], [1, 6], [1, 3], [0, 6], [1, 2], [1, 6], [1, 1], [2, 6], [1, 0], [3, 6], [2, 0], [3, 7], [3, 0], [3, 6], [4, 0], [4, 6], [5, 0], [4, 5], [5, 1], [4, 4], [5, 2], [4, 5], [5, 3], [5, 5], [6, 3], [6, 5], [5, 3], [7, 5], [6, 3]], "a_eggs_laid": [1, 1, 1, 1, 2, 2, 2, 2, 3, 3, 3, 3, 4, 4, 4, 4, 5, 5, 5, 5, 6, 6, 6, 6, 7, 7, 7, 7, 12, 12, 12, 12, 13, 13, 13, 13, 14, 14, 14, 14, 15, 15, 15, 15, 16, 16, 16, 16, 16, 16, 16, 16, 17, 17, 17, 17, 18, 18, 18, 18, 18, 18, 18, 18, 19, 19, 19, 19, 19, 19, 19, 19, 19, 19, 19, 19, 20, 20, 20, 20], "b_eggs_laid": [0, 1, 1, 1, 1, 2, 2, 2, 2, 3, 3, 3, 3, 4, 4, 4, 4, 5, 5, 5, 5, 6, 6, 6, 6, 7, 7, 7, 7, 7, 7, 7, 7, 8, 8, 8, 8, 9, 9, 9, 9, 10, 10, 10, 10, 10, 10, 10, 10, 11, 11, 11, 11, 12, 12, 12, 12, 12, 12, 12, 12, 12, 12, 12, 12, 12, 12, 12, 12, 12, 12, 12, 12, 12, 12, 12, 12, 12, 12, 12], "a_turds_left": [5, 5, 5, 5, 5, 5, 5, 5, 5, 5, 5, 5, 5, 5, 5, 5, 5, 5, 5, 5, 5, 5, 5, 5, 5, 5, 5, 5, 5, 5, 5, 5, 5, 5, 5, 5, 5, 5, 5, 5, 5, 5, 5, 5, 5, 5, 5, 5, 5, 5, 5, 5, 5, 5, 5, 5, 5, 5, 5, 5, 5, 5, 5, 5, 5, 5, 5, 5, 5, 5, 5, 5, 4, 4, 4, 4, 4, 4, 4, 4], "b_turds_left": [5, 5, 5, 5, 5, 5, 5, 5, 5, 5, 5, 5, 5, 5, 5, 5, 5, 5, 5, 5, 5, 5, 5, 5, 5, 5, 5, 5, 5, 5, 5, 5, 5, 5, 5, 5, 5, 5, 5, 5, 5, 5, 5, 5, 5, 4, 4, 4, 4, 4, 4, 4, 4, 4, 4, 4, 4, 4, 4, 4, 4, 4, 4, 4, 4, 4, 4, 4, 4, 4, 4, 4, 4, 4, 4, 4, 4, 3, 3, 3], "a_time_left": [358.92627374996664, 358.92627374996664, 358.1959502919344, 358.1959502919344, 356.9570175828994, 356.9570175828994, 356.4618844158831, 356.4618844158831, 354.7564645828679, 354.7564645828679, 351.9701952908654, 351.9701952908654, 345.1516512488597, 345.1516512488597, 342.2864426658489, 342.2864426658489, 336.0975683738361, 336.0975683738361, 333.86687066580635, 333.86687066580635, 330.50137729075504, 330.50137729075504, 328.97982204071013, 328.97982204071013, 317.08442983269924, 317.08442983269924, 312.036336332676, 312.036336332676, 311.07227924867766, 311.07227924867766, 310.255716582702, 310.255716582702, 308.1092601667042, 308.1092601667042, 307.5074254167266, 307.5074254167266, 305.5225161667331, 305.5225161667331, 304.9619615417323, 304.9619615417323, 303.44066062470665, 303.44066062470665, 303.1745629996876, 303.1745629996876, 302.4282897496596, 302.4282897496596, 302.36637612467166, 302.36637612467166, 302.0612105826731, 302.0612105826731, 301.8400167906657, 301.8400167906657, 301.59057395666605, 301.59057395666605, 301.4449825816555, 301.4449825816555, 301.0733757066191, 301.0733757066191, 300.9019187486265, 300.9019187486265, 300.82567499863217, 300.82567499863217, 300.6694717906066, 300.6694717906066, 300.32421345758485, 300.32421345758485, 300.1631885415991, 300.1631885415991, 300.0151373335975, 300.0151373335975, 299.709432625561, 299.709432625561, 299.297454250569, 299.297454250569, 299.17469454254024, 299.17469454254024, 298.9197695015464, 298.9197695015464, 298.9104222515598, 298.9104222515598], "b_time_left": [360, 359.1707079159678, 359.1707079159678, 358.37682945799315, 358.37682945799315, 357.75989737396594, 357.75989737396594, 356.88281533296686, 356.88281533296686, 344.0123400829616, 344.0123400829616, 341.2294217500021, 341.2294217500021, 335.51098241703585, 335.51098241703585, 332.2975902920007, 332.2975902920007, 329.4929562920006, 329.4929562920006, 327.9063878330053, 327.9063878330053, 325.23877491697203, 325.23877491697203, 322.8961315419874, 322.8961315419874, 314.64396979194134, 314.64396979194134, 313.3714055418968, 313.3714055418968, 313.07571491686394, 313.07571491686394, 312.1725864588516, 312.1725864588516, 310.82153083384037, 310.82153083384037, 309.86204725084826, 309.86204725084826, 308.80093758384464, 308.80093758384464, 308.0894246668322, 308.0894246668322, 307.1626342498348, 307.1626342498348, 306.55714599980274, 306.55714599980274, 306.3037185827852, 306.3037185827852, 306.1569226247957, 306.1569226247957, 305.7608922498184, 305.7608922498184, 305.46310820779763, 305.46310820779763, 305.3457239578129, 305.3457239578129, 304.99265599879436, 304.99265599879436, 304.9152804147452, 304.9152804147452, 304.7267927067587, 304.7267927067587, 304.6418326657731, 304.6418326657731, 304.33778687374434, 304.33778687374434, 304.25480374874314, 304.25480374874314, 304.0960009987466, 304.0960009987466, 303.90645274874987, 303.90645274874987, 303.31264708272647, 303.31264708272647, 303.19338529073866, 303.19338529073866, 303.06941691576503, 303.06941691576503, 303.0466977907927, 303.0466977907927, 303.0448325407924], "a_moves_left": [39, 39, 38, 38, 37, 37, 36, 36, 35, 35, 34, 34, 33, 33, 32, 32, 31, 31, 30, 30, 29, 29, 28, 28, 27, 27, 26, 26, 25, 25, 24, 24, 23, 23, 22, 22, 21, 21, 20, 20, 19, 19, 18, 18, 17, 17, 16, 16, 15, 15, 14, 14, 13, 13, 12, 12, 11, 11, 10, 10, 9, 9, 8, 8, 7, 7, 6, 6, 5, 5, 4, 4, 3, 3, 2, 2, 1, 1, 0, 0], "b_moves_left": [40, 39, 39, 38, 38, 37, 37, 36, 36, 35, 35, 34, 34, 33, 33, 32, 32, 31, 31, 30, 30, 29, 29, 28, 28, 27, 27, 26, 26, 25, 25, 24, 24, 23, 23, 22, 22, 21, 21, 20, 20, 19, 19, 18, 18, 17, 17, 16, 16, 15, 15, 14, 14, 13, 13, 12, 12, 11, 11, 10, 10, 9, 9, 8, 8, 7, 7, 6, 6, 5, 5, 4, 4, 3, 3, 2, 2, 1, 1, 0], "trapdoor_triggered": [0, 0, 0, 0, 0, 0, 0, 0, 0, 0, 0, 0, 0, 0, 0, 0, 0, 0, 0, 0, 0, 0, 0, 0, 0, 0, 0, 1, 0, 0, 0, 0, 0, 0, 0, 0, 0, 0, 0, 0, 0, 0, 0, 0, 0, 0, 0, 0, 0, 0, 0, 0, 0, 0, 0, 0, 0, 0, 0, 0, 0, 0, 0, 0, 0, 0, 0, 0, 0, 0, 0, 0, 0, 0, 0, 0, 0, 0, 0, 0], "left_behind": ["egg", "egg", "plain", "plain", "egg", "egg", "plain", "plain", "egg", "egg", "plain", "plain", "egg", "egg", "plain", "plain", "egg", "egg", "plain", "plain", "egg", "egg", "plain", "plain", "egg", "egg", "plain", "plain", "egg", "plain", "plain", "plain", "egg", "egg", "plain", "plain", "egg", "egg", "plain", "plain", "egg", "egg", "plain", "plain", "egg", "turd", "plain", "plain", "plain", "egg", "plain", "plain", "egg", "egg", "plain", "plain", "egg", "plain", "plain", "plain", "plain", "plain", "plain", "plain", "egg", "plain", "plain", "plain", "plain", "plain", "plain", "plain", "turd", "plain", "plain", "plain", "egg", "turd", "plain", "plain"], "errlog_a": "", "errlog_b": "", "start_time": 360, "start_moves": 40, "turn_count": 80, "result": 0, "reason": "EGGS_LAID", "trapdoors": [[2, 2], [4, 3]], "spawn_a": [7, 1], "spawn_b": [0, 1]}