{"pos": [[7, 4], [0, 4], [7, 3], [0, 3], [7, 2], [0, 2], [7, 1], [0, 1], [6, 1], [1, 1], [6, 2], [2, 1], [6, 3], [2, 2], [6, 4], [3, 2], [6, 5], [3, 1], [6, 6], [4, 1], [5, 6], [4, 0], [4, 6], [5, 0], [3, 6], [4, 0], [2, 6], [3, 0], [2, 7], [2, 0], [1, 7], [1, 0], [1, 6], [1, 1], [1, 5], [1, 2], [2, 5], [1, 3], [3, 5], [1, 4], [4, 5], [1, 3], [4, 4], [2, 3], [4, 5], [2, 2], [5, 5], [2, 1], [5, 4], [3, 1], [5, 3], [3, 2], [5, 2], [2, 2], [5, 1], [3, 2], [6, 1], [2, 2], [6, 0], [2, 3], [7, 0], [2, 4], [7, 1], [0, 5], [7, 2], [0, 6], [7, 3], [0, 5], [7, 4], [0, 6], [7, 5], [0, 5], [7, 6], [0, 4], [7, 7], [0, 3], [6, 7], [0, 2], [5, 7], [0, 1]], "a_eggs_laid": [1, 1, 1, 1, 2, 2, 2, 2, 3, 3, 3, 3, 4, 4, 4, 4, 5, 5, 5, 5, 6, 6, 6, 6, 7, 7, 7, 7, 8, 8, 8, 8, 9, 9, 9, 9, 10, 10, 10, 10, 11, 11, 11, 11, 12, 12, 12, 12, 13, 13, 13, 13, 14, 14, 14, 14, 15, 15, 15, 15, 16, 16, 16, 16, 20, 20, 20, 20, 20, 20, 20, 20, 20, 20, 20, 20, 23, 23, 23, 23], "b_eggs_laid": [0, 1, 1, 1, 1, 2, 2, 2, 2, 3, 3, 3, 3, 4, 4, 4, 4, 5, 5, 5, 5, 6, 6, 6, 6, 7, 7, 7, 7, 8, 8, 8, 8, 9, 9, 9, 9, 10, 10, 10, 10, 11, 11, 11, 11, 12, 12, 12, 12, 12, 12, 12, 12, 12, 12, 12, 12, 12, 12, 12, 12, 12, 12, 12, 12, 12, 12, 12, 12, 12, 12, 12, 12, 12, 12, 12, 12, 12, 12, 12], "a_turds_left": [5, 5, 5, 5, 5, 5, 5, 5, 5, 5, 5, 5, 5, 5, 5, 5, 5, 5, 5, 5, 5, 5, 5, 5, 5, 5, 5, 5, 5, 5, 5, 5, 5, 5, 5, 5, 5, 5, 5, 5, 5, 5, 5, 5, 5, 5, 5, 5, 5, 5, 5, 5, 5, 5, 4, 4, 4, 4, 4, 4, 4, 4, 4, 4, 4, 4, 4, 4, 4, 4, 4, 4, 4, 4, 4, 4, 4, 4, 4, 4], "b_turds_left": [5, 5, 5, 5, 5, 5, 5, 5, 5, 5, 5, 5, 5, 5, 5, 5, 5, 5, 5, 5, 5, 5, 5, 5, 5, 5, 5, 5, 5, 5, 5, 5, 5, 5, 5, 5, 5, 5, 5, 5, 5, 5, 5, 5, 5, 5, 5, 5, 5, 5, 5, 5, 5, 5, 5, 5, 5, 5, 5, 5, 5, 5, 5, 5, 5, 5, 5, 5, 5, 5, 5, 5, 5, 5, 5, 5, 5, 5, 5, 4], "a_time_left": [358.63324504200136, 358.63324504200136, 358.06332495895913, 358.06332495895913, 356.62762695894344, 356.62762695894344, 356.05559504195116, 356.05559504195116, 354.5686609999975, 354.5686609999975, 353.5240950419684, 353.5240950419684, 350.8977750419872, 350.8977750419872, 349.6252171670203, 349.6252171670203, 347.02596391702536, 347.02596391702536, 346.10669858398614, 346.10669858398614, 343.447861667024, 343.447861667024, 342.79340629203944, 342.79340629203944, 340.9417060840642, 340.9417060840642, 340.31274670903804, 340.31274670903804, 338.52153379202355, 338.52153379202355, 338.2203025420313, 338.2203025420313, 337.4658217920223, 337.4658217920223, 337.00714054203127, 337.00714054203127, 335.0890927090659, 335.0890927090659, 334.69367141707335, 334.69367141707335, 333.45513258402934, 333.45513258402934, 333.02304283401463, 333.02304283401463, 331.669661042979, 331.669661042979, 331.3812152099563, 331.3812152099563, 330.7500520849717, 330.7500520849717, 330.4766267099767, 330.4766267099767, 329.9034595429548, 329.9034595429548, 329.67954629292944, 329.67954629292944, 329.483878667932, 329.483878667932, 329.27440195996314, 329.27440195996314, 328.9875584599213, 328.9875584599213, 328.8790200429503, 328.8790200429503, 328.796032292943, 328.796032292943, 328.63360404293053, 328.63360404293053, 328.5383547099191, 328.5383547099191, 328.38973125093617, 328.38973125093617, 328.2955821258947, 328.2955821258947, 328.17328483390156, 328.17328483390156, 327.93813200091245, 327.93813200091245, 327.9209639588953, 327.9209639588953], "b_time_left": [360, 358.9714737079921, 358.9714737079921, 358.26933549996465, 358.26933549996465, 357.2940771660069, 357.2940771660069, 356.68246170697967, 356.68246170697967, 355.4103867899976, 355.4103867899976, 354.24440691497875, 354.24440691497875, 352.4914631230058, 352.4914631230058, 350.8240389150451, 350.8240389150451, 348.3148009990691, 348.3148009990691, 347.41008654108737, 347.41008654108737, 346.8216639160528, 346.8216639160528, 345.8869280820363, 345.8869280820363, 344.2174378740019, 344.2174378740019, 343.3453652909957, 343.3453652909957, 341.8143643740332, 341.8143643740332, 341.20893887401326, 341.20893887401326, 340.2794067900395, 340.2794067900395, 339.34333429002436, 339.34333429002436, 337.7928947490291, 337.7928947490291, 337.0084268740029, 337.0084268740029, 336.30796345800627, 336.30796345800627, 335.4222148329718, 335.4222148329718, 334.35894512495724, 334.35894512495724, 333.77441666595405, 333.77441666595405, 333.56371912395116, 333.56371912395116, 332.9574052489479, 332.9574052489479, 332.73963987396564, 332.73963987396564, 332.4583837489481, 332.4583837489481, 332.28657849895535, 332.28657849895535, 332.0052238740027, 332.0052238740027, 331.9339591659955, 331.9339591659955, 331.8372485819855, 331.8372485819855, 331.7927593739587, 331.7927593739587, 331.72050041594775, 331.72050041594775, 331.6778869989794, 331.6778869989794, 331.61824145703577, 331.61824145703577, 331.5656943740323, 331.5656943740323, 331.431193999073, 331.431193999073, 331.40164354105946, 331.40164354105946, 331.39826545806136], "a_moves_left": [39, 39, 38, 38, 37, 37, 36, 36, 35, 35, 34, 34, 33, 33, 32, 32, 31, 31, 30, 30, 29, 29, 28, 28, 27, 27, 26, 26, 25, 25, 24, 24, 23, 23, 22, 22, 21, 21, 20, 20, 19, 19, 18, 18, 17, 17, 16, 16, 15, 15, 14, 14, 13, 13, 12, 12, 11, 11, 10, 10, 9, 9, 8, 8, 7, 7, 6, 6, 5, 5, 4, 4, 3, 3, 2, 2, 1, 1, 0, 0], "b_moves_left": [40, 39, 39, 38, 38, 37, 37, 36, 36, 35, 35, 34, 34, 33, 33, 32, 32, 31, 31, 30, 30, 29, 29, 28, 28, 27, 27, 26, 26, 25, 25, 24, 24, 23, 23, 22, 22, 21, 21, 20, 20, 19, 19, 18, 18, 17, 17, 16, 16, 15, 15, 14, 14, 13, 13, 12, 12, 11, 11, 10, 10, 9, 9, 8, 8, 7, 7, 6, 6, 5, 5, 4, 4, 3, 3, 2, 2, 1, 1, 0], "trapdoor_triggered": [0, 0, 0, 0, 0, 0, 0, 0, 0, 0, 0, 0, 0, 0, 0, 0, 0, 0, 0, 0, 0, 0, 0, 0, 0, 0, 0, 0, 0, 0, 0, 0, 0, 0, 0, 0, 0, 0, 0, 0, 0, 0, 0, 0, 0, 0, 0, 0, 0, 0, 0, 0, 0, 0, 0, 0, 0, 0, 0, 0, 0, 0, 0, 1, 0, 0, 0, 0, 0, 0, 0, 0, 0, 0, 0, 0, 0, 0, 0, 0], "left_behind": ["egg", "egg", "plain", "plain", "egg", "egg", "plain", "plain", "egg", "egg", "plain", "plain", "egg", "egg", "plain", "plain", "egg", "egg", "plain", "plain", "egg", "egg", "plain", "plain", "egg", "egg", "plain", "plain", "egg", "egg", "plain", "plain", "egg", "egg", "plain", "plain", "egg", "egg", "plain", "plain", "egg", "egg", "plain", "plain", "egg", "egg", "plain", "plain", "egg", "plain", "plain", "plain", "egg", "plain", "turd", "plain", "egg", "plain", "plain", "plain", "egg", "plain", "plain", "plain", "plain", "plain", "plain", "plain", "plain", "plain", "plain", "plain", "plain", "plain", "plain", "plain", "egg", "plain", "plain", "turd"], "errlog_a": "", "errlog_b": "", "start_time": 360, "start_moves": 40, "turn_count": 80, "result": 0, "reason": "EGGS_LAID", "trapdoors": [[4, 2], [3, 4]], "spawn_a": [7, 5], "spawn_b": [0, 5]}