{"pos": [[7, 4], [0, 4], [7, 3], [0, 3], [7, 2], [0, 2], [7, 1], [0, 1], [7, 2], [1, 1], [6, 2], [1, 0], [6, 1], [2, 0], [5, 1], [3, 0], [6, 1], [3, 1], [6, 0], [4, 1], [7, 0], [4, 0], [7, 1], [5, 0], [7, 2], [4, 0], [7, 3], [4, 1], [7, 4], [3, 1], [6, 4], [3, 2], [6, 3], [3, 1], [5, 3], [2, 1], [5, 4], [2, 2], [5, 5], [0, 5], [6, 5], [0, 4], [6, 6], [1, 4], [5, 6], [1, 3], [5, 7], [1, 2], [5, 6], [1, 1], [4, 6], [1, 0], [4, 5], [2, 0], [3, 5], [3, 0], [3, 6], [3, 1], [2, 6], [3, 0], [2, 5], [3, 1], [1, 5], [3, 0], [1, 6], [3, 1], [1, 7], [3, 0], [2, 7], [3, 1], [3, 7], [3, 0], [3, 6], [3, 1], [4, 6], [4, 1], [5, 6], [4, 0], [6, 6], [3, 0]], "a_eggs_laid": [1, 1, 1, 1, 2, 2, 2, 2, 3, 3, 3, 3, 4, 4, 4, 4, 5, 5, 5, 5, 6, 6, 6, 6, 6, 6, 6, 6, 6, 6, 6, 6, 7, 7, 7, 7, 8, 8, 8, 8, 13, 13, 13, 13, 14, 14, 14, 14, 15, 15, 15, 15, 16, 16, 16, 16, 17, 17, 17, 17, 18, 18, 18, 18, 19, 19, 19, 19, 20, 20, 20, 20, 21, 21, 21, 21, 21, 21, 21, 21], "b_eggs_laid": [0, 1, 1, 1, 1, 2, 2, 2, 2, 3, 3, 3, 3, 4, 4, 4, 4, 5, 5, 5, 5, 6, 6, 6, 6, 7, 7, 7, 7, 7, 7, 7, 7, 8, 8, 8, 8, 9, 9, 9, 9, 9, 9, 9, 9, 10, 10, 10, 10, 11, 11, 11, 11, 11, 11, 11, 11, 11, 11, 11, 11, 11, 11, 11, 11, 11, 11, 11, 11, 11, 11, 11, 11, 11, 11, 11, 11, 11, 11, 11], "a_turds_left": [5, 5, 5, 5, 5, 5, 5, 5, 5, 5, 5, 5, 5, 5, 5, 5, 5, 5, 5, 5, 5, 5, 5, 5, 5, 5, 5, 5, 5, 5, 5, 5, 5, 5, 5, 5, 5, 5, 4, 4, 4, 4, 4, 4, 4, 4, 4, 4, 4, 4, 4, 4, 4, 4, 4, 4, 4, 4, 4, 4, 4, 4, 3, 3, 3, 3, 3, 3, 3, 3, 3, 3, 3, 3, 3, 3, 3, 3, 3, 3], "b_turds_left": [5, 5, 5, 5, 5, 5, 5, 5, 5, 5, 5, 5, 5, 5, 5, 5, 5, 5, 5, 5, 5, 5, 5, 5, 5, 5, 5, 5, 5, 5, 5, 5, 5, 5, 5, 5, 5, 5, 5, 5, 5, 5, 5, 5, 5, 5, 5, 5, 5, 5, 5, 5, 5, 5, 5, 5, 5, 5, 5, 5, 5, 5, 5, 5, 5, 5, 5, 5, 5, 5, 5, 5, 5, 5, 5, 5, 5, 5, 5, 4], "a_time_left": [355.4333180419635, 355.4333180419635, 353.63499229197623, 353.63499229197623, 349.79698687500786, 349.79698687500786, 348.03055383299943, 348.03055383299943, 343.49237820797134, 343.49237820797134, 341.17499899998074, 341.17499899998074, 336.0250479999813, 336.0250479999813, 333.4732252499671, 333.4732252499671, 329.67409649997717, 329.67409649997717, 327.32038424996426, 327.32038424996426, 324.61239062499953, 324.61239062499953, 324.29482912499225, 324.29482912499225, 323.8088744999841, 323.8088744999841, 323.37969254195923, 323.37969254195923, 322.82511829194846, 322.82511829194846, 321.12204987491714, 321.12204987491714, 315.1398502078955, 315.1398502078955, 313.85756208287785, 313.85756208287785, 307.18439604190644, 307.18439604190644, 305.13325183390407, 305.13325183390407, 302.910503958934, 302.910503958934, 301.3899535429082, 301.3899535429082, 295.0650750428904, 295.0650750428904, 292.75703308492666, 292.75703308492666, 287.67497325188015, 287.67497325188015, 286.4391230439069, 286.4391230439069, 285.0375119188684, 285.0375119188684, 284.6714252108941, 284.6714252108941, 282.6105927529279, 282.6105927529279, 281.9155421279138, 281.9155421279138, 280.9824823779054, 280.9824823779054, 280.5144233778701, 280.5144233778701, 280.03498904488515, 280.03498904488515, 279.60027966991765, 279.60027966991765, 278.7328269199352, 278.7328269199352, 278.4176550449338, 278.4176550449338, 277.8072422949481, 277.8072422949481, 277.43718212796375, 277.43718212796375, 276.96101766999345, 276.96101766999345, 276.90347854502033, 276.90347854502033], "b_time_left": [360, 356.80675045901444, 356.80675045901444, 354.93173337500775, 354.93173337500775, 352.5749469999573, 352.5749469999573, 350.80821687495336, 350.80821687495336, 348.9197794999927, 348.9197794999927, 345.43277520802803, 345.43277520802803, 342.62321916699875, 342.62321916699875, 339.9732930010068, 339.9732930010068, 338.10760458401637, 338.10760458401637, 335.7576404589927, 335.7576404589927, 335.1752143339836, 335.1752143339836, 334.67020050098654, 334.67020050098654, 334.3784964180086, 334.3784964180086, 333.8163850430283, 333.8163850430283, 332.78669045999413, 332.78669045999413, 329.54437141801463, 329.54437141801463, 325.8475350430235, 325.8475350430235, 322.73647491802694, 322.73647491802694, 315.58056112600025, 315.58056112600025, 312.3972008759738, 312.3972008759738, 311.76717529294547, 311.76717529294547, 309.60653841792373, 309.60653841792373, 304.91244362696307, 304.91244362696307, 303.4030682929442, 303.4030682929442, 301.12915945996065, 301.12915945996065, 299.34311545995297, 299.34311545995297, 298.81538875197293, 298.81538875197293, 297.7546067099902, 297.7546067099902, 296.63509283500025, 296.63509283500025, 295.03384933498455, 295.03384933498455, 294.7086720429943, 294.7086720429943, 294.25607562600635, 294.25607562600635, 293.9358523340197, 293.9358523340197, 293.1374050420127, 293.1374050420127, 292.9664447090472, 292.9664447090472, 292.29847629205324, 292.29847629205324, 292.14047662506346, 292.14047662506346, 291.8859324170626, 291.8859324170626, 291.812948334089, 291.812948334089, 291.80505437607644], "a_moves_left": [39, 39, 38, 38, 37, 37, 36, 36, 35, 35, 34, 34, 33, 33, 32, 32, 31, 31, 30, 30, 29, 29, 28, 28, 27, 27, 26, 26, 25, 25, 24, 24, 23, 23, 22, 22, 21, 21, 20, 20, 19, 19, 18, 18, 17, 17, 16, 16, 15, 15, 14, 14, 13, 13, 12, 12, 11, 11, 10, 10, 9, 9, 8, 8, 7, 7, 6, 6, 5, 5, 4, 4, 3, 3, 2, 2, 1, 1, 0, 0], "b_moves_left": [40, 39, 39, 38, 38, 37, 37, 36, 36, 35, 35, 34, 34, 33, 33, 32, 32, 31, 31, 30, 30, 29, 29, 28, 28, 27, 27, 26, 26, 25, 25, 24, 24, 23, 23, 22, 22, 21, 21, 20, 20, 19, 19, 18, 18, 17, 17, 16, 16, 15, 15, 14, 14, 13, 13, 12, 12, 11, 11, 10, 10, 9, 9, 8, 8, 7, 7, 6, 6, 5, 5, 4, 4, 3, 3, 2, 2, 1, 1, 0], "trapdoor_triggered": [0, 0, 0, 0, 0, 0, 0, 0, 0, 0, 0, 0, 0, 0, 0, 0, 0, 0, 0, 0, 0, 0, 0, 0, 0, 0, 0, 0, 0, 0, 0, 0, 0, 0, 0, 0, 0, 0, 0, 1, 0, 0, 0, 0, 0, 0, 0, 0, 0, 0, 0, 0, 0, 0, 0, 0, 0, 0, 0, 0, 0, 0, 0, 0, 0, 0, 0, 0, 0, 0, 0, 0, 0, 0, 0, 0, 0, 0, 0, 0], "left_behind": ["egg", "egg", "plain", "plain", "egg", "egg", "plain", "plain", "egg", "egg", "plain", "plain", "egg", "egg", "plain", "plain", "egg", "egg", "plain", "plain", "egg", "egg", "plain", "plain", "plain", "egg", "plain", "plain", "plain", "plain", "plain", "plain", "egg", "egg", "plain", "plain", "egg", "egg", "turd", "plain", "egg", "plain", "plain", "plain", "egg", "egg", "plain", "plain", "egg", "egg", "plain", "plain", "egg", "plain", "plain", "plain", "egg", "plain", "plain", "plain", "egg", "plain", "turd", "plain", "egg", "plain", "plain", "plain", "egg", "plain", "plain", "plain", "egg", "plain", "plain", "plain", "plain", "plain", "plain", "turd"], "errlog_a": "", "errlog_b": "", "start_time": 360, "start_moves": 40, "turn_count": 80, "result": 0, "reason": "EGGS_LAID", "trapdoors": [[4, 4], [2, 3]], "spawn_a": [7, 5], "spawn_b": [0, 5]}