{"pos": [[0, 5], [7, 5], [0, 4], [7, 4], [0, 3], [7, 3], [0, 2], [7, 2], [0, 1], [7, 1], [0, 0], [7, 0], [1, 0], [7, 1], [2, 0], [6, 1], [2, 1], [6, 2], [1, 1], [6, 3], [1, 2], [6, 4], [1, 3], [6, 5], [1, 4], [6, 4], [1, 5], [5, 4], [2, 5], [5, 5], [2, 6], [5, 6], [2, 5], [6, 6], [3, 5], [6, 7], [3, 4], [5, 7], [2, 4], [4, 7], [2, 3], [4, 6], [1, 3], [4, 5], [1, 2], [4, 4], [1, 3], [7, 6], [2, 3], [6, 6], [2, 4], [6, 5], [2, 3], [6, 4], [3, 3], [6, 3], [3, 2], [5, 3], [3, 1], [5, 2], [2, 1], [5, 1], [1, 1], [5, 0], [1, 2], [4, 0], [1, 3], [4, 1], [1, 4], [4, 0], [1, 5], [5, 0], [1, 6], [4, 0], [1, 7], [5, 0], [2, 7], [6, 0], [3, 7], [7, 0]], "a_eggs_laid": [1, 1, 1, 1, 2, 2, 2, 2, 3, 3, 3, 3, 6, 6, 6, 6, 7, 7, 7, 7, 8, 8, 8, 8, 9, 9, 9, 9, 10, 10, 10, 10, 11, 11, 11, 11, 12, 12, 12, 12, 13, 13, 13, 13, 13, 13, 13, 13, 17, 17, 17, 17, 17, 17, 17, 17, 17, 17, 17, 17, 18, 18, 18, 18, 18, 18, 18, 18, 18, 18, 18, 18, 18, 18, 18, 18, 19, 19, 19, 19], "b_eggs_laid": [0, 1, 1, 1, 1, 2, 2, 2, 2, 3, 3, 3, 3, 6, 6, 6, 6, 7, 7, 7, 7, 8, 8, 8, 8, 9, 9, 9, 9, 10, 10, 10, 10, 11, 11, 11, 11, 12, 12, 12, 12, 13, 13, 13, 13, 14, 14, 14, 14, 14, 14, 14, 14, 14, 14, 14, 14, 14, 14, 14, 14, 15, 15, 15, 15, 16, 16, 16, 16, 17, 17, 17, 17, 17, 17, 17, 17, 17, 17, 17], "a_turds_left": [5, 5, 5, 5, 5, 5, 5, 5, 5, 5, 5, 5, 5, 5, 5, 5, 5, 5, 5, 5, 5, 5, 5, 5, 5, 5, 5, 5, 5, 5, 5, 5, 5, 5, 5, 5, 5, 5, 5, 5, 5, 5, 5, 5, 5, 5, 5, 5, 5, 5, 5, 5, 5, 5, 5, 5, 4, 4, 4, 4, 4, 4, 4, 4, 4, 4, 4, 4, 4, 4, 4, 4, 4, 4, 4, 4, 4, 4, 4, 4], "b_turds_left": [5, 5, 5, 5, 5, 5, 5, 5, 5, 5, 5, 5, 5, 5, 5, 5, 5, 5, 5, 5, 5, 5, 5, 5, 5, 5, 5, 5, 5, 5, 5, 5, 5, 5, 5, 5, 5, 5, 5, 5, 5, 5, 5, 5, 5, 5, 5, 5, 5, 5, 5, 5, 5, 5, 5, 5, 5, 5, 5, 4, 4, 4, 4, 3, 3, 3, 3, 3, 3, 3, 3, 3, 3, 3, 3, 3, 3, 3, 3, 2], "a_time_left": [359.0412024590187, 359.0412024590187, 358.4988303339924, 358.4988303339924, 357.29985533398576, 357.29985533398576, 356.77089508395875, 356.77089508395875, 355.53404725098517, 355.53404725098517, 355.13913262600545, 355.13913262600545, 354.5958733340376, 354.5958733340376, 354.16500620899023, 354.16500620899023, 352.26541800104314, 352.26541800104314, 351.6320582930348, 351.6320582930348, 347.91697691805894, 347.91697691805894, 347.09419237606926, 347.09419237606926, 343.5737035010825, 343.5737035010825, 342.96352433407446, 342.96352433407446, 340.6056520420825, 340.6056520420825, 339.6980614170898, 339.6980614170898, 337.42339479213115, 337.42339479213115, 336.8014652921702, 336.8014652921702, 335.72225675021764, 335.72225675021764, 335.312999166199, 335.312999166199, 333.8959287912003, 333.8959287912003, 333.5541095822118, 333.5541095822118, 332.99658354121493, 332.99658354121493, 332.6669339162181, 332.6669339162181, 332.5292052081786, 332.5292052081786, 332.28230641718255, 332.28230641718255, 332.03233370918315, 332.03233370918315, 331.7763071261579, 331.7763071261579, 330.97448487614747, 330.97448487614747, 330.7572540851543, 330.7572540851543, 329.9495510851266, 329.9495510851266, 329.63598883512896, 329.63598883512896, 329.29540554317646, 329.29540554317646, 329.1000692091766, 329.1000692091766, 328.67519891716074, 328.67519891716074, 328.48121150018414, 328.48121150018414, 328.3378477091901, 328.3378477091901, 328.16867637616815, 328.16867637616815, 327.9443705851445, 327.9443705851445, 327.9262978351326, 327.9262978351326], "b_time_left": [360, 358.7895152909914, 358.7895152909914, 358.10286258300766, 358.10286258300766, 356.9281392910052, 356.9281392910052, 356.2108360819984, 356.2108360819984, 355.3286469570012, 355.3286469570012, 354.76737887301715, 354.76737887301715, 353.86258858203655, 353.86258858203655, 353.0862319160369, 353.0862319160369, 350.315171208058, 350.315171208058, 349.1728586240206, 349.1728586240206, 347.4248986240127, 347.4248986240127, 346.26417178998236, 346.26417178998236, 344.57143274799455, 344.57143274799455, 343.53316295699915, 343.53316295699915, 341.6765444150078, 341.6765444150078, 340.7733853739919, 340.7733853739919, 338.68079241598025, 338.68079241598025, 337.53321341599803, 337.53321341599803, 336.44445608300157, 336.44445608300157, 335.489902833011, 335.489902833011, 334.87773566599935, 334.87773566599935, 334.5193254580372, 334.5193254580372, 333.78325045807287, 333.78325045807287, 333.49847604107345, 333.49847604107345, 333.26178616611287, 333.26178616611287, 333.0070294991019, 333.0070294991019, 332.6403293320909, 332.6403293320909, 331.99177366506774, 331.99177366506774, 331.5280090820743, 331.5280090820743, 330.9851272900705, 330.9851272900705, 330.399853206065, 330.399853206065, 330.2012047060416, 330.2012047060416, 329.693541206012, 329.693541206012, 329.54721574799623, 329.54721574799623, 329.1868461649865, 329.1868461649865, 329.0127179980045, 329.0127179980045, 328.811479830998, 328.811479830998, 328.5200162479887, 328.5200162479887, 328.49833424796816, 328.49833424796816, 328.4948909559753], "a_moves_left": [39, 39, 38, 38, 37, 37, 36, 36, 35, 35, 34, 34, 33, 33, 32, 32, 31, 31, 30, 30, 29, 29, 28, 28, 27, 27, 26, 26, 25, 25, 24, 24, 23, 23, 22, 22, 21, 21, 20, 20, 19, 19, 18, 18, 17, 17, 16, 16, 15, 15, 14, 14, 13, 13, 12, 12, 11, 11, 10, 10, 9, 9, 8, 8, 7, 7, 6, 6, 5, 5, 4, 4, 3, 3, 2, 2, 1, 1, 0, 0], "b_moves_left": [40, 39, 39, 38, 38, 37, 37, 36, 36, 35, 35, 34, 34, 33, 33, 32, 32, 31, 31, 30, 30, 29, 29, 28, 28, 27, 27, 26, 26, 25, 25, 24, 24, 23, 23, 22, 22, 21, 21, 20, 20, 19, 19, 18, 18, 17, 17, 16, 16, 15, 15, 14, 14, 13, 13, 12, 12, 11, 11, 10, 10, 9, 9, 8, 8, 7, 7, 6, 6, 5, 5, 4, 4, 3, 3, 2, 2, 1, 1, 0], "trapdoor_triggered": [0, 0, 0, 0, 0, 0, 0, 0, 0, 0, 0, 0, 0, 0, 0, 0, 0, 0, 0, 0, 0, 0, 0, 0, 0, 0, 0, 0, 0, 0, 0, 0, 0, 0, 0, 0, 0, 0, 0, 0, 0, 0, 0, 0, 0, 0, 0, 1, 0, 0, 0, 0, 0, 0, 0, 0, 0, 0, 0, 0, 0, 0, 0, 0, 0, 0, 0, 0, 0, 0, 0, 0, 0, 0, 0, 0, 0, 0, 0, 0], "left_behind": ["egg", "egg", "plain", "plain", "egg", "egg", "plain", "plain", "egg", "egg", "plain", "plain", "egg", "egg", "plain", "plain", "egg", "egg", "plain", "plain", "egg", "egg", "plain", "plain", "egg", "egg", "plain", "plain", "egg", "egg", "plain", "plain", "egg", "egg", "plain", "plain", "egg", "egg", "plain", "plain", "egg", "egg", "plain", "plain", "plain", "egg", "plain", "plain", "plain", "plain", "plain", "plain", "plain", "plain", "plain", "plain", "turd", "plain", "plain", "turd", "egg", "egg", "plain", "turd", "plain", "egg", "plain", "plain", "plain", "egg", "plain", "plain", "plain", "plain", "plain", "plain", "egg", "plain", "plain", "turd"], "errlog_a": "", "errlog_b": "", "start_time": 360, "start_moves": 40, "turn_count": 80, "result": 0, "reason": "EGGS_LAID", "trapdoors": [[2, 2], [4, 3]], "spawn_a": [0, 6], "spawn_b": [7, 6]}