{"pos": [[7, 2], [1, 1], [7, 3], [2, 1], [7, 4], [3, 1], [6, 4], [4, 1], [6, 5], [4, 0], [6, 6], [5, 0], [5, 6], [6, 0], [4, 6], [6, 1], [3, 6], [5, 1], [2, 6], [5, 2], [7, 1], [4, 2], [7, 0], [3, 2], [7, 1], [2, 2], [7, 2], [2, 3], [6, 2], [2, 4], [7, 2], [0, 1], [7, 3], [1, 1], [7, 4], [1, 2], [7, 5], [1, 3], [6, 5], [1, 4], [5, 5], [1, 5], [5, 4], [1, 6], [5, 3], [1, 5], [5, 4], [0, 5], [4, 4], [0, 4], [4, 5], [0, 3], [7, 1], [0, 2], [7, 0], [0, 1], [7, 1], [0, 0], [7, 0], [1, 0], [7, 1], [2, 0], [7, 2], [3, 0], [7, 3], [4, 0], [7, 4], [5, 0], [7, 5], [6, 0], [7, 6], [6, 1], [7, 7], [5, 1], [6, 7], [4, 1], [5, 7], [4, 0], [5, 6], [3, 0]], "a_eggs_laid": [1, 1, 1, 1, 2, 2, 2, 2, 3, 3, 3, 3, 4, 4, 4, 4, 5, 5, 5, 5, 6, 6, 6, 6, 6, 6, 6, 6, 6, 6, 7, 7, 11, 11, 11, 11, 11, 11, 12, 12, 12, 12, 13, 13, 13, 13, 14, 14, 14, 14, 15, 15, 15, 15, 15, 15, 15, 15, 15, 15, 15, 15, 15, 15, 15, 15, 15, 15, 15, 15, 15, 15, 15, 15, 18, 18, 18, 18, 19, 19], "b_eggs_laid": [0, 1, 1, 1, 1, 2, 2, 2, 2, 3, 3, 3, 3, 4, 4, 4, 4, 5, 5, 5, 5, 10, 10, 10, 10, 11, 11, 11, 11, 12, 12, 12, 12, 12, 12, 12, 12, 13, 13, 13, 13, 14, 14, 14, 14, 15, 15, 15, 15, 16, 16, 16, 16, 21, 21, 21, 21, 21, 21, 21, 21, 22, 22, 22, 22, 23, 23, 23, 23, 23, 23, 23, 23, 23, 23, 23, 23, 23, 23, 23], "a_turds_left": [5, 5, 5, 5, 5, 5, 5, 5, 5, 5, 5, 5, 5, 5, 5, 5, 5, 5, 5, 5, 5, 5, 5, 5, 5, 5, 5, 5, 5, 5, 5, 5, 5, 5, 5, 5, 5, 5, 5, 5, 5, 5, 5, 5, 5, 5, 5, 5, 5, 5, 5, 5, 5, 5, 5, 5, 5, 5, 5, 5, 5, 5, 5, 5, 5, 5, 5, 5, 5, 5, 5, 5, 5, 5, 5, 5, 5, 5, 5, 5], "b_turds_left": [5, 5, 5, 5, 5, 5, 5, 5, 5, 5, 5, 5, 5, 5, 5, 5, 5, 5, 5, 5, 5, 5, 5, 5, 5, 5, 5, 5, 5, 5, 5, 5, 5, 5, 5, 5, 5, 5, 5, 5, 5, 5, 5, 5, 5, 5, 5, 5, 5, 5, 5, 5, 5, 5, 5, 5, 5, 5, 5, 5, 5, 5, 5, 5, 5, 5, 5, 5, 5, 5, 5, 5, 5, 5, 5, 5, 5, 5, 5, 4], "a_time_left": [358.78223158302717, 358.78223158302717, 358.01395916607, 358.01395916607, 355.7313920830493, 355.7313920830493, 354.7345612080535, 354.7345612080535, 352.052773833042, 352.052773833042, 351.31833874899894, 351.31833874899894, 349.4732282490004, 349.4732282490004, 348.7971397069632, 348.7971397069632, 346.49225674796617, 346.49225674796617, 345.6480821229634, 345.6480821229634, 342.9812298309407, 342.9812298309407, 342.63698703894624, 342.63698703894624, 342.1166060389369, 342.1166060389369, 341.7890348719666, 341.7890348719666, 340.9276224549394, 340.9276224549394, 339.7676159549155, 339.7676159549155, 339.5698881629505, 339.5698881629505, 339.0687506219256, 339.0687506219256, 338.0585388299078, 338.0585388299078, 336.55930562189315, 336.55930562189315, 335.5989709548885, 335.5989709548885, 334.57878657989204, 334.57878657989204, 333.97238170489436, 333.97238170489436, 333.2607746218564, 333.2607746218564, 332.62009799684165, 332.62009799684165, 331.82260803785175, 331.82260803785175, 331.1742539538536, 331.1742539538536, 331.1154306618846, 331.1154306618846, 331.05679612088716, 331.05679612088716, 330.9856643289095, 330.9856643289095, 330.8165329119074, 330.8165329119074, 330.72459678689484, 330.72459678689484, 330.30287178687286, 330.30287178687286, 330.16499241191195, 330.16499241191195, 329.9767837039544, 329.9767837039544, 329.88612332899356, 329.88612332899356, 329.72095653699944, 329.72095653699944, 329.40205162001075, 329.40205162001075, 329.1864941199892, 329.1864941199892, 329.15100257797167, 329.15100257797167], "b_time_left": [360, 359.01482845802093, 359.01482845802093, 358.10812845802866, 358.10812845802866, 356.3135945000686, 356.3135945000686, 354.98851208307315, 354.98851208307315, 352.8377840000903, 352.8377840000903, 351.7832875830936, 351.7832875830936, 349.9017355000833, 349.9017355000833, 349.0851463750587, 349.0851463750587, 347.1708287920919, 347.1708287920919, 345.78438941709464, 345.78438941709464, 345.3192011670908, 345.3192011670908, 345.1437560010818, 345.1437560010818, 344.81721037608804, 344.81721037608804, 344.3372372511076, 344.3372372511076, 342.50127287610667, 342.50127287610667, 342.1645047510974, 342.1645047510974, 342.00272029306507, 342.00272029306507, 341.4813237100607, 341.4813237100607, 339.08139075210784, 339.08139075210784, 338.37621762708295, 338.37621762708295, 335.88687762705376, 335.88687762705376, 335.1348597520846, 335.1348597520846, 333.2808496270445, 333.2808496270445, 332.70033171004616, 332.70033171004616, 330.7241380440537, 330.7241380440537, 330.34390854404774, 330.34390854404774, 330.1699990440393, 330.1699990440393, 330.08572512702085, 330.08572512702085, 330.0328583360533, 330.0328583360533, 329.954210711061, 329.954210711061, 329.77331429504557, 329.77331429504557, 329.66767312807497, 329.66767312807497, 329.1756346690818, 329.1756346690818, 329.035163711058, 329.035163711058, 328.8577795860474, 328.8577795860474, 328.6623910860508, 328.6623910860508, 328.4863959190552, 328.4863959190552, 328.1501234190073, 328.1501234190073, 328.04674654395785, 328.04674654395785, 328.04189875297016], "a_moves_left": [39, 39, 38, 38, 37, 37, 36, 36, 35, 35, 34, 34, 33, 33, 32, 32, 31, 31, 30, 30, 29, 29, 28, 28, 27, 27, 26, 26, 25, 25, 24, 24, 23, 23, 22, 22, 21, 21, 20, 20, 19, 19, 18, 18, 17, 17, 16, 16, 15, 15, 14, 14, 13, 13, 12, 12, 11, 11, 10, 10, 9, 9, 8, 8, 7, 7, 6, 6, 5, 5, 4, 4, 3, 3, 2, 2, 1, 1, 0, 0], "b_moves_left": [40, 39, 39, 38, 38, 37, 37, 36, 36, 35, 35, 34, 34, 33, 33, 32, 32, 31, 31, 30, 30, 29, 29, 28, 28, 27, 27, 26, 26, 25, 25, 24, 24, 23, 23, 22, 22, 21, 21, 20, 20, 19, 19, 18, 18, 17, 17, 16, 16, 15, 15, 14, 14, 13, 13, 12, 12, 11, 11, 10, 10, 9, 9, 8, 8, 7, 7, 6, 6, 5, 5, 4, 4, 3, 3, 2, 2, 1, 1, 0], "trapdoor_triggered": [0, 0, 0, 0, 0, 0, 0, 0, 0, 0, 0, 0, 0, 0, 0, 0, 0, 0, 0, 0, 1, 0, 0, 0, 0, 0, 0, 0, 0, 0, 0, 1, 0, 0, 0, 0, 0, 0, 0, 0, 0, 0, 0, 0, 0, 0, 0, 0, 0, 0, 0, 0, 1, 0, 0, 0, 0, 0, 0, 0, 0, 0, 0, 0, 0, 0, 0, 0, 0, 0, 0, 0, 0, 0, 0, 0, 0, 0, 0, 0], "left_behind": ["egg", "egg", "plain", "plain", "egg", "egg", "plain", "plain", "egg", "egg", "plain", "plain", "egg", "egg", "plain", "plain", "egg", "egg", "plain", "plain", "egg", "egg", "plain", "plain", "plain", "egg", "plain", "plain", "plain", "egg", "egg", "plain", "plain", "plain", "plain", "plain", "plain", "egg", "egg", "plain", "plain", "egg", "egg", "plain", "plain", "egg", "egg", "plain", "plain", "egg", "egg", "plain", "plain", "egg", "plain", "plain", "plain", "plain", "plain", "plain", "plain", "egg", "plain", "plain", "plain", "egg", "plain", "plain", "plain", "plain", "plain", "plain", "plain", "plain", "egg", "plain", "plain", "plain", "egg", "turd"], "errlog_a": "", "errlog_b": "", "start_time": 360, "start_moves": 40, "turn_count": 80, "result": 1, "reason": "EGGS_LAID", "trapdoors": [[3, 5], [2, 5]], "spawn_a": [7, 1], "spawn_b": [0, 1]}