{"pos": [[7, 2], [0, 2], [7, 1], [0, 1], [7, 2], [1, 1], [6, 2], [1, 0], [6, 1], [2, 0], [5, 1], [3, 0], [6, 1], [3, 1], [6, 0], [4, 1], [7, 0], [4, 0], [7, 1], [5, 0], [7, 2], [4, 0], [7, 3], [4, 1], [7, 4], [3, 1], [6, 4], [3, 2], [7, 3], [3, 1], [7, 4], [2, 1], [7, 5], [2, 2], [7, 6], [2, 3], [7, 7], [2, 2], [7, 6], [1, 2], [6, 6], [1, 3], [6, 7], [1, 4], [5, 7], [1, 5], [5, 6], [2, 5], [4, 6], [1, 5], [4, 5], [1, 6], [5, 5], [1, 5], [4, 5], [0, 5], [4, 4], [0, 6], [4, 5], [0, 7], [3, 5], [0, 6], [3, 6], [0, 5], [3, 7], [0, 4], [3, 6], [1, 4], [2, 6], [1, 3], [3, 6], [2, 3], [4, 6], [2, 2], [4, 5], [2, 1], [4, 4], [2, 0], [4, 3], [3, 0]], "a_eggs_laid": [1, 1, 1, 1, 2, 2, 2, 2, 3, 3, 3, 3, 4, 4, 4, 4, 5, 5, 5, 5, 5, 5, 5, 5, 5, 5, 5, 5, 6, 6, 6, 6, 6, 6, 7, 7, 7, 7, 10, 10, 10, 10, 11, 11, 11, 11, 12, 12, 12, 12, 13, 13, 13, 13, 14, 14, 14, 14, 15, 15, 15, 15, 16, 16, 16, 16, 17, 17, 17, 17, 18, 18, 18, 18, 18, 18, 18, 18, 18, 18], "b_eggs_laid": [0, 1, 1, 1, 1, 2, 2, 2, 2, 3, 3, 3, 3, 4, 4, 4, 4, 5, 5, 5, 5, 6, 6, 6, 6, 6, 6, 6, 6, 11, 11, 11, 11, 12, 12, 12, 12, 13, 13, 13, 13, 14, 14, 14, 14, 15, 15, 15, 15, 16, 16, 16, 16, 17, 17, 17, 17, 18, 18, 18, 18, 21, 21, 21, 21, 21, 21, 21, 21, 21, 21, 21, 21, 21, 21, 21, 21, 21, 21, 21], "a_turds_left": [5, 5, 5, 5, 5, 5, 5, 5, 5, 5, 5, 5, 5, 5, 5, 5, 5, 5, 5, 5, 5, 5, 5, 5, 5, 5, 5, 5, 5, 5, 5, 5, 5, 5, 5, 5, 5, 5, 5, 5, 5, 5, 5, 5, 5, 5, 5, 5, 5, 5, 5, 5, 5, 5, 5, 5, 5, 5, 5, 5, 5, 5, 5, 5, 5, 5, 5, 5, 5, 5, 5, 5, 5, 5, 5, 5, 5, 5, 5, 5], "b_turds_left": [5, 5, 5, 5, 5, 5, 5, 5, 5, 5, 5, 5, 5, 5, 5, 5, 5, 5, 5, 5, 5, 5, 5, 5, 5, 5, 5, 5, 5, 5, 5, 5, 5, 5, 5, 5, 5, 5, 5, 5, 5, 5, 5, 5, 5, 5, 5, 5, 5, 5, 5, 5, 5, 5, 5, 5, 5, 5, 5, 5, 5, 5, 5, 5, 5, 5, 5, 5, 5, 5, 5, 5, 5, 5, 5, 5, 5, 5, 5, 4], "a_time_left": [359.0801572499913, 359.0801572499913, 358.54483174998313, 358.54483174998313, 357.2164786249632, 357.2164786249632, 356.53338133293437, 356.53338133293437, 349.3292414989555, 349.3292414989555, 347.0614761239849, 347.0614761239849, 343.35582708299626, 343.35582708299626, 340.6709770829766, 340.6709770829766, 337.6791291249683, 337.6791291249683, 336.9232189579634, 336.9232189579634, 336.2300509159686, 336.2300509159686, 335.50333716598107, 335.50333716598107, 334.8787144999369, 334.8787144999369, 332.97957966593094, 332.97957966593094, 327.07527670793934, 327.07527670793934, 326.14524533291114, 326.14524533291114, 322.9679095419124, 322.9679095419124, 316.0010605418938, 316.0010605418938, 315.43225045793224, 315.43225045793224, 314.97284329193644, 314.97284329193644, 314.37791375094093, 314.37791375094093, 313.54499495890923, 313.54499495890923, 313.07088891696185, 313.07088891696185, 312.4334630839876, 312.4334630839876, 311.59619033394847, 311.59619033394847, 310.3885525839287, 310.3885525839287, 309.4502567918971, 309.4502567918971, 308.89086962590227, 308.89086962590227, 308.1920346679399, 308.1920346679399, 307.5339488349273, 307.5339488349273, 307.24363737693056, 307.24363737693056, 306.8093632928794, 306.8093632928794, 306.61950929288287, 306.61950929288287, 306.4126559589058, 306.4126559589058, 306.14517337590223, 306.14517337590223, 305.90262987592723, 305.90262987592723, 305.72076200094307, 305.72076200094307, 305.5669515009504, 305.5669515009504, 305.34098725090735, 305.34098725090735, 305.3327201678767, 305.3327201678767], "b_time_left": [360, 359.1897160829976, 359.1897160829976, 358.60766895796405, 358.60766895796405, 357.98269379197154, 357.98269379197154, 349.1796912919963, 349.1796912919963, 346.244023584004, 346.244023584004, 343.4974531260086, 343.4974531260086, 341.3647177100647, 341.3647177100647, 338.98849662707653, 338.98849662707653, 337.2502310850541, 337.2502310850541, 336.30015600204933, 336.30015600204933, 335.84111916908296, 335.84111916908296, 335.1885228771134, 335.1885228771134, 333.6774336681119, 333.6774336681119, 330.2550289181527, 330.2550289181527, 328.0294822101714, 328.0294822101714, 326.70913833519444, 326.70913833519444, 314.8056459602085, 314.8056459602085, 312.34542875218904, 312.34542875218904, 311.36710158520145, 311.36710158520145, 310.9533355431631, 310.9533355431631, 309.62682491820306, 309.62682491820306, 309.3310414602165, 309.3310414602165, 308.29842854320304, 308.29842854320304, 307.68253241817, 307.68253241817, 306.3410351681523, 306.3410351681523, 305.7909528351738, 305.7909528351738, 304.5678948351415, 304.5678948351415, 304.12564183509676, 304.12564183509676, 303.2203404601314, 303.2203404601314, 302.9330022521317, 302.9330022521317, 302.42843329312745, 302.42843329312745, 302.22749496012693, 302.22749496012693, 302.0506641691318, 302.0506641691318, 301.8794363771449, 301.8794363771449, 301.6724897521781, 301.6724897521781, 301.51629604416667, 301.51629604416667, 301.4097441271879, 301.4097441271879, 301.24877421121346, 301.24877421121346, 301.22888812824385, 301.22888812824385, 301.2260214202688], "a_moves_left": [39, 39, 38, 38, 37, 37, 36, 36, 35, 35, 34, 34, 33, 33, 32, 32, 31, 31, 30, 30, 29, 29, 28, 28, 27, 27, 26, 26, 25, 25, 24, 24, 23, 23, 22, 22, 21, 21, 20, 20, 19, 19, 18, 18, 17, 17, 16, 16, 15, 15, 14, 14, 13, 13, 12, 12, 11, 11, 10, 10, 9, 9, 8, 8, 7, 7, 6, 6, 5, 5, 4, 4, 3, 3, 2, 2, 1, 1, 0, 0], "b_moves_left": [40, 39, 39, 38, 38, 37, 37, 36, 36, 35, 35, 34, 34, 33, 33, 32, 32, 31, 31, 30, 30, 29, 29, 28, 28, 27, 27, 26, 26, 25, 25, 24, 24, 23, 23, 22, 22, 21, 21, 20, 20, 19, 19, 18, 18, 17, 17, 16, 16, 15, 15, 14, 14, 13, 13, 12, 12, 11, 11, 10, 10, 9, 9, 8, 8, 7, 7, 6, 6, 5, 5, 4, 4, 3, 3, 2, 2, 1, 1, 0], "trapdoor_triggered": [0, 0, 0, 0, 0, 0, 0, 0, 0, 0, 0, 0, 0, 0, 0, 0, 0, 0, 0, 0, 0, 0, 0, 0, 0, 0, 0, 0, 1, 0, 0, 0, 0, 0, 0, 0, 0, 0, 0, 0, 0, 0, 0, 0, 0, 0, 0, 0, 0, 0, 0, 0, 0, 0, 0, 0, 0, 0, 0, 0, 0, 0, 0, 0, 0, 0, 0, 0, 0, 0, 0, 0, 0, 0, 0, 0, 0, 0, 0, 0], "left_behind": ["egg", "egg", "plain", "plain", "egg", "egg", "plain", "plain", "egg", "egg", "plain", "plain", "egg", "egg", "plain", "plain", "egg", "egg", "plain", "plain", "plain", "egg", "plain", "plain", "plain", "plain", "plain", "plain", "egg", "egg", "plain", "plain", "plain", "egg", "egg", "plain", "plain", "egg", "egg", "plain", "plain", "egg", "egg", "plain", "plain", "egg", "egg", "plain", "plain", "egg", "egg", "plain", "plain", "egg", "egg", "plain", "plain", "egg", "egg", "plain", "plain", "egg", "egg", "plain", "plain", "plain", "egg", "plain", "plain", "plain", "egg", "plain", "plain", "plain", "plain", "plain", "plain", "plain", "plain", "turd"], "errlog_a": "", "errlog_b": "", "start_time": 360, "start_moves": 40, "turn_count": 80, "result": 1, "reason": "EGGS_LAID", "trapdoors": [[3, 3], [5, 4]], "spawn_a": [7, 3], "spawn_b": [0, 3]}