{"pos": [[0, 1], [7, 1], [0, 0], [7, 0], [1, 0], [7, 1], [2, 0], [6, 1], [2, 1], [6, 2], [2, 2], [6, 3], [2, 1], [6, 4], [1, 1], [7, 4], [2, 1], [7, 5], [3, 1], [7, 6], [3, 0], [7, 5], [4, 0], [6, 5], [5, 0], [6, 6], [5, 1], [6, 7], [5, 2], [6, 6], [4, 2], [5, 6], [4, 1], [4, 6], [4, 2], [4, 5], [3, 2], [4, 6], [2, 2], [4, 7], [0, 2], [4, 6], [0, 3], [3, 6], [1, 3], [2, 6], [1, 4], [2, 5], [1, 5], [3, 5], [1, 6], [3, 4], [2, 6], [4, 4], [2, 7], [5, 4], [1, 7], [5, 3], [0, 7], [5, 2], [0, 6], [5, 3], [0, 5], [4, 3], [0, 4], [4, 4], [1, 4], [4, 3], [2, 4], [5, 3], [0, 2], [5, 2], [0, 1], [6, 2], [1, 1], [6, 1], [2, 1], [6, 0], [3, 1], [7, 0]], "a_eggs_laid": [1, 1, 1, 1, 4, 4, 4, 4, 5, 5, 5, 5, 6, 6, 6, 6, 7, 7, 7, 7, 8, 8, 8, 8, 9, 9, 9, 9, 10, 10, 10, 10, 11, 11, 11, 11, 11, 11, 11, 11, 11, 11, 11, 11, 11, 11, 12, 12, 12, 12, 13, 13, 13, 13, 14, 14, 14, 14, 15, 15, 15, 15, 16, 16, 16, 16, 17, 17, 17, 17, 18, 18, 18, 18, 18, 18, 18, 18, 18, 18], "b_eggs_laid": [0, 1, 1, 1, 1, 4, 4, 4, 4, 5, 5, 5, 5, 6, 6, 6, 6, 7, 7, 7, 7, 8, 8, 8, 8, 9, 9, 9, 9, 10, 10, 10, 10, 11, 11, 11, 11, 12, 12, 12, 12, 17, 17, 17, 17, 18, 18, 18, 18, 19, 19, 19, 19, 20, 20, 20, 20, 21, 21, 21, 21, 22, 22, 22, 22, 23, 23, 23, 23, 23, 23, 27, 27, 27, 27, 27, 27, 27, 27, 27], "a_turds_left": [5, 5, 5, 5, 5, 5, 5, 5, 5, 5, 5, 5, 5, 5, 5, 5, 5, 5, 5, 5, 5, 5, 5, 5, 5, 5, 5, 5, 5, 5, 5, 5, 5, 5, 5, 5, 5, 5, 5, 5, 5, 5, 5, 5, 5, 5, 5, 5, 4, 4, 4, 4, 4, 4, 4, 4, 4, 4, 4, 4, 4, 4, 4, 4, 4, 4, 4, 4, 4, 4, 4, 4, 4, 4, 4, 4, 4, 4, 4, 4], "b_turds_left": [5, 5, 5, 5, 5, 5, 5, 5, 5, 5, 5, 5, 5, 5, 5, 5, 5, 5, 5, 5, 5, 5, 5, 5, 5, 5, 5, 5, 5, 5, 5, 5, 5, 5, 5, 5, 5, 5, 5, 5, 5, 5, 5, 5, 5, 5, 5, 5, 5, 5, 5, 5, 5, 5, 5, 5, 5, 5, 5, 5, 5, 5, 5, 5, 5, 5, 5, 5, 5, 5, 5, 5, 5, 5, 5, 5, 5, 5, 5, 4], "a_time_left": [357.8868273749831, 357.8868273749831, 357.1242681670119, 357.1242681670119, 356.179812876042, 356.179812876042, 355.3412473760545, 355.3412473760545, 351.74542195902904, 351.74542195902904, 349.8457056260668, 349.8457056260668, 345.0584516680683, 345.0584516680683, 342.7906277520815, 342.7906277520815, 338.40773204306606, 338.40773204306606, 336.9282846680726, 336.9282846680726, 334.0771144591272, 334.0771144591272, 333.11596745910356, 333.11596745910356, 329.38765704311663, 329.38765704311663, 328.35611008509295, 328.35611008509295, 324.8602713350556, 324.8602713350556, 323.8048024600721, 323.8048024600721, 320.86378371011233, 320.86378371011233, 319.8266307101003, 319.8266307101003, 319.32106641912833, 319.32106641912833, 318.8747845850885, 318.8747845850885, 318.18309037707513, 318.18309037707513, 317.84925571107306, 317.84925571107306, 316.9685400860617, 316.9685400860617, 314.33060525305336, 314.33060525305336, 313.5437000860693, 313.5437000860693, 312.8746773781022, 312.8746773781022, 312.1443540031323, 312.1443540031323, 311.4269812121638, 311.4269812121638, 310.7901151711703, 310.7901151711703, 309.76965412916616, 309.76965412916616, 309.4602444631746, 309.4602444631746, 308.8798402551911, 308.8798402551911, 308.4499915051856, 308.4499915051856, 308.18858017219463, 308.18858017219463, 308.03270775516285, 308.03270775516285, 307.8871918381774, 307.8871918381774, 307.77757125516655, 307.77757125516655, 307.64998817112064, 307.64998817112064, 307.46904317109147, 307.46904317109147, 307.42828900407767, 307.42828900407767], "b_time_left": [360, 358.62617495900486, 358.62617495900486, 357.84449100104393, 357.84449100104393, 356.6018767920323, 356.6018767920323, 355.3974098760518, 355.3974098760518, 350.79949079308426, 350.79949079308426, 348.7717096260749, 348.7717096260749, 345.4705145431217, 345.4705145431217, 343.6739185851184, 343.6739185851184, 342.1273736261064, 342.1273736261064, 340.5095890421071, 340.5095890421071, 339.19434350106167, 339.19434350106167, 338.30599925108254, 338.30599925108254, 336.3858136261115, 336.3858136261115, 334.97832575114444, 334.97832575114444, 333.2625247091637, 333.2625247091637, 331.5383290841128, 331.5383290841128, 330.4178607920767, 330.4178607920767, 329.57941408408806, 329.57941408408806, 327.7440360840992, 327.7440360840992, 326.9371727920952, 326.9371727920952, 326.3417022921494, 326.3417022921494, 325.2467018761672, 325.2467018761672, 321.6038343341788, 321.6038343341788, 320.66757508419687, 320.66757508419687, 320.1063836251851, 320.1063836251851, 319.0694086251897, 319.0694086251897, 318.17334766715067, 318.17334766715067, 317.5880168331787, 317.5880168331787, 315.89781266619684, 315.89781266619684, 315.63986308220774, 315.63986308220774, 314.7362744571874, 314.7362744571874, 314.51168679015245, 314.51168679015245, 313.4892712481669, 313.4892712481669, 313.28774716419866, 313.28774716419866, 313.0650131221628, 313.0650131221628, 312.8405104561243, 312.8405104561243, 312.77003074710956, 312.77003074710956, 312.4569279141142, 312.4569279141142, 312.38704578910256, 312.38704578910256, 312.3812334141112], "a_moves_left": [39, 39, 38, 38, 37, 37, 36, 36, 35, 35, 34, 34, 33, 33, 32, 32, 31, 31, 30, 30, 29, 29, 28, 28, 27, 27, 26, 26, 25, 25, 24, 24, 23, 23, 22, 22, 21, 21, 20, 20, 19, 19, 18, 18, 17, 17, 16, 16, 15, 15, 14, 14, 13, 13, 12, 12, 11, 11, 10, 10, 9, 9, 8, 8, 7, 7, 6, 6, 5, 5, 4, 4, 3, 3, 2, 2, 1, 1, 0, 0], "b_moves_left": [40, 39, 39, 38, 38, 37, 37, 36, 36, 35, 35, 34, 34, 33, 33, 32, 32, 31, 31, 30, 30, 29, 29, 28, 28, 27, 27, 26, 26, 25, 25, 24, 24, 23, 23, 22, 22, 21, 21, 20, 20, 19, 19, 18, 18, 17, 17, 16, 16, 15, 15, 14, 14, 13, 13, 12, 12, 11, 11, 10, 10, 9, 9, 8, 8, 7, 7, 6, 6, 5, 5, 4, 4, 3, 3, 2, 2, 1, 1, 0], "trapdoor_triggered": [0, 0, 0, 0, 0, 0, 0, 0, 0, 0, 0, 0, 0, 0, 0, 0, 0, 0, 0, 0, 0, 0, 0, 0, 0, 0, 0, 0, 0, 0, 0, 0, 0, 0, 0, 0, 0, 0, 0, 0, 1, 0, 0, 0, 0, 0, 0, 0, 0, 0, 0, 0, 0, 0, 0, 0, 0, 0, 0, 0, 0, 0, 0, 0, 0, 0, 0, 0, 0, 0, 1, 0, 0, 0, 0, 0, 0, 0, 0, 0], "left_behind": ["egg", "egg", "plain", "plain", "egg", "egg", "plain", "plain", "egg", "egg", "plain", "plain", "egg", "egg", "plain", "plain", "egg", "egg", "plain", "plain", "egg", "egg", "plain", "plain", "egg", "egg", "plain", "plain", "egg", "egg", "plain", "plain", "egg", "egg", "plain", "plain", "plain", "egg", "plain", "plain", "plain", "egg", "plain", "plain", "plain", "egg", "egg", "plain", "turd", "egg", "egg", "plain", "plain", "egg", "egg", "plain", "plain", "egg", "egg", "plain", "plain", "egg", "egg", "plain", "plain", "egg", "egg", "plain", "plain", "plain", "egg", "plain", "plain", "plain", "plain", "plain", "plain", "plain", "plain", "turd"], "errlog_a": "", "errlog_b": "", "start_time": 360, "start_moves": 40, "turn_count": 80, "result": 1, "reason": "EGGS_LAID", "trapdoors": [[3, 3], [2, 3]], "spawn_a": [0, 2], "spawn_b": [7, 2]}