{"pos": [[1, 4], [7, 3], [2, 4], [7, 2], [2, 5], [7, 1], [1, 5], [7, 0], [1, 4], [7, 1], [1, 3], [6, 1], [1, 2], [6, 2], [0, 2], [6, 3], [1, 2], [6, 4], [2, 2], [6, 5], [1, 2], [6, 6], [1, 1], [7, 6], [2, 1], [6, 6], [3, 1], [6, 7], [4, 1], [6, 6], [5, 1], [5, 6], [4, 1], [4, 6], [4, 2], [4, 5], [4, 1], [4, 6], [4, 0], [4, 7], [3, 0], [4, 6], [2, 0], [3, 6], [1, 0], [3, 7], [0, 0], [2, 7], [0, 1], [1, 7], [1, 1], [0, 7], [2, 1], [0, 6], [2, 2], [1, 6], [2, 3], [2, 6], [3, 3], [2, 5], [0, 4], [3, 5], [0, 5], [3, 4], [0, 6], [4, 4], [0, 5], [5, 4], [0, 4], [5, 5], [0, 3], [5, 4], [1, 3], [7, 4], [1, 2], [7, 3], [2, 2], [7, 2], [3, 2], [7, 3]], "a_eggs_laid": [1, 1, 1, 1, 2, 2, 2, 2, 3, 3, 3, 3, 4, 4, 4, 4, 5, 5, 5, 5, 6, 6, 6, 6, 7, 7, 7, 7, 8, 8, 8, 8, 9, 9, 9, 9, 10, 10, 10, 10, 11, 11, 11, 11, 12, 12, 12, 12, 15, 15, 15, 15, 15, 15, 15, 15, 15, 15, 15, 15, 16, 16, 16, 16, 16, 16, 17, 17, 17, 17, 17, 17, 17, 17, 21, 21, 21, 21, 21, 21], "b_eggs_laid": [0, 1, 1, 1, 1, 2, 2, 2, 2, 5, 5, 5, 5, 6, 6, 6, 6, 7, 7, 7, 7, 8, 8, 8, 8, 9, 9, 9, 9, 10, 10, 10, 10, 11, 11, 11, 11, 12, 12, 12, 12, 13, 13, 13, 13, 14, 14, 14, 14, 15, 15, 15, 15, 18, 18, 18, 18, 19, 19, 19, 19, 24, 24, 24, 24, 25, 25, 25, 25, 26, 26, 26, 26, 26, 26, 26, 26, 26, 26, 26], "a_turds_left": [5, 5, 5, 5, 5, 5, 5, 5, 5, 5, 4, 4, 4, 4, 4, 4, 4, 4, 4, 4, 4, 4, 4, 4, 4, 4, 4, 4, 4, 4, 4, 4, 4, 4, 3, 3, 3, 3, 3, 3, 3, 3, 3, 3, 3, 3, 2, 2, 2, 2, 1, 1, 1, 1, 1, 1, 1, 1, 1, 1, 1, 1, 1, 1, 1, 1, 1, 1, 1, 1, 1, 1, 1, 1, 1, 1, 1, 1, 1, 1], "b_turds_left": [5, 5, 5, 5, 5, 5, 5, 5, 5, 5, 5, 5, 5, 5, 5, 5, 5, 5, 5, 5, 5, 5, 5, 5, 5, 5, 5, 5, 5, 5, 5, 5, 5, 5, 5, 5, 5, 5, 5, 5, 5, 5, 5, 5, 5, 5, 5, 5, 5, 5, 5, 5, 5, 5, 5, 5, 5, 5, 5, 5, 5, 5, 5, 5, 5, 5, 5, 5, 5, 5, 5, 5, 5, 5, 5, 5, 5, 4, 4, 4], "a_time_left": [358.50687670800835, 358.50687670800835, 357.5972190829925, 357.5972190829925, 354.99239416600903, 354.99239416600903, 354.0511249580304, 354.0511249580304, 352.4865607920219, 352.4865607920219, 351.6025808340055, 351.6025808340055, 349.4927485419903, 349.4927485419903, 348.30565587599995, 348.30565587599995, 346.439864001004, 346.439864001004, 345.3299010840128, 345.3299010840128, 343.0409860420041, 343.0409860420041, 341.79335620900383, 341.79335620900383, 339.8570752090309, 339.8570752090309, 338.7123075010022, 338.7123075010022, 337.0443355430034, 337.0443355430034, 336.2835802930058, 336.2835802930058, 334.2860277509899, 334.2860277509899, 333.192706500995, 333.192706500995, 330.6009154179483, 330.6009154179483, 330.1193562509143, 330.1193562509143, 328.90952891792404, 328.90952891792404, 328.42684029293014, 328.42684029293014, 326.61358775093686, 326.61358775093686, 326.3000544179813, 326.3000544179813, 325.3848044179613, 325.3848044179613, 325.0608742099721, 325.0608742099721, 324.71756833494874, 324.71756833494874, 324.3557629599236, 324.3557629599236, 323.8574930439354, 323.8574930439354, 323.5881155859097, 323.5881155859097, 322.7228357939166, 322.7228357939166, 322.5935467099189, 322.5935467099189, 322.3328320849105, 322.3328320849105, 322.13713712693425, 322.13713712693425, 321.7076921269181, 321.7076921269181, 321.60202925192425, 321.60202925192425, 321.4160484189051, 321.4160484189051, 321.3216702109203, 321.3216702109203, 321.15295383590274, 321.15295383590274, 321.14480471092975, 321.14480471092975], "b_time_left": [360, 357.4031768749701, 357.4031768749701, 356.0004502919619, 356.0004502919619, 353.2516459999606, 353.2516459999606, 351.95468620798783, 351.95468620798783, 351.0002239990281, 351.0002239990281, 349.95968054101104, 349.95968054101104, 346.2734081239905, 346.2734081239905, 345.2561779989628, 345.2561779989628, 342.8135220829863, 342.8135220829863, 341.2145898329909, 341.2145898329909, 339.62723983300384, 339.62723983300384, 338.3240422079689, 338.3240422079689, 336.5530587079702, 336.5530587079702, 335.1376140419743, 335.1376140419743, 333.51585216698004, 333.51585216698004, 332.50840849999804, 332.50840849999804, 330.5183844169951, 330.5183844169951, 329.4095312510035, 329.4095312510035, 328.7773612100282, 328.7773612100282, 327.70906054304214, 327.70906054304214, 327.2099622100359, 327.2099622100359, 326.35587358503835, 326.35587358503835, 325.64126941905124, 325.64126941905124, 325.443120419106, 325.443120419106, 325.09695604408626, 325.09695604408626, 324.92103450209834, 324.92103450209834, 324.5867474601255, 324.5867474601255, 324.30404583516065, 324.30404583516065, 323.5059405431384, 323.5059405431384, 322.65552658517845, 322.65552658517845, 322.36751087615266, 322.36751087615266, 322.12022291711764, 322.12022291711764, 321.8088676671614, 321.8088676671614, 321.633775126189, 321.633775126189, 321.0889553341549, 321.0889553341549, 320.8739219591953, 320.8739219591953, 320.66842204221757, 320.66842204221757, 320.5248172082356, 320.5248172082356, 320.49304100021254, 320.49304100021254, 320.4902660411899], "a_moves_left": [39, 39, 38, 38, 37, 37, 36, 36, 35, 35, 34, 34, 33, 33, 32, 32, 31, 31, 30, 30, 29, 29, 28, 28, 27, 27, 26, 26, 25, 25, 24, 24, 23, 23, 22, 22, 21, 21, 20, 20, 19, 19, 18, 18, 17, 17, 16, 16, 15, 15, 14, 14, 13, 13, 12, 12, 11, 11, 10, 10, 9, 9, 8, 8, 7, 7, 6, 6, 5, 5, 4, 4, 3, 3, 2, 2, 1, 1, 0, 0], "b_moves_left": [40, 39, 39, 38, 38, 37, 37, 36, 36, 35, 35, 34, 34, 33, 33, 32, 32, 31, 31, 30, 30, 29, 29, 28, 28, 27, 27, 26, 26, 25, 25, 24, 24, 23, 23, 22, 22, 21, 21, 20, 20, 19, 19, 18, 18, 17, 17, 16, 16, 15, 15, 14, 14, 13, 13, 12, 12, 11, 11, 10, 10, 9, 9, 8, 8, 7, 7, 6, 6, 5, 5, 4, 4, 3, 3, 2, 2, 1, 1, 0], "trapdoor_triggered": [0, 0, 0, 0, 0, 0, 0, 0, 0, 0, 0, 0, 0, 0, 0, 0, 0, 0, 0, 0, 0, 0, 0, 0, 0, 0, 0, 0, 0, 0, 0, 0, 0, 0, 0, 0, 0, 0, 0, 0, 0, 0, 0, 0, 0, 0, 0, 0, 0, 0, 0, 0, 0, 0, 0, 0, 0, 0, 0, 0, 1, 0, 0, 0, 0, 0, 0, 0, 0, 0, 0, 0, 0, 1, 0, 0, 0, 0, 0, 0], "left_behind": ["egg", "egg", "plain", "plain", "egg", "egg", "plain", "plain", "egg", "egg", "turd", "plain", "egg", "egg", "plain", "plain", "egg", "egg", "plain", "plain", "egg", "egg", "plain", "plain", "egg", "egg", "plain", "plain", "egg", "egg", "plain", "plain", "egg", "egg", "turd", "plain", "egg", "egg", "plain", "plain", "egg", "egg", "plain", "plain", "egg", "egg", "turd", "plain", "egg", "egg", "turd", "plain", "plain", "egg", "plain", "plain", "plain", "egg", "plain", "plain", "egg", "egg", "plain", "plain", "plain", "egg", "egg", "plain", "plain", "egg", "plain", "plain", "plain", "plain", "plain", "plain", "plain", "turd", "plain", "plain"], "errlog_a": "", "errlog_b": "", "start_time": 360, "start_moves": 40, "turn_count": 80, "result": 1, "reason": "EGGS_LAID", "trapdoors": [[5, 3], [4, 3]], "spawn_a": [0, 4], "spawn_b": [7, 4]}