{"pos": [[1, 6], [7, 5], [2, 6], [7, 4], [0, 6], [7, 3], [1, 6], [7, 2], [1, 5], [7, 1], [1, 4], [7, 0], [0, 4], [7, 1], [0, 3], [6, 1], [1, 3], [6, 2], [2, 3], [6, 3], [2, 4], [6, 4], [0, 6], [6, 5], [1, 6], [6, 6], [1, 7], [5, 6], [1, 6], [4, 6], [1, 5], [4, 5], [0, 6], [4, 4], [1, 6], [4, 3], [2, 6], [4, 2], [0, 6], [4, 1], [0, 5], [5, 1], [1, 5], [5, 0], [0, 6], [5, 1], [1, 6], [5, 2], [1, 5], [5, 3], [0, 6], [5, 4], [1, 6], [5, 5], [1, 5], [5, 4], [0, 6], [5, 5], [1, 6], [5, 4], [1, 5], [6, 4], [0, 6], [6, 3], [1, 6], [6, 2], [2, 6], [6, 1], [0, 6], [6, 0], [1, 6], [6, 1], [1, 5], [6, 0], [0, 6], [6, 1], [1, 6], [6, 0], [2, 6], [7, 0]], "a_eggs_laid": [1, 1, 1, 1, 2, 2, 2, 2, 2, 2, 3, 3, 3, 3, 4, 4, 4, 4, 5, 5, 5, 5, 6, 6, 6, 6, 6, 6, 7, 7, 7, 7, 7, 7, 7, 7, 7, 7, 7, 7, 7, 7, 7, 7, 7, 7, 7, 7, 7, 7, 7, 7, 7, 7, 7, 7, 7, 7, 7, 7, 7, 7, 7, 7, 7, 7, 7, 7, 7, 7, 7, 7, 7, 7, 7, 7, 7, 7, 7, 7], "b_eggs_laid": [0, 1, 1, 1, 1, 6, 6, 6, 6, 7, 7, 7, 7, 10, 10, 10, 10, 11, 11, 11, 11, 12, 12, 16, 16, 17, 17, 17, 17, 18, 18, 18, 18, 23, 23, 23, 23, 24, 24, 28, 28, 29, 29, 29, 29, 34, 34, 34, 34, 35, 35, 39, 39, 40, 40, 40, 40, 44, 44, 44, 44, 44, 44, 48, 48, 48, 48, 48, 48, 52, 52, 52, 52, 52, 52, 56, 56, 56, 56, 56], "a_turds_left": [5, 5, 5, 5, 5, 5, 5, 5, 5, 5, 5, 5, 5, 5, 5, 5, 4, 4, 4, 4, 3, 3, 3, 3, 3, 3, 3, 3, 3, 3, 3, 3, 3, 3, 3, 3, 3, 3, 3, 3, 3, 3, 2, 2, 2, 2, 2, 2, 1, 1, 1, 1, 1, 1, 1, 1, 1, 1, 1, 1, 1, 1, 1, 1, 1, 1, 1, 1, 1, 1, 1, 1, 1, 1, 1, 1, 1, 1, 1, 1], "b_turds_left": [5, 5, 5, 5, 5, 5, 5, 5, 5, 5, 5, 5, 5, 5, 5, 5, 5, 5, 5, 5, 5, 5, 5, 5, 5, 5, 5, 5, 5, 5, 5, 5, 5, 5, 5, 5, 5, 5, 5, 5, 5, 5, 5, 5, 5, 5, 5, 5, 5, 5, 5, 5, 5, 5, 5, 5, 5, 5, 5, 5, 5, 5, 5, 5, 5, 5, 5, 5, 5, 5, 5, 5, 5, 5, 5, 5, 5, 5, 5, 4], "a_time_left": [358.8603920000023, 358.8603920000023, 358.00935633300105, 358.00935633300105, 355.88187279197155, 355.88187279197155, 355.47077195800375, 355.47077195800375, 354.3670102080214, 354.3670102080214, 353.2523565409938, 353.2523565409938, 352.45956862397725, 352.45956862397725, 351.33012012398103, 351.33012012398103, 350.0745741239516, 350.0745741239516, 348.2768350398983, 348.2768350398983, 346.7552699559019, 346.7552699559019, 344.4516846219194, 344.4516846219194, 343.80225253890967, 343.80225253890967, 342.78108178894036, 342.78108178894036, 341.36961812293157, 341.36961812293157, 340.394752831955, 340.394752831955, 339.44581745698815, 339.44581745698815, 339.0367672899738, 339.0367672899738, 338.09398191497894, 338.09398191497894, 337.45328516495647, 337.45328516495647, 336.91319645696785, 336.91319645696785, 336.3316966239945, 336.3316966239945, 335.70370366598945, 335.70370366598945, 335.3890219569439, 335.3890219569439, 334.148012289952, 334.148012289952, 333.81569474894786, 333.81569474894786, 333.3249468319118, 333.3249468319118, 333.11020595690934, 333.11020595690934, 332.85451928991824, 332.85451928991824, 332.69814012391726, 332.69814012391726, 332.47829937393544, 332.47829937393544, 332.2863959149108, 332.2863959149108, 332.1491088308976, 332.1491088308976, 332.00404941488523, 332.00404941488523, 331.77135716489283, 331.77135716489283, 331.5663035819307, 331.5663035819307, 331.396601581946, 331.396601581946, 331.261094456946, 331.261094456946, 331.1264657479478, 331.1264657479478, 331.1066114559071, 331.1066114559071], "b_time_left": [360, 358.12302162498236, 358.12302162498236, 356.89892866596347, 356.89892866596347, 356.3578702909872, 356.3578702909872, 355.5764093749458, 355.5764093749458, 353.48459695791826, 353.48459695791826, 352.3598403329379, 352.3598403329379, 351.22932404093444, 351.22932404093444, 350.43937133293366, 350.43937133293366, 347.2877181658987, 347.2877181658987, 345.88604587491136, 345.88604587491136, 343.48284408292966, 343.48284408292966, 343.00810124893906, 343.00810124893906, 341.42917137395125, 341.42917137395125, 340.4667459159391, 340.4667459159391, 339.60414070793195, 339.60414070793195, 339.06216370797483, 339.06216370797483, 338.38390024896944, 338.38390024896944, 337.92166053992696, 337.92166053992696, 337.30162091495004, 337.30162091495004, 336.96026112296386, 336.96026112296386, 336.4688976649777, 336.4688976649777, 335.8963519569952, 335.8963519569952, 335.4289527069777, 335.4289527069777, 335.05883149895817, 335.05883149895817, 334.1499096239568, 334.1499096239568, 333.96714870695723, 333.96714870695723, 333.4531615819433, 333.4531615819433, 332.9929392899503, 332.9929392899503, 332.84226558194496, 332.84226558194496, 332.61596833198564, 332.61596833198564, 332.3244758740184, 332.3244758740184, 332.14336458203616, 332.14336458203616, 332.0213089150493, 332.0213089150493, 331.53044120699633, 331.53044120699633, 331.3278494569822, 331.3278494569822, 331.1837986650062, 331.1837986650062, 330.8868546230369, 330.8868546230369, 330.74508458102355, 330.74508458102355, 330.68970104004256, 330.68970104004256, 330.6838066650089], "a_moves_left": [39, 39, 38, 38, 37, 37, 36, 36, 35, 35, 34, 34, 33, 33, 32, 32, 31, 31, 30, 30, 29, 29, 28, 28, 27, 27, 26, 26, 25, 25, 24, 24, 23, 23, 22, 22, 21, 21, 20, 20, 19, 19, 18, 18, 17, 17, 16, 16, 15, 15, 14, 14, 13, 13, 12, 12, 11, 11, 10, 10, 9, 9, 8, 8, 7, 7, 6, 6, 5, 5, 4, 4, 3, 3, 2, 2, 1, 1, 0, 0], "b_moves_left": [40, 39, 39, 38, 38, 37, 37, 36, 36, 35, 35, 34, 34, 33, 33, 32, 32, 31, 31, 30, 30, 29, 29, 28, 28, 27, 27, 26, 26, 25, 25, 24, 24, 23, 23, 22, 22, 21, 21, 20, 20, 19, 19, 18, 18, 17, 17, 16, 16, 15, 15, 14, 14, 13, 13, 12, 12, 11, 11, 10, 10, 9, 9, 8, 8, 7, 7, 6, 6, 5, 5, 4, 4, 3, 3, 2, 2, 1, 1, 0], "trapdoor_triggered": [0, 0, 0, 0, 1, 0, 0, 0, 0, 0, 0, 0, 0, 0, 0, 0, 0, 0, 0, 0, 0, 0, 1, 0, 0, 0, 0, 0, 0, 0, 0, 0, 1, 0, 0, 0, 0, 0, 1, 0, 0, 0, 0, 0, 1, 0, 0, 0, 0, 0, 1, 0, 0, 0, 0, 0, 1, 0, 0, 0, 0, 0, 1, 0, 0, 0, 0, 0, 1, 0, 0, 0, 0, 0, 1, 0, 0, 0, 0, 0], "left_behind": ["egg", "egg", "plain", "plain", "egg", "egg", "plain", "plain", "plain", "egg", "egg", "plain", "plain", "egg", "egg", "plain", "turd", "egg", "egg", "plain", "turd", "egg", "egg", "plain", "plain", "egg", "plain", "plain", "egg", "egg", "plain", "plain", "plain", "egg", "plain", "plain", "plain", "egg", "plain", "plain", "plain", "egg", "turd", "plain", "plain", "egg", "plain", "plain", "turd", "egg", "plain", "plain", "plain", "egg", "plain", "plain", "plain", "plain", "plain", "plain", "plain", "plain", "plain", "plain", "plain", "plain", "plain", "plain", "plain", "plain", "plain", "plain", "plain", "plain", "plain", "plain", "plain", "plain", "plain", "turd"], "errlog_a": "", "errlog_b": "", "start_time": 360, "start_moves": 40, "turn_count": 80, "result": 1, "reason": "EGGS_LAID", "trapdoors": [[3, 3], [2, 5]], "spawn_a": [0, 6], "spawn_b": [7, 6]}