{"pos": [[0, 5], [7, 5], [1, 5], [7, 4], [2, 5], [7, 3], [3, 5], [7, 2], [3, 4], [7, 1], [3, 3], [7, 0], [4, 3], [7, 1], [5, 3], [6, 1], [4, 3], [6, 0], [4, 2], [5, 0], [0, 6], [5, 1], [0, 7], [5, 2], [1, 7], [5, 1], [2, 7], [4, 1], [3, 7], [3, 1], [4, 7], [3, 0], [5, 7], [3, 1], [4, 7], [7, 6], [4, 6], [7, 5], [4, 5], [6, 5], [5, 5], [6, 4], [5, 4], [6, 3], [6, 4], [6, 2], [5, 4], [6, 1], [0, 6], [6, 0], [0, 5], [6, 1], [0, 4], [6, 0], [0, 3], [6, 1], [1, 3], [6, 0], [2, 3], [6, 1], [3, 3], [6, 0], [2, 3], [6, 1], [2, 2], [6, 0], [2, 1], [6, 1], [3, 1], [6, 0], [2, 1], [6, 1], [1, 1], [6, 0], [1, 0], [5, 0], [0, 0], [6, 0], [0, 1], [7, 0]], "a_eggs_laid": [1, 1, 1, 1, 2, 2, 2, 2, 3, 3, 3, 3, 4, 4, 4, 4, 5, 5, 5, 5, 6, 6, 6, 6, 6, 6, 7, 7, 7, 7, 8, 8, 8, 8, 9, 9, 13, 13, 14, 14, 14, 14, 15, 15, 15, 15, 16, 16, 16, 16, 16, 16, 16, 16, 17, 17, 17, 17, 18, 18, 18, 18, 18, 18, 18, 18, 19, 19, 19, 19, 20, 20, 20, 20, 21, 21, 21, 21, 24, 24], "b_eggs_laid": [0, 1, 1, 1, 1, 2, 2, 2, 2, 3, 3, 3, 3, 6, 6, 6, 6, 7, 7, 7, 7, 12, 12, 12, 12, 13, 13, 13, 13, 14, 14, 14, 14, 15, 15, 15, 15, 15, 15, 15, 15, 16, 16, 16, 16, 17, 17, 17, 17, 21, 21, 21, 21, 21, 21, 21, 21, 21, 21, 21, 21, 21, 21, 21, 21, 21, 21, 21, 21, 21, 21, 21, 21, 21, 21, 21, 21, 21, 21, 21], "a_turds_left": [5, 5, 5, 5, 5, 5, 4, 4, 4, 4, 4, 4, 4, 4, 4, 4, 4, 4, 4, 4, 4, 4, 4, 4, 3, 3, 3, 3, 3, 3, 3, 3, 3, 3, 3, 3, 3, 3, 3, 3, 3, 3, 3, 3, 3, 3, 3, 3, 2, 2, 2, 2, 2, 2, 2, 2, 1, 1, 1, 1, 1, 1, 1, 1, 1, 1, 1, 1, 1, 1, 1, 1, 1, 1, 1, 1, 1, 1, 1, 1], "b_turds_left": [5, 5, 5, 5, 5, 5, 5, 5, 5, 5, 5, 5, 5, 5, 5, 5, 5, 5, 5, 5, 5, 5, 5, 5, 5, 5, 5, 5, 5, 5, 5, 5, 5, 5, 5, 5, 5, 5, 5, 5, 5, 5, 5, 5, 5, 5, 5, 5, 5, 5, 5, 5, 5, 5, 5, 5, 5, 5, 5, 5, 5, 5, 5, 5, 5, 5, 5, 5, 5, 5, 5, 5, 5, 5, 5, 5, 5, 5, 5, 4], "a_time_left": [358.8577955000219, 358.8577955000219, 358.11752237501787, 358.11752237501787, 356.31498108402593, 356.31498108402593, 355.4385540000512, 355.4385540000512, 353.79053695802577, 353.79053695802577, 352.89649391605053, 352.89649391605053, 351.68104224908166, 351.68104224908166, 350.6578449990484, 350.6578449990484, 347.59409095707815, 347.59409095707815, 346.7567562490585, 346.7567562490585, 344.2665583740454, 344.2665583740454, 343.8037378320587, 343.8037378320587, 343.34495674906066, 343.34495674906066, 342.42115424905205, 342.42115424905205, 341.5133396650199, 341.5133396650199, 340.1222065400216, 340.1222065400216, 339.33783699799096, 339.33783699799096, 338.54098787298426, 338.54098787298426, 338.3657738309703, 338.3657738309703, 337.326509164006, 337.326509164006, 336.36893003899604, 336.36893003899604, 335.62466387299355, 335.62466387299355, 335.1087462059804, 335.1087462059804, 334.904533997993, 334.904533997993, 334.4969879570417, 334.4969879570417, 334.4209673740552, 334.4209673740552, 334.0587642910541, 334.0587642910541, 333.81838070706, 333.81838070706, 333.3450049570529, 333.3450049570529, 333.062244499044, 333.062244499044, 332.5228008320555, 332.5228008320555, 332.3477423740551, 332.3477423740551, 331.8525601650472, 331.8525601650472, 331.4836055820924, 331.4836055820924, 331.10524716513464, 331.10524716513464, 330.8681608311017, 330.8681608311017, 330.458002372121, 330.458002372121, 330.154273581109, 330.154273581109, 329.93103049811907, 329.93103049811907, 329.90607083117357, 329.90607083117357], "b_time_left": [360, 358.5392900829902, 358.5392900829902, 357.20280791597907, 357.20280791597907, 354.79478445800487, 354.79478445800487, 353.57635895803105, 353.57635895803105, 351.3043908330146, 351.3043908330146, 349.8832018329995, 349.8832018329995, 348.0894190000254, 348.0894190000254, 346.9694794580573, 346.9694794580573, 344.2918945000856, 344.2918945000856, 343.2143967911252, 343.2143967911252, 342.62201945710694, 342.62201945710694, 342.16302029107464, 342.16302029107464, 341.1731072071125, 341.1731072071125, 340.4406984981615, 340.4406984981615, 339.0016153731849, 339.0016153731849, 338.2638461231836, 338.2638461231836, 337.0679130402277, 337.0679130402277, 336.58450791524956, 336.58450791524956, 336.22189466521377, 336.22189466521377, 335.70719074917724, 335.70719074917724, 335.1076994991745, 335.1076994991745, 334.9617824991583, 334.9617824991583, 334.77113699913025, 334.77113699913025, 334.5320512901526, 334.5320512901526, 334.4151433731895, 334.4151433731895, 334.16138837323524, 334.16138837323524, 333.7334111642558, 333.7334111642558, 333.3261742062168, 333.3261742062168, 332.83828674821416, 332.83828674821416, 332.4558177902363, 332.4558177902363, 332.1737678312347, 332.1737678312347, 331.79104920628015, 331.79104920628015, 331.3095820392482, 331.3095820392482, 330.9804454972036, 330.9804454972036, 330.6946026632213, 330.6946026632213, 330.39458958024625, 330.39458958024625, 330.00087820523186, 330.00087820523186, 329.854410746193, 329.854410746193, 329.8247374132043, 329.8247374132043, 329.8200726211653], "a_moves_left": [39, 39, 38, 38, 37, 37, 36, 36, 35, 35, 34, 34, 33, 33, 32, 32, 31, 31, 30, 30, 29, 29, 28, 28, 27, 27, 26, 26, 25, 25, 24, 24, 23, 23, 22, 22, 21, 21, 20, 20, 19, 19, 18, 18, 17, 17, 16, 16, 15, 15, 14, 14, 13, 13, 12, 12, 11, 11, 10, 10, 9, 9, 8, 8, 7, 7, 6, 6, 5, 5, 4, 4, 3, 3, 2, 2, 1, 1, 0, 0], "b_moves_left": [40, 39, 39, 38, 38, 37, 37, 36, 36, 35, 35, 34, 34, 33, 33, 32, 32, 31, 31, 30, 30, 29, 29, 28, 28, 27, 27, 26, 26, 25, 25, 24, 24, 23, 23, 22, 22, 21, 21, 20, 20, 19, 19, 18, 18, 17, 17, 16, 16, 15, 15, 14, 14, 13, 13, 12, 12, 11, 11, 10, 10, 9, 9, 8, 8, 7, 7, 6, 6, 5, 5, 4, 4, 3, 3, 2, 2, 1, 1, 0], "trapdoor_triggered": [0, 0, 0, 0, 0, 0, 0, 0, 0, 0, 0, 0, 0, 0, 0, 0, 0, 0, 0, 0, 1, 0, 0, 0, 0, 0, 0, 0, 0, 0, 0, 0, 0, 0, 0, 1, 0, 0, 0, 0, 0, 0, 0, 0, 0, 0, 0, 0, 1, 0, 0, 0, 0, 0, 0, 0, 0, 0, 0, 0, 0, 0, 0, 0, 0, 0, 0, 0, 0, 0, 0, 0, 0, 0, 0, 0, 0, 0, 0, 0], "left_behind": ["egg", "egg", "plain", "plain", "egg", "egg", "turd", "plain", "egg", "egg", "plain", "plain", "egg", "egg", "plain", "plain", "egg", "egg", "plain", "plain", "egg", "egg", "plain", "plain", "turd", "egg", "egg", "plain", "plain", "egg", "egg", "plain", "plain", "egg", "egg", "plain", "plain", "plain", "egg", "plain", "plain", "egg", "egg", "plain", "plain", "egg", "egg", "plain", "turd", "plain", "plain", "plain", "plain", "plain", "egg", "plain", "turd", "plain", "egg", "plain", "plain", "plain", "plain", "plain", "plain", "plain", "egg", "plain", "plain", "plain", "egg", "plain", "plain", "plain", "egg", "plain", "plain", "plain", "egg", "turd"], "errlog_a": "", "errlog_b": "", "start_time": 360, "start_moves": 40, "turn_count": 80, "result": 0, "reason": "EGGS_LAID", "trapdoors": [[4, 4], [3, 2]], "spawn_a": [0, 6], "spawn_b": [7, 6]}