{"pos": [[7, 2], [0, 2], [7, 1], [0, 1], [6, 1], [1, 1], [6, 2], [1, 2], [6, 3], [2, 2], [6, 4], [3, 2], [6, 5], [4, 2], [5, 5], [5, 2], [5, 6], [5, 1], [4, 6], [5, 0], [3, 6], [6, 0], [2, 6], [7, 0], [2, 5], [6, 0], [2, 4], [6, 1], [2, 5], [5, 1], [1, 5], [4, 1], [2, 5], [3, 1], [3, 5], [3, 0], [3, 6], [4, 0], [3, 7], [5, 0], [4, 7], [6, 0], [5, 7], [6, 1], [5, 6], [6, 0], [6, 6], [6, 1], [6, 5], [6, 0], [7, 5], [6, 1], [7, 6], [6, 0], [7, 7], [6, 1], [6, 7], [6, 0], [6, 6], [6, 1], [5, 6], [6, 0], [4, 6], [6, 1], [3, 6], [6, 0], [3, 5], [6, 1], [2, 5], [6, 0], [2, 4], [6, 1], [2, 3], [6, 0], [2, 2], [6, 1], [2, 1], [6, 0], [2, 0], [5, 0]], "a_eggs_laid": [1, 1, 1, 1, 2, 2, 2, 2, 3, 3, 3, 3, 4, 4, 4, 4, 5, 5, 5, 5, 6, 6, 6, 6, 7, 7, 7, 7, 8, 8, 8, 8, 9, 9, 9, 9, 10, 10, 10, 10, 11, 11, 11, 11, 12, 12, 12, 12, 13, 13, 13, 13, 14, 14, 14, 14, 17, 17, 17, 17, 17, 17, 17, 17, 17, 17, 17, 17, 17, 17, 17, 17, 17, 17, 17, 17, 18, 18, 18, 18], "b_eggs_laid": [0, 1, 1, 1, 1, 2, 2, 2, 2, 3, 3, 3, 3, 4, 4, 4, 4, 5, 5, 5, 5, 6, 6, 6, 6, 9, 9, 9, 9, 10, 10, 10, 10, 11, 11, 11, 11, 12, 12, 12, 12, 12, 12, 12, 12, 12, 12, 12, 12, 12, 12, 12, 12, 12, 12, 12, 12, 12, 12, 12, 12, 12, 12, 12, 12, 12, 12, 12, 12, 12, 12, 12, 12, 12, 12, 12, 12, 12, 12, 12], "a_turds_left": [5, 5, 5, 5, 5, 5, 5, 5, 5, 5, 5, 5, 5, 5, 5, 5, 5, 5, 5, 5, 5, 5, 5, 5, 5, 5, 5, 5, 5, 5, 5, 5, 5, 5, 5, 5, 5, 5, 5, 5, 5, 5, 5, 5, 5, 5, 5, 5, 5, 5, 5, 5, 5, 5, 5, 5, 5, 5, 5, 5, 5, 5, 5, 5, 5, 5, 5, 5, 5, 5, 5, 5, 5, 5, 5, 5, 5, 5, 5, 5], "b_turds_left": [5, 5, 5, 5, 5, 5, 5, 5, 5, 5, 5, 5, 5, 5, 5, 4, 4, 4, 4, 4, 4, 4, 4, 4, 4, 4, 4, 4, 4, 4, 4, 4, 4, 4, 4, 4, 4, 4, 4, 4, 4, 4, 4, 4, 4, 4, 4, 4, 4, 4, 4, 4, 4, 4, 4, 4, 4, 4, 4, 4, 4, 4, 4, 4, 4, 4, 4, 4, 4, 4, 4, 4, 4, 4, 4, 4, 4, 4, 4, 3], "a_time_left": [358.8445799590554, 358.8445799590554, 358.32171908410965, 358.32171908410965, 356.8847254590946, 356.8847254590946, 356.01835908408975, 356.01835908408975, 353.51111808407586, 353.51111808407586, 352.2135625840747, 352.2135625840747, 349.5658768340945, 349.5658768340945, 348.3716920420993, 348.3716920420993, 346.3453156261239, 346.3453156261239, 345.3974115011515, 345.3974115011515, 342.9576530851773, 342.9576530851773, 342.5579355431837, 342.5579355431837, 342.0044875431922, 342.0044875431922, 341.5616245021811, 341.5616245021811, 340.4614730021567, 340.4614730021567, 339.8745217931573, 339.8745217931573, 337.56906908517703, 337.56906908517703, 336.9020522511564, 336.9020522511564, 335.01652341819135, 335.01652341819135, 334.7382736261934, 334.7382736261934, 334.32806912617525, 334.32806912617525, 334.23204316815827, 334.23204316815827, 334.01309646019945, 334.01309646019945, 333.90661371022, 333.90661371022, 333.5383439602447, 333.5383439602447, 333.4355967932497, 333.4355967932497, 333.1643978772918, 333.1643978772918, 333.0742644603015, 333.0742644603015, 332.7899036273011, 332.7899036273011, 332.70115050231107, 332.70115050231107, 332.5480767523404, 332.5480767523404, 332.4350312523311, 332.4350312523311, 332.2845909613534, 332.2845909613534, 332.17095162835903, 332.17095162835903, 332.0348913363414, 332.0348913363414, 331.9246766692959, 331.9246766692959, 331.7992288363166, 331.7992288363166, 331.6685332112829, 331.6685332112829, 331.44387241924414, 331.44387241924414, 331.4108771692263, 331.4108771692263], "b_time_left": [360, 358.96129754104186, 358.96129754104186, 358.38334516604664, 358.38334516604664, 357.11967450007796, 357.11967450007796, 356.21370966610266, 356.21370966610266, 354.2462897080695, 354.2462897080695, 353.27969033306, 353.27969033306, 351.8000930410344, 351.8000930410344, 350.92515216604806, 350.92515216604806, 350.2936458750628, 350.2936458750628, 349.6894299160922, 349.6894299160922, 349.0178518330795, 349.0178518330795, 348.5852245410788, 348.5852245410788, 348.23950683308067, 348.23950683308067, 347.72632391605293, 347.72632391605293, 347.29368758306373, 347.29368758306373, 346.63139833306195, 346.63139833306195, 345.99545129103353, 345.99545129103353, 345.306464874011, 345.306464874011, 345.02430758206174, 345.02430758206174, 344.67247354006395, 344.67247354006395, 344.6069424150628, 344.6069424150628, 344.3480667480617, 344.3480667480617, 344.27695395605406, 344.27695395605406, 343.9031115390244, 343.9031115390244, 343.8178897050093, 343.8178897050093, 343.5288313300116, 343.5288313300116, 343.4691431209794, 343.4691431209794, 343.3207115379628, 343.3207115379628, 343.28055562096415, 343.28055562096415, 343.15451741201105, 343.15451741201105, 343.0972834539716, 343.0972834539716, 342.9642087039538, 342.9642087039538, 342.91569587093545, 342.91569587093545, 342.7777530369349, 342.7777530369349, 342.70858753687935, 342.70858753687935, 342.5507233698736, 342.5507233698736, 342.44292216189206, 342.44292216189206, 342.2286869538948, 342.2286869538948, 342.1912118708715, 342.1912118708715, 342.1871509539196], "a_moves_left": [39, 39, 38, 38, 37, 37, 36, 36, 35, 35, 34, 34, 33, 33, 32, 32, 31, 31, 30, 30, 29, 29, 28, 28, 27, 27, 26, 26, 25, 25, 24, 24, 23, 23, 22, 22, 21, 21, 20, 20, 19, 19, 18, 18, 17, 17, 16, 16, 15, 15, 14, 14, 13, 13, 12, 12, 11, 11, 10, 10, 9, 9, 8, 8, 7, 7, 6, 6, 5, 5, 4, 4, 3, 3, 2, 2, 1, 1, 0, 0], "b_moves_left": [40, 39, 39, 38, 38, 37, 37, 36, 36, 35, 35, 34, 34, 33, 33, 32, 32, 31, 31, 30, 30, 29, 29, 28, 28, 27, 27, 26, 26, 25, 25, 24, 24, 23, 23, 22, 22, 21, 21, 20, 20, 19, 19, 18, 18, 17, 17, 16, 16, 15, 15, 14, 14, 13, 13, 12, 12, 11, 11, 10, 10, 9, 9, 8, 8, 7, 7, 6, 6, 5, 5, 4, 4, 3, 3, 2, 2, 1, 1, 0], "trapdoor_triggered": [0, 0, 0, 0, 0, 0, 0, 0, 0, 0, 0, 0, 0, 0, 0, 0, 0, 0, 0, 0, 0, 0, 0, 0, 0, 0, 0, 0, 0, 0, 0, 0, 0, 0, 0, 0, 0, 0, 0, 0, 0, 0, 0, 0, 0, 0, 0, 0, 0, 0, 0, 0, 0, 0, 0, 0, 0, 0, 0, 0, 0, 0, 0, 0, 0, 0, 0, 0, 0, 0, 0, 0, 0, 0, 0, 0, 0, 0, 0, 0], "left_behind": ["egg", "egg", "plain", "plain", "egg", "egg", "plain", "plain", "egg", "egg", "plain", "plain", "egg", "egg", "plain", "turd", "egg", "egg", "plain", "plain", "egg", "egg", "plain", "plain", "egg", "egg", "plain", "plain", "egg", "egg", "plain", "plain", "egg", "egg", "plain", "plain", "egg", "egg", "plain", "plain", "egg", "plain", "plain", "plain", "egg", "plain", "plain", "plain", "egg", "plain", "plain", "plain", "egg", "plain", "plain", "plain", "egg", "plain", "plain", "plain", "plain", "plain", "plain", "plain", "plain", "plain", "plain", "plain", "plain", "plain", "plain", "plain", "plain", "plain", "plain", "plain", "egg", "plain", "plain", "turd"], "errlog_a": "", "errlog_b": "", "start_time": 360, "start_moves": 40, "turn_count": 80, "result": 0, "reason": "EGGS_LAID", "trapdoors": [[4, 4], [3, 4]], "spawn_a": [7, 3], "spawn_b": [0, 3]}