{"pos": [[7, 2], [0, 2], [7, 1], [0, 1], [7, 2], [1, 1], [6, 2], [1, 0], [6, 1], [2, 0], [5, 1], [3, 0], [6, 1], [3, 1], [6, 0], [4, 1], [7, 0], [4, 0], [7, 1], [5, 0], [7, 2], [4, 0], [7, 3], [4, 1], [7, 4], [3, 1], [6, 4], [3, 2], [5, 4], [3, 1], [5, 5], [2, 1], [6, 5], [0, 3], [6, 6], [0, 2], [5, 6], [1, 2], [4, 6], [1, 3], [4, 5], [2, 3], [5, 5], [2, 4], [5, 4], [3, 4], [5, 3], [2, 4], [6, 3], [0, 3], [6, 2], [1, 3], [6, 1], [1, 4], [7, 1], [1, 5], [7, 2], [0, 3], [6, 2], [0, 4], [6, 3], [0, 5], [6, 4], [1, 5], [6, 5], [0, 3], [7, 5], [0, 2], [7, 6], [0, 1], [7, 7], [1, 1], [6, 7], [1, 0], [5, 7], [2, 0], [4, 7], [3, 0], [3, 7], [2, 0]], "a_eggs_laid": [1, 1, 1, 1, 2, 2, 2, 2, 3, 3, 3, 3, 4, 4, 4, 4, 5, 5, 5, 5, 5, 5, 5, 5, 5, 5, 5, 5, 6, 6, 6, 6, 7, 7, 11, 11, 12, 12, 12, 12, 13, 13, 13, 13, 13, 13, 13, 13, 14, 14, 18, 18, 18, 18, 18, 18, 18, 18, 22, 22, 22, 22, 22, 22, 22, 22, 26, 26, 27, 27, 27, 27, 30, 30, 30, 30, 31, 31, 31, 31], "b_eggs_laid": [0, 1, 1, 1, 1, 2, 2, 2, 2, 3, 3, 3, 3, 4, 4, 4, 4, 5, 5, 5, 5, 6, 6, 6, 6, 6, 6, 6, 6, 7, 7, 7, 7, 8, 8, 8, 8, 8, 8, 9, 9, 9, 9, 10, 10, 10, 10, 11, 11, 11, 11, 11, 11, 11, 11, 12, 12, 12, 12, 12, 12, 12, 12, 13, 13, 13, 13, 13, 13, 13, 13, 13, 13, 13, 13, 13, 13, 13, 13, 13], "a_turds_left": [5, 5, 5, 5, 5, 5, 5, 5, 5, 5, 5, 5, 5, 5, 5, 5, 5, 5, 5, 5, 5, 5, 5, 5, 5, 5, 5, 5, 5, 5, 5, 5, 5, 5, 5, 5, 5, 5, 5, 5, 5, 5, 4, 4, 4, 4, 4, 4, 4, 4, 4, 4, 4, 4, 4, 4, 4, 4, 4, 4, 4, 4, 4, 4, 4, 4, 4, 4, 4, 4, 4, 4, 4, 4, 4, 4, 4, 4, 4, 4], "b_turds_left": [5, 5, 5, 5, 5, 5, 5, 5, 5, 5, 5, 5, 5, 5, 5, 5, 5, 5, 5, 5, 5, 5, 5, 5, 5, 5, 5, 5, 5, 5, 5, 5, 5, 5, 5, 5, 5, 5, 5, 5, 5, 5, 5, 5, 5, 5, 5, 5, 5, 5, 5, 5, 5, 5, 5, 5, 5, 5, 5, 5, 5, 5, 5, 5, 5, 5, 5, 5, 5, 5, 5, 5, 5, 5, 5, 5, 5, 4, 4, 4], "a_time_left": [359.12394187494647, 359.12394187494647, 358.5963938339264, 358.5963938339264, 357.2823147929739, 357.2823147929739, 356.4817816269351, 356.4817816269351, 355.14842466893606, 355.14842466893606, 354.37588171096286, 354.37588171096286, 353.1999585859594, 353.1999585859594, 352.3844244609936, 352.3844244609936, 351.67815754399635, 351.67815754399635, 351.58098741900176, 351.58098741900176, 351.4538822520408, 351.4538822520408, 351.31589325203095, 351.31589325203095, 351.1254170020111, 351.1254170020111, 350.5272309190477, 350.5272309190477, 348.8853330020793, 348.8853330020793, 348.2572752110427, 348.2572752110427, 346.6475920860539, 346.6475920860539, 346.317225669045, 346.317225669045, 345.3912562110345, 345.3912562110345, 344.64763108600164, 344.64763108600164, 343.4646536690416, 343.4646536690416, 342.8307824190124, 342.8307824190124, 342.61441883497173, 342.61441883497173, 342.3219327929546, 342.3219327929546, 341.8060153759434, 341.8060153759434, 341.59450466692215, 341.59450466692215, 341.3753022919409, 341.3753022919409, 340.8450837919372, 340.8450837919372, 340.6552489999449, 340.6552489999449, 340.46448674990097, 340.46448674990097, 340.21575658390066, 340.21575658390066, 339.7172631669091, 339.7172631669091, 339.4706501259352, 339.4706501259352, 339.261140500952, 339.261140500952, 339.0173045839765, 339.0173045839765, 338.90470158396056, 338.90470158396056, 338.66562920896104, 338.66562920896104, 338.57194962596986, 338.57194962596986, 338.3492668759427, 338.3492668759427, 338.3415529599297, 338.3415529599297], "b_time_left": [360, 359.20550504198764, 359.20550504198764, 358.62671954202233, 358.62671954202233, 357.96454366703983, 357.96454366703983, 356.8913222090341, 356.8913222090341, 355.9393041670555, 355.9393041670555, 355.0673480000696, 355.0673480000696, 354.3881330001168, 354.3881330001168, 353.6411862911191, 353.6411862911191, 353.46004212409025, 353.46004212409025, 353.3113677070942, 353.3113677070942, 353.21931854006834, 353.21931854006834, 353.0356604150729, 353.0356604150729, 352.5649701230577, 352.5649701230577, 351.5134698310285, 351.5134698310285, 349.3822552470374, 349.3822552470374, 348.44887249701424, 348.44887249701424, 346.6269828720251, 346.6269828720251, 346.28161791403545, 346.28161791403545, 345.7936117060599, 345.7936117060599, 344.0703666220652, 344.0703666220652, 343.425450164068, 343.425450164068, 342.86254824808566, 342.86254824808566, 342.33237420610385, 342.33237420610385, 341.60302153910743, 341.60302153910743, 341.33266666409327, 341.33266666409327, 341.1942027481273, 341.1942027481273, 340.99479429016355, 340.99479429016355, 340.5944118311745, 340.5944118311745, 340.31328287220094, 340.31328287220094, 340.1778569552116, 340.1778569552116, 340.0044622881687, 340.0044622881687, 339.558012580208, 339.558012580208, 339.2689998711576, 339.2689998711576, 339.062924871163, 339.062924871163, 338.9317918291781, 338.9317918291781, 338.77712941216305, 338.77712941216305, 338.5687217451632, 338.5687217451632, 338.3411067031557, 338.3411067031557, 338.32003653718857, 338.32003653718857, 338.3184247871977], "a_moves_left": [39, 39, 38, 38, 37, 37, 36, 36, 35, 35, 34, 34, 33, 33, 32, 32, 31, 31, 30, 30, 29, 29, 28, 28, 27, 27, 26, 26, 25, 25, 24, 24, 23, 23, 22, 22, 21, 21, 20, 20, 19, 19, 18, 18, 17, 17, 16, 16, 15, 15, 14, 14, 13, 13, 12, 12, 11, 11, 10, 10, 9, 9, 8, 8, 7, 7, 6, 6, 5, 5, 4, 4, 3, 3, 2, 2, 1, 1, 0, 0], "b_moves_left": [40, 39, 39, 38, 38, 37, 37, 36, 36, 35, 35, 34, 34, 33, 33, 32, 32, 31, 31, 30, 30, 29, 29, 28, 28, 27, 27, 26, 26, 25, 25, 24, 24, 23, 23, 22, 22, 21, 21, 20, 20, 19, 19, 18, 18, 17, 17, 16, 16, 15, 15, 14, 14, 13, 13, 12, 12, 11, 11, 10, 10, 9, 9, 8, 8, 7, 7, 6, 6, 5, 5, 4, 4, 3, 3, 2, 2, 1, 1, 0], "trapdoor_triggered": [0, 0, 0, 0, 0, 0, 0, 0, 0, 0, 0, 0, 0, 0, 0, 0, 0, 0, 0, 0, 0, 0, 0, 0, 0, 0, 0, 0, 0, 0, 0, 0, 0, 1, 0, 0, 0, 0, 0, 0, 0, 0, 0, 0, 0, 0, 0, 0, 0, 1, 0, 0, 0, 0, 0, 0, 0, 1, 0, 0, 0, 0, 0, 0, 0, 1, 0, 0, 0, 0, 0, 0, 0, 0, 0, 0, 0, 0, 0, 0], "left_behind": ["egg", "egg", "plain", "plain", "egg", "egg", "plain", "plain", "egg", "egg", "plain", "plain", "egg", "egg", "plain", "plain", "egg", "egg", "plain", "plain", "plain", "egg", "plain", "plain", "plain", "plain", "plain", "plain", "egg", "egg", "plain", "plain", "egg", "egg", "plain", "plain", "egg", "plain", "plain", "egg", "egg", "plain", "turd", "egg", "plain", "plain", "plain", "egg", "egg", "plain", "plain", "plain", "plain", "plain", "plain", "egg", "plain", "plain", "plain", "plain", "plain", "plain", "plain", "egg", "plain", "plain", "plain", "plain", "egg", "plain", "plain", "plain", "egg", "plain", "plain", "plain", "egg", "turd", "plain", "plain"], "errlog_a": "", "errlog_b": "", "start_time": 360, "start_moves": 40, "turn_count": 80, "result": 0, "reason": "EGGS_LAID", "trapdoors": [[2, 2], [2, 5]], "spawn_a": [7, 3], "spawn_b": [0, 3]}