{"pos": [[0, 5], [7, 5], [0, 4], [7, 4], [0, 3], [7, 3], [0, 2], [7, 2], [0, 1], [7, 1], [0, 0], [7, 0], [1, 0], [7, 1], [2, 0], [6, 1], [2, 1], [6, 2], [2, 2], [5, 2], [2, 3], [7, 6], [3, 3], [7, 5], [2, 3], [6, 5], [1, 3], [6, 6], [1, 4], [5, 6], [1, 5], [5, 7], [2, 5], [6, 7], [3, 5], [6, 6], [3, 6], [6, 5], [4, 6], [6, 4], [3, 6], [6, 3], [2, 6], [6, 4], [2, 5], [5, 4], [3, 5], [6, 4], [3, 4], [6, 3], [4, 4], [6, 2], [3, 4], [5, 2], [2, 4], [7, 6], [2, 3], [7, 7], [3, 3], [6, 7], [2, 3], [6, 6], [2, 4], [5, 6], [2, 5], [5, 7], [2, 6], [4, 7], [1, 6], [3, 7], [1, 5], [2, 7], [1, 4], [1, 7], [2, 4], [0, 7], [2, 3], [1, 7], [2, 2], [0, 7]], "a_eggs_laid": [1, 1, 1, 1, 2, 2, 2, 2, 3, 3, 3, 3, 6, 6, 6, 6, 7, 7, 7, 7, 7, 7, 11, 11, 12, 12, 12, 12, 13, 13, 13, 13, 14, 14, 14, 14, 15, 15, 15, 15, 16, 16, 16, 16, 17, 17, 17, 17, 17, 17, 17, 17, 18, 18, 18, 18, 23, 23, 23, 23, 23, 23, 23, 23, 23, 23, 23, 23, 23, 23, 23, 23, 23, 23, 23, 23, 23, 23, 23, 23], "b_eggs_laid": [0, 1, 1, 1, 1, 2, 2, 2, 2, 3, 3, 3, 3, 6, 6, 6, 6, 7, 7, 7, 7, 8, 8, 8, 8, 8, 8, 9, 9, 9, 9, 10, 10, 10, 10, 11, 11, 11, 11, 11, 11, 11, 11, 12, 12, 12, 12, 13, 13, 13, 13, 13, 13, 13, 13, 13, 13, 13, 13, 13, 13, 13, 13, 13, 13, 13, 13, 13, 13, 14, 14, 14, 14, 15, 15, 15, 15, 15, 15, 15], "a_turds_left": [5, 5, 5, 5, 5, 5, 5, 5, 5, 5, 5, 5, 5, 5, 5, 5, 5, 5, 5, 5, 4, 4, 4, 4, 4, 4, 4, 4, 4, 4, 4, 4, 4, 4, 4, 4, 4, 4, 4, 4, 4, 4, 4, 4, 4, 4, 4, 4, 4, 4, 4, 4, 4, 4, 4, 4, 4, 4, 4, 4, 4, 4, 4, 4, 4, 4, 4, 4, 4, 4, 4, 4, 4, 4, 4, 4, 4, 4, 4, 4], "b_turds_left": [5, 5, 5, 5, 5, 5, 5, 5, 5, 5, 5, 5, 5, 5, 5, 5, 5, 5, 5, 5, 5, 5, 5, 5, 5, 5, 5, 5, 5, 5, 5, 5, 5, 5, 5, 5, 5, 5, 5, 5, 5, 5, 5, 5, 5, 5, 5, 5, 5, 5, 5, 5, 5, 5, 5, 5, 5, 5, 5, 5, 5, 5, 5, 5, 5, 5, 5, 5, 5, 5, 5, 4, 4, 4, 4, 4, 4, 3, 3, 3], "a_time_left": [359.14939770899946, 359.14939770899946, 358.66180758399423, 358.66180758399423, 357.544751584006, 357.544751584006, 357.0626885420061, 357.0626885420061, 355.8705742920283, 355.8705742920283, 355.49085912603186, 355.49085912603186, 354.96818633406656, 354.96818633406656, 354.5352480010479, 354.5352480010479, 352.5967939590919, 352.5967939590919, 351.6469960010727, 351.6469960010727, 349.16032545903, 349.16032545903, 348.7573653340223, 348.7573653340223, 347.33799012500094, 347.33799012500094, 345.817802458012, 345.817802458012, 343.97928774898173, 343.97928774898173, 342.92130562401144, 342.92130562401144, 341.8554276659852, 341.8554276659852, 340.8131689580041, 340.8131689580041, 340.0211074160179, 340.0211074160179, 339.6141540000099, 339.6141540000099, 337.9585306250374, 337.9585306250374, 336.7669444170315, 336.7669444170315, 335.3969727920485, 335.3969727920485, 334.54633283405565, 334.54633283405565, 334.28779241710436, 334.28779241710436, 333.9331552921212, 333.9331552921212, 333.2994010421098, 333.2994010421098, 333.0103447920992, 333.0103447920992, 332.6028253750992, 332.6028253750992, 332.47641095810104, 332.47641095810104, 332.35467083309777, 332.35467083309777, 332.09583408309845, 332.09583408309845, 331.9181616670685, 331.9181616670685, 331.6749129170785, 331.6749129170785, 331.4174213751103, 331.4174213751103, 331.2672665831051, 331.2672665831051, 331.10298079112545, 331.10298079112545, 330.93071254115785, 330.93071254115785, 330.8200561661506, 330.8200561661506, 330.7917702071718, 330.7917702071718], "b_time_left": [360, 359.06264162500156, 359.06264162500156, 358.4388275000383, 358.4388275000383, 357.3031562080141, 357.3031562080141, 356.6228161670151, 356.6228161670151, 355.75911616702797, 355.75911616702797, 355.22986512602074, 355.22986512602074, 354.3304913340253, 354.3304913340253, 353.5728467510198, 353.5728467510198, 350.7377261260408, 350.7377261260408, 349.5471155420528, 349.5471155420528, 347.74783387506614, 347.74783387506614, 347.2794881250593, 347.2794881250593, 346.7413908330491, 346.7413908330491, 344.8891926240176, 344.8891926240176, 344.28280649898807, 344.28280649898807, 341.92530745698605, 341.92530745698605, 341.4393672479782, 341.4393672479782, 339.5897730399738, 339.5897730399738, 339.12402658193605, 339.12402658193605, 338.825583831931, 338.825583831931, 338.2955321239424, 338.2955321239424, 336.97518808190944, 336.97518808190944, 336.60908024793025, 336.60908024793025, 335.979782830982, 335.979782830982, 335.53785899694776, 335.53785899694776, 335.2578170798952, 335.2578170798952, 335.02771170489723, 335.02771170489723, 334.4809285798692, 334.4809285798692, 334.39433307986474, 334.39433307986474, 334.31192149582785, 334.31192149582785, 334.2503502048203, 334.2503502048203, 333.9852807467687, 333.9852807467687, 333.85682416375494, 333.85682416375494, 333.68617333075963, 333.68617333075963, 333.39817358076107, 333.39817358076107, 333.2284175387467, 333.2284175387467, 333.1343708297354, 333.1343708297354, 333.0190904967603, 333.0190904967603, 332.9833270807285, 332.9833270807285, 332.97930516372435], "a_moves_left": [39, 39, 38, 38, 37, 37, 36, 36, 35, 35, 34, 34, 33, 33, 32, 32, 31, 31, 30, 30, 29, 29, 28, 28, 27, 27, 26, 26, 25, 25, 24, 24, 23, 23, 22, 22, 21, 21, 20, 20, 19, 19, 18, 18, 17, 17, 16, 16, 15, 15, 14, 14, 13, 13, 12, 12, 11, 11, 10, 10, 9, 9, 8, 8, 7, 7, 6, 6, 5, 5, 4, 4, 3, 3, 2, 2, 1, 1, 0, 0], "b_moves_left": [40, 39, 39, 38, 38, 37, 37, 36, 36, 35, 35, 34, 34, 33, 33, 32, 32, 31, 31, 30, 30, 29, 29, 28, 28, 27, 27, 26, 26, 25, 25, 24, 24, 23, 23, 22, 22, 21, 21, 20, 20, 19, 19, 18, 18, 17, 17, 16, 16, 15, 15, 14, 14, 13, 13, 12, 12, 11, 11, 10, 10, 9, 9, 8, 8, 7, 7, 6, 6, 5, 5, 4, 4, 3, 3, 2, 2, 1, 1, 0], "trapdoor_triggered": [0, 0, 0, 0, 0, 0, 0, 0, 0, 0, 0, 0, 0, 0, 0, 0, 0, 0, 0, 0, 0, 1, 0, 0, 0, 0, 0, 0, 0, 0, 0, 0, 0, 0, 0, 0, 0, 0, 0, 0, 0, 0, 0, 0, 0, 0, 0, 0, 0, 0, 0, 0, 0, 0, 0, 1, 0, 0, 0, 0, 0, 0, 0, 0, 0, 0, 0, 0, 0, 0, 0, 0, 0, 0, 0, 0, 0, 0, 0, 0], "left_behind": ["egg", "egg", "plain", "plain", "egg", "egg", "plain", "plain", "egg", "egg", "plain", "plain", "egg", "egg", "plain", "plain", "egg", "egg", "plain", "plain", "turd", "egg", "plain", "plain", "egg", "plain", "plain", "egg", "egg", "plain", "plain", "egg", "egg", "plain", "plain", "egg", "egg", "plain", "plain", "plain", "egg", "plain", "plain", "egg", "egg", "plain", "plain", "egg", "plain", "plain", "plain", "plain", "egg", "plain", "plain", "plain", "egg", "plain", "plain", "plain", "plain", "plain", "plain", "plain", "plain", "plain", "plain", "plain", "plain", "egg", "plain", "turd", "plain", "egg", "plain", "plain", "plain", "turd", "plain", "plain"], "errlog_a": "", "errlog_b": "", "start_time": 360, "start_moves": 40, "turn_count": 80, "result": 0, "reason": "EGGS_LAID", "trapdoors": [[4, 2], [3, 2]], "spawn_a": [0, 6], "spawn_b": [7, 6]}