{"pos": [[7, 2], [0, 2], [7, 1], [0, 1], [7, 2], [1, 1], [6, 2], [1, 0], [6, 1], [2, 0], [6, 0], [3, 0], [6, 1], [4, 0], [6, 2], [5, 0], [6, 3], [5, 1], [6, 4], [6, 1], [6, 5], [5, 1], [7, 5], [4, 1], [7, 6], [4, 2], [7, 7], [3, 2], [7, 6], [3, 1], [6, 6], [2, 1], [5, 6], [2, 2], [5, 5], [2, 3], [5, 6], [2, 2], [4, 6], [1, 2], [3, 6], [1, 3], [3, 5], [1, 4], [3, 6], [1, 5], [3, 7], [2, 5], [4, 7], [0, 3], [5, 7], [0, 4], [5, 6], [0, 5], [4, 6], [0, 6], [3, 6], [0, 7], [2, 6], [0, 6], [2, 7], [1, 6], [1, 7], [1, 5], [2, 7], [1, 4], [2, 6], [0, 3], [3, 6], [0, 2], [3, 5], [0, 1], [3, 4], [1, 1], [3, 3], [1, 0], [4, 3], [2, 0], [5, 3], [3, 0]], "a_eggs_laid": [1, 1, 1, 1, 2, 2, 2, 2, 3, 3, 3, 3, 4, 4, 4, 4, 4, 4, 4, 4, 5, 5, 5, 5, 6, 6, 6, 6, 9, 9, 9, 9, 10, 10, 10, 10, 11, 11, 11, 11, 12, 12, 12, 12, 13, 13, 13, 13, 14, 14, 18, 18, 19, 19, 19, 19, 19, 19, 19, 19, 20, 20, 20, 20, 21, 21, 21, 21, 25, 25, 25, 25, 25, 25, 25, 25, 26, 26, 26, 26], "b_eggs_laid": [0, 1, 1, 1, 1, 2, 2, 2, 2, 3, 3, 3, 3, 4, 4, 4, 4, 5, 5, 5, 5, 6, 6, 6, 6, 7, 7, 7, 7, 8, 8, 8, 8, 9, 9, 9, 9, 10, 10, 10, 10, 11, 11, 11, 11, 12, 12, 12, 12, 13, 13, 13, 13, 13, 13, 14, 14, 14, 14, 17, 17, 17, 17, 18, 18, 18, 18, 18, 18, 18, 18, 18, 18, 18, 18, 18, 18, 18, 18, 18], "a_turds_left": [5, 5, 5, 5, 5, 5, 5, 5, 5, 5, 5, 5, 5, 5, 5, 5, 5, 5, 5, 5, 5, 5, 5, 5, 5, 5, 5, 5, 5, 5, 5, 5, 5, 5, 5, 5, 5, 5, 5, 5, 5, 5, 5, 5, 5, 5, 5, 5, 5, 5, 5, 5, 5, 5, 5, 5, 5, 5, 5, 5, 5, 5, 5, 5, 5, 5, 5, 5, 5, 5, 5, 5, 5, 5, 5, 5, 5, 5, 5, 5], "b_turds_left": [5, 5, 5, 5, 5, 5, 5, 5, 5, 5, 5, 5, 5, 5, 5, 5, 5, 5, 5, 5, 5, 5, 5, 5, 5, 5, 5, 5, 5, 5, 5, 5, 5, 5, 5, 5, 5, 5, 5, 5, 5, 5, 5, 5, 5, 5, 5, 5, 5, 5, 5, 5, 5, 5, 5, 5, 5, 4, 4, 4, 4, 4, 4, 4, 4, 4, 4, 4, 4, 4, 4, 4, 4, 4, 4, 4, 4, 4, 4, 3], "a_time_left": [358.4205954160425, 358.4205954160425, 357.53061366605107, 357.53061366605107, 355.97272050002357, 355.97272050002357, 354.5840578750358, 354.5840578750358, 352.3598340000608, 352.3598340000608, 351.30676433304325, 351.30676433304325, 349.9792119170306, 349.9792119170306, 349.3751187500311, 349.3751187500311, 348.85965729202144, 348.85965729202144, 347.7629216670175, 347.7629216670175, 346.36209966702154, 346.36209966702154, 345.26150579203386, 345.26150579203386, 342.35916804207955, 342.35916804207955, 341.32330929208547, 341.32330929208547, 340.0399657920352, 340.0399657920352, 339.47022341703996, 339.47022341703996, 336.24670591705944, 336.24670591705944, 334.97682958404766, 334.97682958404766, 331.5366936250357, 331.5366936250357, 330.7803079999867, 330.7803079999867, 327.32125841698144, 327.32125841698144, 326.50476629199693, 326.50476629199693, 323.98191916703945, 323.98191916703945, 323.2397651670035, 323.2397651670035, 322.20266825001454, 322.20266825001454, 321.88553500000853, 321.88553500000853, 321.134574124997, 321.134574124997, 320.3443003339926, 320.3443003339926, 319.85323220898863, 319.85323220898863, 319.50767150102183, 319.50767150102183, 319.31986612599576, 319.31986612599576, 319.1389866679674, 319.1389866679674, 319.0245790009503, 319.0245790009503, 318.8736444589449, 318.8736444589449, 318.8036904169712, 318.8036904169712, 318.68001620896393, 318.68001620896393, 318.59523954294855, 318.59523954294855, 318.3890688349493, 318.3890688349493, 318.2231581679662, 318.2231581679662, 318.1924697509967, 318.1924697509967], "b_time_left": [360, 358.6100408330094, 358.6100408330094, 357.6148704580264, 357.6148704580264, 356.4993059580447, 356.4993059580447, 354.51258641603636, 354.51258641603636, 352.9032272080076, 352.9032272080076, 351.9085736660054, 351.9085736660054, 350.6157887080335, 350.6157887080335, 350.0933137910324, 350.0933137910324, 348.4238450410194, 348.4238450410194, 346.7615251240204, 346.7615251240204, 345.36637141602114, 345.36637141602114, 344.06475195800886, 344.06475195800886, 342.15126016701106, 342.15126016701106, 341.3204336669878, 341.3204336669878, 339.7257779579959, 339.7257779579959, 338.39288437500363, 338.39288437500363, 335.6582292919629, 335.6582292919629, 334.2332074169535, 334.2332074169535, 331.81421133398544, 331.81421133398544, 330.426877167949, 330.426877167949, 328.0114088759292, 328.0114088759292, 326.636397583934, 326.636397583934, 324.03806187491864, 324.03806187491864, 323.08732849988155, 323.08732849988155, 322.5535412498866, 322.5535412498866, 322.2133622088586, 322.2133622088586, 321.9960199588677, 321.9960199588677, 321.3954674588749, 321.3954674588749, 321.1218372498988, 321.1218372498988, 320.83138737489935, 320.83138737489935, 320.76960545789916, 320.76960545789916, 320.65768770792056, 320.65768770792056, 320.55173937394284, 320.55173937394284, 320.4469776649494, 320.4469776649494, 320.3590801229584, 320.3590801229584, 320.1507225399837, 320.1507225399837, 319.9013269559946, 319.9013269559946, 319.3498904979788, 319.3498904979788, 319.3153577480116, 319.3153577480116, 319.3107044150238], "a_moves_left": [39, 39, 38, 38, 37, 37, 36, 36, 35, 35, 34, 34, 33, 33, 32, 32, 31, 31, 30, 30, 29, 29, 28, 28, 27, 27, 26, 26, 25, 25, 24, 24, 23, 23, 22, 22, 21, 21, 20, 20, 19, 19, 18, 18, 17, 17, 16, 16, 15, 15, 14, 14, 13, 13, 12, 12, 11, 11, 10, 10, 9, 9, 8, 8, 7, 7, 6, 6, 5, 5, 4, 4, 3, 3, 2, 2, 1, 1, 0, 0], "b_moves_left": [40, 39, 39, 38, 38, 37, 37, 36, 36, 35, 35, 34, 34, 33, 33, 32, 32, 31, 31, 30, 30, 29, 29, 28, 28, 27, 27, 26, 26, 25, 25, 24, 24, 23, 23, 22, 22, 21, 21, 20, 20, 19, 19, 18, 18, 17, 17, 16, 16, 15, 15, 14, 14, 13, 13, 12, 12, 11, 11, 10, 10, 9, 9, 8, 8, 7, 7, 6, 6, 5, 5, 4, 4, 3, 3, 2, 2, 1, 1, 0], "trapdoor_triggered": [0, 0, 0, 0, 0, 0, 0, 0, 0, 0, 0, 0, 0, 0, 0, 0, 0, 0, 0, 0, 0, 0, 0, 0, 0, 0, 0, 0, 0, 0, 0, 0, 0, 0, 0, 0, 0, 0, 0, 0, 0, 0, 0, 0, 0, 0, 0, 0, 0, 1, 0, 0, 0, 0, 0, 0, 0, 0, 0, 0, 0, 0, 0, 0, 0, 0, 0, 1, 0, 0, 0, 0, 0, 0, 0, 0, 0, 0, 0, 0], "left_behind": ["egg", "egg", "plain", "plain", "egg", "egg", "plain", "plain", "egg", "egg", "plain", "plain", "egg", "egg", "plain", "plain", "plain", "egg", "plain", "plain", "egg", "egg", "plain", "plain", "egg", "egg", "plain", "plain", "egg", "egg", "plain", "plain", "egg", "egg", "plain", "plain", "egg", "egg", "plain", "plain", "egg", "egg", "plain", "plain", "egg", "egg", "plain", "plain", "egg", "egg", "plain", "plain", "egg", "plain", "plain", "egg", "plain", "turd", "plain", "egg", "egg", "plain", "plain", "egg", "egg", "plain", "plain", "plain", "plain", "plain", "plain", "plain", "plain", "plain", "plain", "plain", "egg", "plain", "plain", "turd"], "errlog_a": "", "errlog_b": "", "start_time": 360, "start_moves": 40, "turn_count": 80, "result": 0, "reason": "EGGS_LAID", "trapdoors": [[2, 4], [5, 2]], "spawn_a": [7, 3], "spawn_b": [0, 3]}