{"pos": [[7, 4], [0, 4], [7, 3], [0, 3], [7, 2], [0, 2], [7, 1], [0, 1], [6, 1], [1, 1], [5, 1], [1, 0], [6, 1], [2, 0], [6, 2], [3, 0], [6, 3], [3, 1], [5, 3], [4, 1], [6, 3], [3, 1], [6, 4], [3, 2], [7, 4], [3, 1], [7, 5], [2, 1], [7, 6], [2, 2], [7, 7], [2, 3], [6, 7], [2, 2], [6, 6], [1, 2], [5, 6], [1, 3], [4, 6], [1, 4], [4, 7], [1, 5], [3, 7], [2, 5], [4, 7], [0, 5], [5, 7], [1, 5], [5, 6], [1, 6], [5, 5], [1, 5], [5, 6], [1, 4], [5, 5], [1, 3], [5, 4], [1, 2], [4, 4], [1, 1], [5, 4], [1, 0], [6, 4], [2, 0], [6, 5], [3, 0], [6, 6], [4, 0], [5, 6], [5, 0], [4, 6], [6, 0], [3, 6], [7, 0], [2, 6], [6, 0], [2, 7], [7, 0], [1, 7], [6, 0]], "a_eggs_laid": [1, 1, 1, 1, 2, 2, 2, 2, 3, 3, 3, 3, 4, 4, 4, 4, 5, 5, 5, 5, 5, 5, 5, 5, 6, 6, 6, 6, 6, 6, 6, 6, 9, 9, 9, 9, 10, 10, 10, 10, 11, 11, 11, 11, 12, 12, 16, 16, 17, 17, 17, 17, 18, 18, 18, 18, 18, 18, 18, 18, 19, 19, 19, 19, 19, 19, 19, 19, 19, 19, 19, 19, 19, 19, 19, 19, 20, 20, 20, 20], "b_eggs_laid": [0, 1, 1, 1, 1, 2, 2, 2, 2, 3, 3, 3, 3, 4, 4, 4, 4, 5, 5, 5, 5, 6, 6, 6, 6, 7, 7, 7, 7, 8, 8, 8, 8, 9, 9, 9, 9, 10, 10, 10, 10, 11, 11, 11, 11, 12, 12, 12, 12, 12, 12, 13, 13, 13, 13, 13, 13, 13, 13, 13, 13, 13, 13, 13, 13, 13, 13, 13, 13, 13, 13, 14, 14, 14, 14, 17, 17, 17, 17, 17], "a_turds_left": [5, 5, 5, 5, 5, 5, 5, 5, 5, 5, 5, 5, 5, 5, 5, 5, 5, 5, 5, 5, 4, 4, 4, 4, 4, 4, 4, 4, 4, 4, 4, 4, 4, 4, 4, 4, 4, 4, 4, 4, 4, 4, 4, 4, 4, 4, 4, 4, 4, 4, 4, 4, 4, 4, 4, 4, 4, 4, 4, 4, 4, 4, 4, 4, 4, 4, 4, 4, 4, 4, 4, 4, 4, 4, 4, 4, 4, 4, 4, 4], "b_turds_left": [5, 5, 5, 5, 5, 5, 5, 5, 5, 5, 5, 5, 5, 5, 5, 5, 5, 5, 5, 5, 5, 5, 5, 5, 5, 5, 5, 5, 5, 5, 5, 5, 5, 5, 5, 5, 5, 5, 5, 5, 5, 5, 5, 5, 5, 5, 5, 5, 5, 5, 5, 5, 5, 5, 5, 5, 5, 5, 5, 5, 5, 5, 5, 5, 5, 5, 5, 5, 5, 5, 5, 5, 5, 5, 5, 5, 5, 4, 4, 4], "a_time_left": [359.10308795800665, 359.10308795800665, 358.574075291981, 358.574075291981, 357.4371850419557, 357.4371850419557, 356.90953387494665, 356.90953387494665, 355.5548764159321, 355.5548764159321, 354.1967798318947, 354.1967798318947, 353.19409045687644, 353.19409045687644, 352.4415118318866, 352.4415118318866, 350.7022169989068, 350.7022169989068, 349.8127201659372, 349.8127201659372, 348.7815523739555, 348.7815523739555, 348.1118447489571, 348.1118447489571, 346.68673404096626, 346.68673404096626, 346.2642269159551, 346.2642269159551, 345.69725299900165, 345.69725299900165, 345.1276129570324, 345.1276129570324, 344.5525919570355, 344.5525919570355, 344.23293191503035, 344.23293191503035, 342.74041333206696, 342.74041333206696, 342.1118890400394, 342.1118890400394, 340.3584848320461, 340.3584848320461, 339.8898352490505, 339.8898352490505, 338.8611177490093, 338.8611177490093, 338.6767524990137, 338.6767524990137, 338.16638003999833, 338.16638003999833, 337.5742152069579, 337.5742152069579, 337.0528040819918, 337.0528040819918, 336.79429929098114, 336.79429929098114, 336.6525921660359, 336.6525921660359, 336.3742858750629, 336.3742858750629, 335.97183041705284, 335.97183041705284, 335.8410112920683, 335.8410112920683, 335.775289292098, 335.775289292098, 335.5707221250632, 335.5707221250632, 335.4402134580887, 335.4402134580887, 335.0700696660788, 335.0700696660788, 335.00332045706455, 335.00332045706455, 334.91269991506124, 334.91269991506124, 334.7740057480987, 334.7740057480987, 334.7710618310957, 334.7710618310957], "b_time_left": [360, 359.233754875022, 359.233754875022, 358.6662494170014, 358.6662494170014, 357.8556172499666, 357.8556172499666, 357.28548466594657, 357.28548466594657, 355.964168040955, 355.964168040955, 354.79653074993985, 354.79653074993985, 353.8844688339159, 353.8844688339159, 353.0384003339568, 353.0384003339568, 351.7179790419759, 351.7179790419759, 350.64137433399446, 350.64137433399446, 349.90333683398785, 349.90333683398785, 348.9135810000007, 348.9135810000007, 348.46951600001194, 348.46951600001194, 348.1976937080035, 348.1976937080035, 347.3515100830118, 347.3515100830118, 346.89147179201245, 346.89147179201245, 345.77147554204566, 345.77147554204566, 344.950028375024, 344.950028375024, 343.4081002920284, 343.4081002920284, 342.7459492509952, 342.7459492509952, 341.76175283500925, 341.76175283500925, 341.2101162520121, 341.2101162520121, 340.56102308497066, 340.56102308497066, 340.36209966795286, 340.36209966795286, 340.0809247099678, 340.0809247099678, 338.87288512592204, 338.87288512592204, 338.71686150087044, 338.71686150087044, 338.57813037582673, 338.57813037582673, 338.2534432928078, 338.2534432928078, 337.802277459763, 337.802277459763, 337.5947152937297, 337.5947152937297, 337.49570175172994, 337.49570175172994, 337.37335183576215, 337.37335183576215, 337.2843850857462, 337.2843850857462, 337.1544994187425, 337.1544994187425, 336.9796572517371, 336.9796572517371, 336.84548212675145, 336.84548212675145, 336.7272607937339, 336.7272607937339, 336.70693162677344, 336.70693162677344, 336.7060553347692], "a_moves_left": [39, 39, 38, 38, 37, 37, 36, 36, 35, 35, 34, 34, 33, 33, 32, 32, 31, 31, 30, 30, 29, 29, 28, 28, 27, 27, 26, 26, 25, 25, 24, 24, 23, 23, 22, 22, 21, 21, 20, 20, 19, 19, 18, 18, 17, 17, 16, 16, 15, 15, 14, 14, 13, 13, 12, 12, 11, 11, 10, 10, 9, 9, 8, 8, 7, 7, 6, 6, 5, 5, 4, 4, 3, 3, 2, 2, 1, 1, 0, 0], "b_moves_left": [40, 39, 39, 38, 38, 37, 37, 36, 36, 35, 35, 34, 34, 33, 33, 32, 32, 31, 31, 30, 30, 29, 29, 28, 28, 27, 27, 26, 26, 25, 25, 24, 24, 23, 23, 22, 22, 21, 21, 20, 20, 19, 19, 18, 18, 17, 17, 16, 16, 15, 15, 14, 14, 13, 13, 12, 12, 11, 11, 10, 10, 9, 9, 8, 8, 7, 7, 6, 6, 5, 5, 4, 4, 3, 3, 2, 2, 1, 1, 0], "trapdoor_triggered": [0, 0, 0, 0, 0, 0, 0, 0, 0, 0, 0, 0, 0, 0, 0, 0, 0, 0, 0, 0, 0, 0, 0, 0, 0, 0, 0, 0, 0, 0, 0, 0, 0, 0, 0, 0, 0, 0, 0, 0, 0, 0, 0, 0, 0, 1, 0, 0, 0, 0, 0, 0, 0, 0, 0, 0, 0, 0, 0, 0, 0, 0, 0, 0, 0, 0, 0, 0, 0, 0, 0, 0, 0, 0, 0, 0, 0, 0, 0, 0], "left_behind": ["egg", "egg", "plain", "plain", "egg", "egg", "plain", "plain", "egg", "egg", "plain", "plain", "egg", "egg", "plain", "plain", "egg", "egg", "plain", "plain", "turd", "egg", "plain", "plain", "egg", "egg", "plain", "plain", "plain", "egg", "plain", "plain", "egg", "egg", "plain", "plain", "egg", "egg", "plain", "plain", "egg", "egg", "plain", "plain", "egg", "egg", "plain", "plain", "egg", "plain", "plain", "egg", "egg", "plain", "plain", "plain", "plain", "plain", "plain", "plain", "egg", "plain", "plain", "plain", "plain", "plain", "plain", "plain", "plain", "plain", "plain", "egg", "plain", "plain", "plain", "egg", "egg", "turd", "plain", "plain"], "errlog_a": "", "errlog_b": "", "start_time": 360, "start_moves": 40, "turn_count": 80, "result": 0, "reason": "EGGS_LAID", "trapdoors": [[3, 5], [4, 3]], "spawn_a": [7, 5], "spawn_b": [0, 5]}