{"pos": [[7, 2], [0, 2], [7, 1], [0, 1], [6, 1], [1, 1], [6, 2], [1, 0], [6, 3], [2, 0], [6, 4], [3, 0], [6, 5], [4, 0], [6, 6], [5, 0], [5, 6], [5, 1], [4, 6], [6, 1], [3, 6], [5, 1], [2, 6], [0, 3], [2, 5], [0, 2], [2, 4], [1, 2], [2, 5], [1, 1], [3, 5], [2, 1], [2, 5], [3, 1], [1, 5], [4, 1], [0, 5], [4, 2], [0, 4], [0, 3], [0, 5], [1, 3], [0, 6], [2, 3], [1, 6], [2, 2], [1, 7], [3, 2], [2, 7], [4, 2], [3, 7], [0, 3], [4, 7], [0, 2], [5, 7], [0, 1], [6, 7], [1, 1], [7, 7], [1, 0], [7, 6], [2, 0], [7, 5], [3, 0], [6, 5], [4, 0], [7, 3], [5, 0], [7, 4], [5, 1], [7, 3], [0, 3], [6, 3], [0, 2], [5, 3], [0, 1], [6, 3], [0, 0], [6, 4], [1, 0]], "a_eggs_laid": [1, 1, 1, 1, 2, 2, 2, 2, 3, 3, 3, 3, 4, 4, 4, 4, 5, 5, 5, 5, 6, 6, 6, 6, 11, 11, 11, 11, 12, 12, 12, 12, 13, 13, 13, 13, 14, 14, 14, 14, 19, 19, 19, 19, 20, 20, 20, 20, 21, 21, 21, 21, 26, 26, 26, 26, 27, 27, 27, 27, 30, 30, 30, 30, 31, 31, 31, 31, 31, 31, 31, 31, 35, 35, 35, 35, 36, 36, 36, 36], "b_eggs_laid": [0, 1, 1, 1, 1, 2, 2, 2, 2, 3, 3, 3, 3, 4, 4, 4, 4, 5, 5, 5, 5, 6, 6, 6, 6, 6, 6, 6, 6, 7, 7, 7, 7, 8, 8, 8, 8, 9, 9, 9, 9, 9, 9, 9, 9, 10, 10, 10, 10, 11, 11, 11, 11, 11, 11, 11, 11, 11, 11, 11, 11, 11, 11, 11, 11, 11, 11, 15, 15, 15, 15, 15, 15, 15, 15, 15, 15, 15, 15, 15], "a_turds_left": [5, 5, 5, 5, 5, 5, 5, 5, 5, 5, 5, 5, 5, 5, 5, 5, 5, 5, 5, 5, 5, 5, 5, 5, 5, 5, 5, 5, 5, 5, 5, 5, 5, 5, 5, 5, 5, 5, 5, 5, 5, 5, 5, 5, 5, 5, 5, 5, 5, 5, 5, 5, 5, 5, 5, 5, 5, 5, 5, 5, 5, 5, 5, 5, 5, 5, 5, 5, 5, 5, 5, 5, 5, 5, 5, 5, 5, 5, 5, 5], "b_turds_left": [5, 5, 5, 5, 5, 5, 5, 5, 5, 5, 5, 5, 5, 5, 5, 5, 5, 5, 5, 5, 5, 5, 5, 5, 5, 5, 5, 5, 5, 5, 5, 5, 5, 5, 5, 5, 5, 5, 5, 5, 5, 5, 5, 5, 5, 5, 5, 5, 5, 5, 5, 5, 5, 5, 5, 5, 5, 5, 5, 5, 5, 5, 5, 5, 5, 5, 5, 5, 5, 5, 5, 5, 5, 5, 5, 5, 5, 5, 5, 4], "a_time_left": [359.0694292919943, 359.0694292919943, 358.50325287500164, 358.50325287500164, 357.1707579169888, 357.1707579169888, 356.13486445799936, 356.13486445799936, 354.9066071670386, 354.9066071670386, 354.1007561670267, 354.1007561670267, 352.44767633400625, 352.44767633400625, 351.51461145898793, 351.51461145898793, 350.2241715839482, 350.2241715839482, 349.53224191692425, 349.53224191692425, 348.49276654195273, 348.49276654195273, 347.98707899992587, 347.98707899992587, 347.307081582956, 347.307081582956, 346.76951904193265, 346.76951904193265, 344.9522570419358, 344.9522570419358, 344.42096629197476, 344.42096629197476, 342.06773695896845, 342.06773695896845, 341.1648774589994, 341.1648774589994, 339.45964883401757, 339.45964883401757, 339.10050979303196, 339.10050979303196, 338.9180718760472, 338.9180718760472, 338.6754114180221, 338.6754114180221, 337.94134825101355, 337.94134825101355, 337.5073372509796, 337.5073372509796, 336.7305620429688, 336.7305620429688, 336.45202779298415, 336.45202779298415, 336.2071522929473, 336.2071522929473, 336.0954992509796, 336.0954992509796, 335.83182979299454, 335.83182979299454, 335.7091877099592, 335.7091877099592, 335.5795416269684, 335.5795416269684, 335.47873595997225, 335.47873595997225, 335.18920987599995, 335.18920987599995, 334.9748801679816, 334.9748801679816, 334.8204956679838, 334.8204956679838, 334.60222500097007, 334.60222500097007, 334.47978637594497, 334.47978637594497, 334.27637545991456, 334.27637545991456, 333.7999583349447, 333.7999583349447, 333.7850313769886, 333.7850313769886], "b_time_left": [360, 359.18775504198857, 359.18775504198857, 358.5651505839778, 358.5651505839778, 357.1522061669966, 357.1522061669966, 355.678189291968, 355.678189291968, 354.70751520898193, 354.70751520898193, 353.9030670839711, 353.9030670839711, 352.4706046669744, 352.4706046669744, 351.80430262500886, 351.80430262500886, 350.31303654104704, 350.31303654104704, 349.5827534990385, 349.5827534990385, 348.7847164570121, 348.7847164570121, 348.0297821650165, 348.0297821650165, 347.7161612479831, 347.7161612479831, 347.0725552479853, 347.0725552479853, 345.8603394139791, 345.8603394139791, 344.95255795598496, 344.95255795598496, 343.8735627059941, 343.8735627059941, 342.78207249799743, 342.78207249799743, 341.9384484559414, 341.9384484559414, 341.41837928892346, 341.41837928892346, 341.3089069969137, 341.3089069969137, 340.83089758094866, 340.83089758094866, 340.33166028995765, 340.33166028995765, 339.79232649796177, 339.79232649796177, 339.22547449800186, 339.22547449800186, 338.65321299800416, 338.65321299800416, 338.57963878900046, 338.57963878900046, 338.32142149697756, 338.32142149697756, 338.2302356219734, 338.2302356219734, 337.979102371959, 337.979102371959, 337.8678598719416, 337.8678598719416, 337.45593387191184, 337.45593387191184, 337.29916820587823, 337.29916820587823, 337.14263362286147, 337.14263362286147, 337.0595946648973, 337.0595946648973, 336.817285080906, 336.817285080906, 336.7276067478815, 336.7276067478815, 336.11942391487537, 336.11942391487537, 336.0892617488862, 336.0892617488862, 336.08622779086], "a_moves_left": [39, 39, 38, 38, 37, 37, 36, 36, 35, 35, 34, 34, 33, 33, 32, 32, 31, 31, 30, 30, 29, 29, 28, 28, 27, 27, 26, 26, 25, 25, 24, 24, 23, 23, 22, 22, 21, 21, 20, 20, 19, 19, 18, 18, 17, 17, 16, 16, 15, 15, 14, 14, 13, 13, 12, 12, 11, 11, 10, 10, 9, 9, 8, 8, 7, 7, 6, 6, 5, 5, 4, 4, 3, 3, 2, 2, 1, 1, 0, 0], "b_moves_left": [40, 39, 39, 38, 38, 37, 37, 36, 36, 35, 35, 34, 34, 33, 33, 32, 32, 31, 31, 30, 30, 29, 29, 28, 28, 27, 27, 26, 26, 25, 25, 24, 24, 23, 23, 22, 22, 21, 21, 20, 20, 19, 19, 18, 18, 17, 17, 16, 16, 15, 15, 14, 14, 13, 13, 12, 12, 11, 11, 10, 10, 9, 9, 8, 8, 7, 7, 6, 6, 5, 5, 4, 4, 3, 3, 2, 2, 1, 1, 0], "trapdoor_triggered": [0, 0, 0, 0, 0, 0, 0, 0, 0, 0, 0, 0, 0, 0, 0, 0, 0, 0, 0, 0, 0, 0, 0, 1, 0, 0, 0, 0, 0, 0, 0, 0, 0, 0, 0, 0, 0, 0, 0, 1, 0, 0, 0, 0, 0, 0, 0, 0, 0, 0, 0, 1, 0, 0, 0, 0, 0, 0, 0, 0, 0, 0, 0, 0, 0, 0, 1, 0, 0, 0, 0, 1, 0, 0, 0, 0, 0, 0, 0, 0], "left_behind": ["egg", "egg", "plain", "plain", "egg", "egg", "plain", "plain", "egg", "egg", "plain", "plain", "egg", "egg", "plain", "plain", "egg", "egg", "plain", "plain", "egg", "egg", "plain", "plain", "egg", "plain", "plain", "plain", "egg", "egg", "plain", "plain", "egg", "egg", "plain", "plain", "egg", "egg", "plain", "plain", "egg", "plain", "plain", "plain", "egg", "egg", "plain", "plain", "egg", "egg", "plain", "plain", "egg", "plain", "plain", "plain", "egg", "plain", "plain", "plain", "egg", "plain", "plain", "plain", "egg", "plain", "plain", "plain", "plain", "plain", "plain", "plain", "plain", "plain", "plain", "plain", "egg", "plain", "plain", "turd"], "errlog_a": "", "errlog_b": "", "start_time": 360, "start_moves": 40, "turn_count": 80, "result": 0, "reason": "EGGS_LAID", "trapdoors": [[5, 5], [5, 2]], "spawn_a": [7, 3], "spawn_b": [0, 3]}