{"pos": [[0, 3], [7, 3], [0, 2], [7, 2], [0, 1], [7, 1], [0, 0], [7, 0], [1, 0], [7, 1], [2, 0], [6, 1], [2, 1], [6, 2], [2, 2], [5, 2], [2, 3], [4, 2], [2, 4], [3, 2], [2, 5], [3, 1], [2, 6], [2, 1], [3, 6], [3, 1], [4, 6], [3, 0], [5, 6], [4, 0], [5, 5], [4, 1], [6, 5], [4, 0], [6, 4], [5, 0], [6, 5], [6, 0], [7, 5], [6, 1], [7, 6], [6, 2], [7, 7], [6, 3], [7, 6], [6, 2], [6, 6], [6, 1], [6, 7], [6, 0], [5, 7], [6, 1], [4, 7], [6, 0], [3, 7], [6, 1], [3, 6], [7, 1], [3, 5], [7, 2], [2, 5], [7, 3], [1, 5], [7, 2], [1, 4], [7, 3], [1, 3], [7, 2], [1, 2], [7, 1], [1, 1], [6, 1], [1, 2], [6, 0], [2, 2], [6, 1], [2, 3], [6, 0], [2, 4], [7, 0]], "a_eggs_laid": [1, 1, 1, 1, 2, 2, 2, 2, 5, 5, 5, 5, 6, 6, 6, 6, 7, 7, 7, 7, 8, 8, 8, 8, 9, 9, 9, 9, 10, 10, 10, 10, 11, 11, 11, 11, 12, 12, 12, 12, 13, 13, 13, 13, 16, 16, 16, 16, 17, 17, 17, 17, 18, 18, 18, 18, 19, 19, 19, 19, 20, 20, 20, 20, 21, 21, 21, 21, 22, 22, 22, 22, 23, 23, 23, 23, 23, 23, 23, 23], "b_eggs_laid": [0, 1, 1, 1, 1, 2, 2, 2, 2, 5, 5, 5, 5, 6, 6, 6, 6, 7, 7, 7, 7, 8, 8, 8, 8, 9, 9, 9, 9, 10, 10, 10, 10, 11, 11, 11, 11, 12, 12, 12, 12, 12, 12, 12, 12, 13, 13, 13, 13, 13, 13, 13, 13, 13, 13, 13, 13, 13, 13, 13, 13, 13, 13, 13, 13, 13, 13, 13, 13, 13, 13, 13, 13, 13, 13, 13, 13, 13, 13, 13], "a_turds_left": [5, 5, 5, 5, 5, 5, 5, 5, 5, 5, 5, 5, 5, 5, 5, 5, 5, 5, 5, 5, 5, 5, 5, 5, 5, 5, 5, 5, 5, 5, 5, 5, 5, 5, 5, 5, 5, 5, 5, 5, 5, 5, 5, 5, 5, 5, 5, 5, 5, 5, 5, 5, 5, 5, 5, 5, 5, 5, 5, 5, 5, 5, 5, 5, 5, 5, 5, 5, 5, 5, 5, 5, 5, 5, 5, 5, 5, 5, 5, 5], "b_turds_left": [5, 5, 5, 5, 5, 5, 5, 5, 5, 5, 5, 5, 5, 5, 5, 5, 5, 5, 5, 4, 4, 4, 4, 4, 4, 4, 4, 4, 4, 4, 4, 4, 4, 4, 4, 4, 4, 4, 4, 4, 4, 4, 4, 4, 4, 4, 4, 4, 4, 4, 4, 4, 4, 4, 4, 4, 4, 4, 4, 4, 4, 4, 4, 4, 4, 4, 4, 4, 4, 4, 4, 4, 4, 4, 4, 4, 4, 4, 4, 3], "a_time_left": [358.95343858300475, 358.95343858300475, 358.45686525001656, 358.45686525001656, 357.3342078750138, 357.3342078750138, 356.97106266603805, 356.97106266603805, 356.46976612403523, 356.46976612403523, 356.0542427910259, 356.0542427910259, 354.18842379102716, 354.18842379102716, 353.17403191601625, 353.17403191601625, 350.3481738320552, 350.3481738320552, 349.3437051650253, 349.3437051650253, 347.5337656229967, 347.5337656229967, 346.803165498015, 346.803165498015, 345.39848920697113, 345.39848920697113, 344.6932813739404, 344.6932813739404, 343.970781581942, 343.970781581942, 343.5506011649268, 343.5506011649268, 342.322819289926, 342.322819289926, 342.14992899796925, 342.14992899796925, 341.2757087479695, 341.2757087479695, 341.11880303994985, 341.11880303994985, 340.64482391497586, 340.64482391497586, 340.3162105399533, 340.3162105399533, 339.5193226649426, 339.5193226649426, 339.2981660399237, 339.2981660399237, 338.6225033319206, 338.6225033319206, 338.52577083196957, 338.52577083196957, 338.1738100819639, 338.1738100819639, 338.07020687294425, 338.07020687294425, 337.7414140389301, 337.7414140389301, 337.59305091388524, 337.59305091388524, 337.02678199787624, 337.02678199787624, 336.87648478883784, 336.87648478883784, 336.3869209968252, 336.3869209968252, 336.2416592888185, 336.2416592888185, 335.77260157983983, 335.77260157983983, 335.6618198718061, 335.6618198718061, 335.1663702878286, 335.1663702878286, 335.06889787182445, 335.06889787182445, 334.9193758307956, 334.9193758307956, 334.89646783081116, 334.89646783081116], "b_time_left": [360, 358.9621686669998, 358.9621686669998, 358.3534405840328, 358.3534405840328, 357.5385689170216, 357.5385689170216, 357.0325590420398, 357.0325590420398, 356.1703062080196, 356.1703062080196, 355.4305729579646, 355.4305729579646, 352.8137332079932, 352.8137332079932, 351.7730624169926, 351.7730624169926, 350.16926516703097, 350.16926516703097, 349.4265645840205, 349.4265645840205, 348.47116700105835, 348.47116700105835, 347.6408927090233, 347.6408927090233, 347.2169651260483, 347.2169651260483, 346.4885263760225, 346.4885263760225, 345.8690245010075, 345.8690245010075, 345.2847545419936, 345.2847545419936, 343.99970891699195, 343.99970891699195, 343.48775704199215, 343.48775704199215, 342.8146683339728, 342.8146683339728, 342.4601296670153, 342.4601296670153, 342.1077200000291, 342.1077200000291, 341.67936404101783, 341.67936404101783, 341.12380225001834, 341.12380225001834, 340.33032662502956, 340.33032662502956, 340.1096354170004, 340.1096354170004, 339.7265811249963, 339.7265811249963, 339.55198429198936, 339.55198429198936, 339.15152329194825, 339.15152329194825, 338.9282197499415, 338.9282197499415, 338.47532054194016, 338.47532054194016, 338.28414691693615, 338.28414691693615, 337.85761637595715, 337.85761637595715, 337.66263662598794, 337.66263662598794, 337.2403235009988, 337.2403235009988, 337.10840770899085, 337.10840770899085, 336.7419075840153, 336.7419075840153, 336.64413208398037, 336.64413208398037, 336.54187958396506, 336.54187958396506, 336.51354412495857, 336.51354412495857, 336.51005499996245], "a_moves_left": [39, 39, 38, 38, 37, 37, 36, 36, 35, 35, 34, 34, 33, 33, 32, 32, 31, 31, 30, 30, 29, 29, 28, 28, 27, 27, 26, 26, 25, 25, 24, 24, 23, 23, 22, 22, 21, 21, 20, 20, 19, 19, 18, 18, 17, 17, 16, 16, 15, 15, 14, 14, 13, 13, 12, 12, 11, 11, 10, 10, 9, 9, 8, 8, 7, 7, 6, 6, 5, 5, 4, 4, 3, 3, 2, 2, 1, 1, 0, 0], "b_moves_left": [40, 39, 39, 38, 38, 37, 37, 36, 36, 35, 35, 34, 34, 33, 33, 32, 32, 31, 31, 30, 30, 29, 29, 28, 28, 27, 27, 26, 26, 25, 25, 24, 24, 23, 23, 22, 22, 21, 21, 20, 20, 19, 19, 18, 18, 17, 17, 16, 16, 15, 15, 14, 14, 13, 13, 12, 12, 11, 11, 10, 10, 9, 9, 8, 8, 7, 7, 6, 6, 5, 5, 4, 4, 3, 3, 2, 2, 1, 1, 0], "trapdoor_triggered": [0, 0, 0, 0, 0, 0, 0, 0, 0, 0, 0, 0, 0, 0, 0, 0, 0, 0, 0, 0, 0, 0, 0, 0, 0, 0, 0, 0, 0, 0, 0, 0, 0, 0, 0, 0, 0, 0, 0, 0, 0, 0, 0, 0, 0, 0, 0, 0, 0, 0, 0, 0, 0, 0, 0, 0, 0, 0, 0, 0, 0, 0, 0, 0, 0, 0, 0, 0, 0, 0, 0, 0, 0, 0, 0, 0, 0, 0, 0, 0], "left_behind": ["egg", "egg", "plain", "plain", "egg", "egg", "plain", "plain", "egg", "egg", "plain", "plain", "egg", "egg", "plain", "plain", "egg", "egg", "plain", "turd", "egg", "egg", "plain", "plain", "egg", "egg", "plain", "plain", "egg", "egg", "plain", "plain", "egg", "egg", "plain", "plain", "egg", "egg", "plain", "plain", "egg", "plain", "plain", "plain", "egg", "egg", "plain", "plain", "egg", "plain", "plain", "plain", "egg", "plain", "plain", "plain", "egg", "plain", "plain", "plain", "egg", "plain", "plain", "plain", "egg", "plain", "plain", "plain", "egg", "plain", "plain", "plain", "egg", "plain", "plain", "plain", "plain", "plain", "plain", "turd"], "errlog_a": "", "errlog_b": "", "start_time": 360, "start_moves": 40, "turn_count": 80, "result": 0, "reason": "EGGS_LAID", "trapdoors": [[4, 4], [4, 5]], "spawn_a": [0, 4], "spawn_b": [7, 4]}