{"pos": [[0, 1], [7, 1], [0, 0], [7, 0], [0, 1], [7, 1], [0, 0], [6, 1]], "a_eggs_laid": [0, 0, 0, 0, 0, 0, 0, 0], "b_eggs_laid": [0, 1, 1, 1, 1, 4, 4, 4], "a_turds_left": [5, 5, 5, 5, 5, 5, 4, 4], "b_turds_left": [5, 5, 5, 5, 5, 5, 5, 5], "a_time_left": [358.4747124579735, 358.4747124579735, 356.9692040000227, 356.9692040000227, 355.4665675830329, 355.4665675830329, 353.96103154105367, 353.96103154105367], "b_time_left": [360, 358.8892747909995, 358.8892747909995, 358.2098994999542, 358.2098994999542, 357.06182658293983, 357.06182658293983, 356.55304529092973], "a_moves_left": [39, 39, 38, 38, 37, 37, 36, 36], "b_moves_left": [40, 39, 39, 38, 38, 37, 37, 36], "trapdoor_triggered": [0, 0, 0, 0, 0, 0, 0, 0], "left_behind": ["plain", "egg", "plain", "plain", "plain", "egg", "turd", "plain"], "errlog_a": "Timeout", "errlog_b": "", "start_time": 360, "start_moves": 40, "turn_count": 8, "result": 1, "reason": "CODE_CRASH", "trapdoors": [[4, 4], [2, 5]], "spawn_a": [0, 2], "spawn_b": [7, 2]}