{"pos": [[7, 2], [0, 2], [7, 1], [0, 1], [6, 1], [1, 1], [6, 2], [2, 1], [6, 3], [2, 2], [6, 4], [3, 2], [6, 5], [3, 1], [6, 6], [4, 1], [5, 6], [4, 0], [4, 6], [5, 0], [3, 6], [4, 0], [2, 6], [3, 0], [2, 5], [2, 0], [2, 4], [1, 0], [2, 5], [1, 1], [1, 5], [1, 2], [1, 6], [1, 3], [1, 7], [1, 4], [2, 7], [0, 4], [3, 7], [0, 5], [4, 7], [0, 6], [5, 7], [0, 7], [5, 6], [0, 6], [5, 5], [1, 6], [5, 4], [0, 6], [5, 3], [0, 5], [5, 4], [0, 4], [4, 4], [0, 3], [4, 5], [0, 2], [3, 5], [0, 1], [3, 6], [1, 1], [2, 6], [2, 1], [1, 6], [3, 1], [1, 5], [4, 1], [1, 6], [5, 1], [1, 5], [5, 2], [2, 5], [4, 2], [2, 6], [3, 2], [3, 6], [3, 1], [4, 6], [3, 0]], "a_eggs_laid": [1, 1, 1, 1, 2, 2, 2, 2, 3, 3, 3, 3, 4, 4, 4, 4, 5, 5, 5, 5, 6, 6, 6, 6, 7, 7, 7, 7, 8, 8, 8, 8, 9, 9, 9, 9, 10, 10, 10, 10, 11, 11, 11, 11, 12, 12, 12, 12, 13, 13, 13, 13, 14, 14, 14, 14, 15, 15, 15, 15, 16, 16, 16, 16, 16, 16, 16, 16, 16, 16, 16, 16, 16, 16, 16, 16, 16, 16, 16, 16], "b_eggs_laid": [0, 1, 1, 1, 1, 2, 2, 2, 2, 3, 3, 3, 3, 4, 4, 4, 4, 5, 5, 5, 5, 6, 6, 6, 6, 7, 7, 7, 7, 8, 8, 8, 8, 9, 9, 9, 9, 10, 10, 10, 10, 11, 11, 11, 11, 14, 14, 14, 14, 14, 14, 14, 14, 14, 14, 14, 14, 14, 14, 14, 14, 14, 14, 14, 14, 14, 14, 14, 14, 14, 14, 14, 14, 15, 15, 15, 15, 15, 15, 15], "a_turds_left": [5, 5, 5, 5, 5, 5, 5, 5, 5, 5, 5, 5, 5, 5, 5, 5, 5, 5, 5, 5, 5, 5, 5, 5, 5, 5, 5, 5, 5, 5, 5, 5, 5, 5, 5, 5, 5, 5, 5, 5, 5, 5, 5, 5, 5, 5, 5, 5, 5, 5, 5, 5, 5, 5, 5, 5, 5, 5, 5, 5, 5, 5, 5, 5, 5, 5, 5, 5, 5, 5, 5, 5, 5, 5, 5, 5, 5, 5, 5, 5], "b_turds_left": [5, 5, 5, 5, 5, 5, 5, 5, 5, 5, 5, 5, 5, 5, 5, 5, 5, 5, 5, 5, 5, 5, 5, 5, 5, 5, 5, 5, 5, 5, 5, 5, 5, 5, 5, 5, 5, 5, 5, 5, 5, 5, 5, 5, 5, 5, 5, 5, 5, 5, 5, 5, 5, 5, 5, 5, 5, 5, 5, 5, 5, 5, 5, 5, 5, 5, 5, 5, 5, 5, 5, 5, 5, 5, 5, 5, 5, 5, 5, 4], "a_time_left": [358.727589541988, 358.727589541988, 358.152730916976, 358.152730916976, 356.5563591669779, 356.5563591669779, 355.61127133399714, 355.61127133399714, 352.90990229300223, 352.90990229300223, 351.601559584029, 351.601559584029, 348.9232055010507, 348.9232055010507, 347.9594999590772, 347.9594999590772, 345.53626825107494, 345.53626825107494, 344.93333566805813, 344.93333566805813, 343.07254470908083, 343.07254470908083, 342.42985100107035, 342.42985100107035, 340.6138471670565, 340.6138471670565, 340.0090345420758, 340.0090345420758, 338.1542514170287, 338.1542514170287, 337.433530875016, 337.433530875016, 335.004577292013, 335.004577292013, 334.5461793760187, 334.5461793760187, 333.9990702510113, 333.9990702510113, 333.7994750009966, 333.7994750009966, 333.38037325104233, 333.38037325104233, 333.21484520903323, 333.21484520903323, 332.976548917999, 332.976548917999, 332.83523612702265, 332.83523612702265, 332.41889766801614, 332.41889766801614, 332.2507912089932, 332.2507912089932, 331.98892050096765, 331.98892050096765, 331.8582863759366, 331.8582863759366, 331.24320941691985, 331.24320941691985, 331.02340879192343, 331.02340879192343, 330.47687729197787, 330.47687729197787, 330.22418579197256, 330.22418579197256, 329.9751062919386, 329.9751062919386, 329.7926814169623, 329.7926814169623, 329.6494072919595, 329.6494072919595, 329.4113139589317, 329.4113139589317, 329.1833153759362, 329.1833153759362, 328.93951920891413, 328.93951920891413, 328.6608035839163, 328.6608035839163, 328.6233286248753, 328.6233286248753], "b_time_left": [360, 358.89321554196067, 358.89321554196067, 358.20707462495193, 358.20707462495193, 356.8464944169973, 356.8464944169973, 355.6497381249792, 355.6497381249792, 353.6483881669701, 353.6483881669701, 352.2736409169738, 352.2736409169738, 350.35961329197744, 350.35961329197744, 349.4926784170093, 349.4926784170093, 348.3621671249857, 348.3621671249857, 347.4790387089597, 347.4790387089597, 346.47253904200625, 346.47253904200625, 345.55796654196456, 345.55796654196456, 343.62848241697066, 343.62848241697066, 343.0875128749758, 343.0875128749758, 341.993025041942, 341.993025041942, 340.7632517499733, 340.7632517499733, 339.1413350419607, 339.1413350419607, 338.6350599589641, 338.6350599589641, 338.0877914589946, 338.0877914589946, 337.71515829197597, 337.71515829197597, 337.3809745829785, 337.3809745829785, 337.0828728749766, 337.0828728749766, 336.85844691697275, 336.85844691697275, 336.45814887597226, 336.45814887597226, 336.18051466799807, 336.18051466799807, 335.8272528759553, 335.8272528759553, 335.7189355009468, 335.7189355009468, 335.36645454296377, 335.36645454296377, 335.22497579298215, 335.22497579298215, 334.8820437520044, 334.8820437520044, 334.8135293360101, 334.8135293360101, 334.64422087796265, 334.64422087796265, 334.537360377959, 334.537360377959, 334.41829366999445, 334.41829366999445, 334.3084752529394, 334.3084752529394, 334.20276746188756, 334.20276746188756, 334.09199887886643, 334.09199887886643, 333.9006720458856, 333.9006720458856, 333.8502566709067, 333.8502566709067, 333.84333987889113], "a_moves_left": [39, 39, 38, 38, 37, 37, 36, 36, 35, 35, 34, 34, 33, 33, 32, 32, 31, 31, 30, 30, 29, 29, 28, 28, 27, 27, 26, 26, 25, 25, 24, 24, 23, 23, 22, 22, 21, 21, 20, 20, 19, 19, 18, 18, 17, 17, 16, 16, 15, 15, 14, 14, 13, 13, 12, 12, 11, 11, 10, 10, 9, 9, 8, 8, 7, 7, 6, 6, 5, 5, 4, 4, 3, 3, 2, 2, 1, 1, 0, 0], "b_moves_left": [40, 39, 39, 38, 38, 37, 37, 36, 36, 35, 35, 34, 34, 33, 33, 32, 32, 31, 31, 30, 30, 29, 29, 28, 28, 27, 27, 26, 26, 25, 25, 24, 24, 23, 23, 22, 22, 21, 21, 20, 20, 19, 19, 18, 18, 17, 17, 16, 16, 15, 15, 14, 14, 13, 13, 12, 12, 11, 11, 10, 10, 9, 9, 8, 8, 7, 7, 6, 6, 5, 5, 4, 4, 3, 3, 2, 2, 1, 1, 0], "trapdoor_triggered": [0, 0, 0, 0, 0, 0, 0, 0, 0, 0, 0, 0, 0, 0, 0, 0, 0, 0, 0, 0, 0, 0, 0, 0, 0, 0, 0, 0, 0, 0, 0, 0, 0, 0, 0, 0, 0, 0, 0, 0, 0, 0, 0, 0, 0, 0, 0, 0, 0, 0, 0, 0, 0, 0, 0, 0, 0, 0, 0, 0, 0, 0, 0, 0, 0, 0, 0, 0, 0, 0, 0, 0, 0, 0, 0, 0, 0, 0, 0, 0], "left_behind": ["egg", "egg", "plain", "plain", "egg", "egg", "plain", "plain", "egg", "egg", "plain", "plain", "egg", "egg", "plain", "plain", "egg", "egg", "plain", "plain", "egg", "egg", "plain", "plain", "egg", "egg", "plain", "plain", "egg", "egg", "plain", "plain", "egg", "egg", "plain", "plain", "egg", "egg", "plain", "plain", "egg", "egg", "plain", "plain", "egg", "egg", "plain", "plain", "egg", "plain", "plain", "plain", "egg", "plain", "plain", "plain", "egg", "plain", "plain", "plain", "egg", "plain", "plain", "plain", "plain", "plain", "plain", "plain", "plain", "plain", "plain", "plain", "plain", "egg", "plain", "plain", "plain", "plain", "plain", "turd"], "errlog_a": "", "errlog_b": "", "start_time": 360, "start_moves": 40, "turn_count": 80, "result": 0, "reason": "EGGS_LAID", "trapdoors": [[3, 3], [2, 3]], "spawn_a": [7, 3], "spawn_b": [0, 3]}