{"pos": [[7, 4], [0, 4], [7, 3], [0, 3], [7, 2], [0, 2], [7, 1], [0, 1], [7, 2], [1, 1], [6, 2], [1, 0], [6, 1], [2, 0], [6, 0], [3, 0], [6, 1], [4, 0], [5, 1], [4, 1], [5, 0], [4, 0], [6, 0], [5, 0], [6, 1], [4, 0], [6, 2], [3, 0], [6, 3], [3, 1], [6, 4], [2, 1], [6, 3], [2, 2], [7, 5], [0, 5], [7, 6], [0, 4], [7, 7], [1, 4], [7, 6], [1, 3], [6, 6], [1, 2], [6, 7], [2, 2], [5, 7], [0, 5], [5, 6], [1, 5], [4, 6], [2, 5], [4, 5], [3, 5], [4, 4], [3, 4], [5, 4], [3, 3], [5, 5], [3, 2], [5, 6], [3, 1], [6, 6], [2, 1], [6, 5], [2, 0], [6, 4], [2, 1], [6, 3], [3, 1], [6, 4], [2, 1], [6, 3], [3, 1], [6, 4], [2, 1], [6, 3], [2, 0], [6, 2], [3, 0]], "a_eggs_laid": [1, 1, 1, 1, 2, 2, 2, 2, 3, 3, 3, 3, 4, 4, 4, 4, 5, 5, 5, 5, 6, 6, 6, 6, 6, 6, 6, 6, 6, 6, 6, 6, 7, 7, 7, 7, 11, 11, 11, 11, 14, 14, 14, 14, 15, 15, 15, 15, 20, 20, 20, 20, 21, 21, 21, 21, 22, 22, 22, 22, 23, 23, 23, 23, 23, 23, 23, 23, 23, 23, 23, 23, 23, 23, 23, 23, 23, 23, 23, 23], "b_eggs_laid": [0, 1, 1, 1, 1, 2, 2, 2, 2, 3, 3, 3, 3, 4, 4, 4, 4, 5, 5, 5, 5, 5, 5, 5, 5, 6, 6, 6, 6, 6, 6, 6, 6, 7, 7, 11, 11, 11, 11, 11, 11, 12, 12, 12, 12, 13, 13, 13, 13, 13, 13, 13, 13, 14, 14, 14, 14, 15, 15, 15, 15, 16, 16, 16, 16, 16, 16, 16, 16, 16, 16, 16, 16, 16, 16, 16, 16, 16, 16, 16], "a_turds_left": [5, 5, 5, 5, 5, 5, 5, 5, 5, 5, 5, 5, 5, 5, 5, 5, 5, 5, 5, 5, 5, 5, 5, 5, 5, 5, 5, 5, 5, 5, 5, 5, 5, 5, 5, 5, 5, 5, 5, 5, 5, 5, 5, 5, 5, 5, 5, 5, 5, 5, 5, 5, 5, 5, 5, 5, 5, 5, 4, 4, 4, 4, 4, 4, 4, 4, 4, 4, 4, 4, 4, 4, 4, 4, 4, 4, 4, 4, 4, 4], "b_turds_left": [5, 5, 5, 5, 5, 5, 5, 5, 5, 5, 5, 5, 5, 5, 5, 5, 5, 5, 5, 5, 5, 4, 4, 4, 4, 4, 4, 4, 4, 4, 4, 4, 4, 4, 4, 4, 4, 4, 4, 4, 4, 4, 4, 4, 4, 4, 4, 4, 4, 4, 4, 4, 4, 4, 4, 3, 3, 3, 3, 3, 3, 3, 3, 3, 3, 3, 3, 3, 3, 3, 3, 3, 3, 3, 3, 3, 3, 3, 3, 2], "a_time_left": [359.0847928330186, 359.0847928330186, 358.5419551660307, 358.5419551660307, 357.6626373330364, 357.6626373330364, 357.10308037500363, 357.10308037500363, 356.19561200001044, 356.19561200001044, 355.45531962497625, 355.45531962497625, 354.3089164169505, 354.3089164169505, 353.5461454169126, 353.5461454169126, 352.7088124589063, 352.7088124589063, 352.32572983391583, 352.32572983391583, 351.8800852508866, 351.8800852508866, 351.86552804289386, 351.86552804289386, 351.8098479178734, 351.8098479178734, 351.7160499598831, 351.7160499598831, 351.55923245986924, 351.55923245986924, 350.9525735848583, 350.9525735848583, 349.75623129383894, 349.75623129383894, 349.1903814608231, 349.1903814608231, 349.06035946082557, 349.06035946082557, 348.7486428358243, 348.7486428358243, 348.18786787678255, 348.18786787678255, 347.8112865858129, 347.8112865858129, 346.8018653768231, 346.8018653768231, 346.505608043808, 346.505608043808, 346.22509396082023, 346.22509396082023, 345.6309452528367, 345.6309452528367, 344.4798201278318, 344.4798201278318, 344.3199304198497, 344.3199304198497, 343.9965683358605, 343.9965683358605, 343.71534991887165, 343.71534991887165, 342.52300504385494, 342.52300504385494, 342.359584543854, 342.359584543854, 342.1746314188349, 342.1746314188349, 342.0473505858681, 342.0473505858681, 341.872011626896, 341.872011626896, 341.74056783592096, 341.74056783592096, 341.5669281699229, 341.5669281699229, 341.4346023359103, 341.4346023359103, 341.2572435858892, 341.2572435858892, 341.2407550449134, 341.2407550449134], "b_time_left": [360, 359.1931049580453, 359.1931049580453, 358.6086110830656, 358.6086110830656, 357.8000659160898, 357.8000659160898, 357.2040817910456, 357.2040817910456, 356.491751958034, 356.491751958034, 355.3286994580412, 355.3286994580412, 354.3478804580518, 354.3478804580518, 353.7426472080406, 353.7426472080406, 352.96966337400954, 352.96966337400954, 352.5916441240115, 352.5916441240115, 352.32480279001174, 352.32480279001174, 352.2296869569691, 352.2296869569691, 352.13909291499294, 352.13909291499294, 351.9071043310105, 351.9071043310105, 351.41978937305976, 351.41978937305976, 350.1148849980673, 350.1148849980673, 348.7000043730368, 348.7000043730368, 348.2595101650804, 348.2595101650804, 348.0592273740913, 348.0592273740913, 347.73564945708495, 347.73564945708495, 346.7505145400646, 346.7505145400646, 345.9545983730932, 345.9545983730932, 345.29442633211147, 345.29442633211147, 344.64662533212686, 344.64662533212686, 344.34377316513564, 344.34377316513564, 343.62342533213086, 343.62342533213086, 342.385211041139, 342.385211041139, 341.942612333165, 341.942612333165, 341.22806808311725, 341.22806808311725, 340.65876724914415, 340.65876724914415, 340.21453508309787, 340.21453508309787, 339.9393375411164, 339.9393375411164, 339.8304687910713, 339.8304687910713, 339.6776035830844, 339.6776035830844, 339.412273624097, 339.412273624097, 339.2177945401054, 339.2177945401054, 338.921657165105, 338.921657165105, 338.7122706650989, 338.7122706650989, 338.6571976231062, 338.6571976231062, 338.6540099980775], "a_moves_left": [39, 39, 38, 38, 37, 37, 36, 36, 35, 35, 34, 34, 33, 33, 32, 32, 31, 31, 30, 30, 29, 29, 28, 28, 27, 27, 26, 26, 25, 25, 24, 24, 23, 23, 22, 22, 21, 21, 20, 20, 19, 19, 18, 18, 17, 17, 16, 16, 15, 15, 14, 14, 13, 13, 12, 12, 11, 11, 10, 10, 9, 9, 8, 8, 7, 7, 6, 6, 5, 5, 4, 4, 3, 3, 2, 2, 1, 1, 0, 0], "b_moves_left": [40, 39, 39, 38, 38, 37, 37, 36, 36, 35, 35, 34, 34, 33, 33, 32, 32, 31, 31, 30, 30, 29, 29, 28, 28, 27, 27, 26, 26, 25, 25, 24, 24, 23, 23, 22, 22, 21, 21, 20, 20, 19, 19, 18, 18, 17, 17, 16, 16, 15, 15, 14, 14, 13, 13, 12, 12, 11, 11, 10, 10, 9, 9, 8, 8, 7, 7, 6, 6, 5, 5, 4, 4, 3, 3, 2, 2, 1, 1, 0], "trapdoor_triggered": [0, 0, 0, 0, 0, 0, 0, 0, 0, 0, 0, 0, 0, 0, 0, 0, 0, 0, 0, 0, 0, 0, 0, 0, 0, 0, 0, 0, 0, 0, 0, 0, 0, 0, 1, 1, 0, 0, 0, 0, 0, 0, 0, 0, 0, 0, 0, 1, 0, 0, 0, 0, 0, 0, 0, 0, 0, 0, 0, 0, 0, 0, 0, 0, 0, 0, 0, 0, 0, 0, 0, 0, 0, 0, 0, 0, 0, 0, 0, 0], "left_behind": ["egg", "egg", "plain", "plain", "egg", "egg", "plain", "plain", "egg", "egg", "plain", "plain", "egg", "egg", "plain", "plain", "egg", "egg", "plain", "plain", "egg", "turd", "plain", "plain", "plain", "egg", "plain", "plain", "plain", "plain", "plain", "plain", "egg", "egg", "plain", "plain", "plain", "plain", "plain", "plain", "egg", "egg", "plain", "plain", "egg", "egg", "plain", "plain", "egg", "plain", "plain", "plain", "egg", "egg", "plain", "turd", "egg", "egg", "turd", "plain", "egg", "egg", "plain", "plain", "plain", "plain", "plain", "plain", "plain", "plain", "plain", "plain", "plain", "plain", "plain", "plain", "plain", "plain", "plain", "turd"], "errlog_a": "", "errlog_b": "", "start_time": 360, "start_moves": 40, "turn_count": 80, "result": 0, "reason": "EGGS_LAID", "trapdoors": [[5, 3], [2, 3]], "spawn_a": [7, 5], "spawn_b": [0, 5]}