{"pos": [[7, 2], [0, 2], [7, 1], [0, 1], [6, 1], [1, 1], [6, 2], [1, 2], [6, 3], [2, 2], [6, 4], [3, 2], [6, 5], [3, 1], [6, 6], [3, 0], [5, 6], [4, 0], [4, 6], [5, 0], [3, 6], [5, 1], [2, 6], [5, 2], [1, 6], [5, 1], [1, 5], [6, 1], [2, 5], [5, 1], [2, 4], [4, 1], [7, 3], [3, 1], [7, 4], [2, 1], [7, 5], [2, 0], [6, 5], [1, 0], [5, 5], [2, 0], [4, 5], [3, 0], [3, 5], [4, 0], [7, 3], [5, 0], [7, 4], [5, 1], [7, 3], [5, 2], [7, 4], [5, 3], [6, 4], [5, 4], [6, 5], [4, 4], [5, 5], [4, 3], [5, 6], [4, 2], [5, 7], [4, 1], [4, 7], [4, 0], [3, 7], [5, 0], [2, 7], [5, 1], [1, 7], [5, 0], [1, 6], [5, 1], [0, 6], [5, 0], [0, 5], [4, 0], [0, 4], [3, 0]], "a_eggs_laid": [1, 1, 1, 1, 2, 2, 2, 2, 3, 3, 3, 3, 4, 4, 4, 4, 5, 5, 5, 5, 6, 6, 6, 6, 7, 7, 7, 7, 8, 8, 8, 8, 9, 9, 9, 9, 9, 9, 10, 10, 10, 10, 11, 11, 11, 11, 12, 12, 12, 12, 12, 12, 12, 12, 12, 12, 12, 12, 12, 12, 12, 12, 12, 12, 13, 13, 13, 13, 14, 14, 14, 14, 15, 15, 15, 15, 16, 16, 16, 16], "b_eggs_laid": [0, 1, 1, 1, 1, 2, 2, 2, 2, 3, 3, 3, 3, 4, 4, 4, 4, 5, 5, 5, 5, 6, 6, 6, 6, 7, 7, 7, 7, 8, 8, 8, 8, 13, 13, 13, 13, 14, 14, 14, 14, 15, 15, 15, 15, 15, 15, 19, 19, 19, 19, 19, 19, 19, 19, 19, 19, 20, 20, 20, 20, 21, 21, 21, 21, 21, 21, 21, 21, 21, 21, 21, 21, 21, 21, 21, 21, 21, 21, 21], "a_turds_left": [5, 5, 5, 5, 5, 5, 5, 5, 5, 5, 5, 5, 5, 5, 5, 5, 5, 5, 5, 5, 5, 5, 5, 5, 5, 5, 5, 5, 5, 5, 5, 5, 5, 5, 5, 5, 5, 5, 5, 5, 5, 5, 5, 5, 5, 5, 5, 5, 5, 5, 5, 5, 5, 5, 5, 5, 5, 5, 5, 5, 5, 5, 5, 5, 5, 5, 5, 5, 5, 5, 5, 5, 5, 5, 5, 5, 5, 5, 5, 5], "b_turds_left": [5, 5, 5, 5, 5, 5, 5, 5, 5, 5, 5, 5, 5, 5, 5, 5, 5, 5, 5, 5, 5, 5, 5, 5, 5, 5, 5, 5, 5, 5, 5, 5, 5, 5, 5, 5, 5, 5, 5, 5, 5, 5, 5, 5, 5, 5, 5, 5, 5, 5, 5, 5, 5, 5, 5, 5, 5, 5, 5, 4, 4, 4, 4, 4, 4, 4, 4, 4, 4, 4, 4, 4, 4, 4, 4, 4, 4, 4, 4, 3], "a_time_left": [358.81531633401755, 358.81531633401755, 358.2671457090182, 358.2671457090182, 356.7443215009989, 356.7443215009989, 355.83871054300107, 355.83871054300107, 353.22460816800594, 353.22460816800594, 351.850689834042, 351.850689834042, 349.1025055840728, 349.1025055840728, 347.8383522920776, 347.8383522920776, 345.8598266670597, 345.8598266670597, 344.99165404203814, 344.99165404203814, 343.1035662510549, 343.1035662510549, 342.05857587605715, 342.05857587605715, 340.1082797930576, 340.1082797930576, 339.42676433507586, 339.42676433507586, 337.9171033760649, 337.9171033760649, 337.21120454301126, 337.21120454301126, 334.69518783397507, 334.69518783397507, 334.44365454197396, 334.44365454197396, 333.77631220791955, 333.77631220791955, 333.30580545787234, 333.30580545787234, 332.78731483290903, 332.78731483290903, 332.39960479090223, 332.39960479090223, 332.10571320791496, 332.10571320791496, 331.68851908290526, 331.68851908290526, 331.55715199990664, 331.55715199990664, 331.43053162493743, 331.43053162493743, 331.31206945795566, 331.31206945795566, 331.0585432489752, 331.0585432489752, 330.8403910819907, 330.8403910819907, 330.5042618740117, 330.5042618740117, 330.2185625830316, 330.2185625830316, 329.98640979104675, 329.98640979104675, 329.5464895410114, 329.5464895410114, 329.44600812502904, 329.44600812502904, 329.204569583002, 329.204569583002, 329.09963395801606, 329.09963395801606, 328.9162868739804, 328.9162868739804, 328.7627070409362, 328.7627070409362, 328.5599058329244, 328.5599058329244, 328.5434664579225, 328.5434664579225], "b_time_left": [360, 358.88413062499603, 358.88413062499603, 358.2684330000193, 358.2684330000193, 356.89965770900017, 356.89965770900017, 355.9418369589839, 355.9418369589839, 353.8210583339678, 353.8210583339678, 352.7651141669485, 352.7651141669485, 350.9848601249978, 350.9848601249978, 350.03213570895605, 350.03213570895605, 348.87141383398557, 348.87141383398557, 348.35497225099243, 348.35497225099243, 347.33073633397, 347.33073633397, 346.6363583339844, 346.6363583339844, 345.5988572919741, 345.5988572919741, 344.9160252090078, 344.9160252090078, 344.10594716703054, 344.10594716703054, 343.4654954590369, 343.4654954590369, 342.91428695898503, 342.91428695898503, 342.4597031669691, 342.4597031669691, 340.99116220895667, 340.99116220895667, 340.6444000839838, 340.6444000839838, 340.01950983394636, 340.01950983394636, 339.58234695892315, 339.58234695892315, 339.3717822919716, 339.3717822919716, 339.1661326669273, 339.1661326669273, 339.0688524998841, 339.0688524998841, 338.82345679186983, 338.82345679186983, 338.7205481248675, 338.7205481248675, 338.52689041686244, 338.52689041686244, 338.3030860828585, 338.3030860828585, 338.1071841248777, 338.1071841248777, 337.7478149998933, 337.7478149998933, 337.26341641688487, 337.26341641688487, 337.07084995886544, 337.07084995886544, 336.6612517918693, 336.6612517918693, 336.61030408384977, 336.61030408384977, 336.2494356248644, 336.2494356248644, 336.17919237486785, 336.17919237486785, 335.8547323748353, 335.8547323748353, 335.7998990828055, 335.7998990828055, 335.7973571657785], "a_moves_left": [39, 39, 38, 38, 37, 37, 36, 36, 35, 35, 34, 34, 33, 33, 32, 32, 31, 31, 30, 30, 29, 29, 28, 28, 27, 27, 26, 26, 25, 25, 24, 24, 23, 23, 22, 22, 21, 21, 20, 20, 19, 19, 18, 18, 17, 17, 16, 16, 15, 15, 14, 14, 13, 13, 12, 12, 11, 11, 10, 10, 9, 9, 8, 8, 7, 7, 6, 6, 5, 5, 4, 4, 3, 3, 2, 2, 1, 1, 0, 0], "b_moves_left": [40, 39, 39, 38, 38, 37, 37, 36, 36, 35, 35, 34, 34, 33, 33, 32, 32, 31, 31, 30, 30, 29, 29, 28, 28, 27, 27, 26, 26, 25, 25, 24, 24, 23, 23, 22, 22, 21, 21, 20, 20, 19, 19, 18, 18, 17, 17, 16, 16, 15, 15, 14, 14, 13, 13, 12, 12, 11, 11, 10, 10, 9, 9, 8, 8, 7, 7, 6, 6, 5, 5, 4, 4, 3, 3, 2, 2, 1, 1, 0], "trapdoor_triggered": [0, 0, 0, 0, 0, 0, 0, 0, 0, 0, 0, 0, 0, 0, 0, 0, 0, 0, 0, 0, 0, 0, 0, 0, 0, 0, 0, 0, 0, 0, 0, 0, 1, 0, 0, 0, 0, 0, 0, 0, 0, 0, 0, 0, 0, 0, 1, 0, 0, 0, 0, 0, 0, 0, 0, 0, 0, 0, 0, 0, 0, 0, 0, 0, 0, 0, 0, 0, 0, 0, 0, 0, 0, 0, 0, 0, 0, 0, 0, 0], "left_behind": ["egg", "egg", "plain", "plain", "egg", "egg", "plain", "plain", "egg", "egg", "plain", "plain", "egg", "egg", "plain", "plain", "egg", "egg", "plain", "plain", "egg", "egg", "plain", "plain", "egg", "egg", "plain", "plain", "egg", "egg", "plain", "plain", "egg", "egg", "plain", "plain", "plain", "egg", "egg", "plain", "plain", "egg", "egg", "plain", "plain", "plain", "egg", "plain", "plain", "plain", "plain", "plain", "plain", "plain", "plain", "plain", "plain", "egg", "plain", "turd", "plain", "egg", "plain", "plain", "egg", "plain", "plain", "plain", "egg", "plain", "plain", "plain", "egg", "plain", "plain", "plain", "egg", "plain", "plain", "turd"], "errlog_a": "", "errlog_b": "", "start_time": 360, "start_moves": 40, "turn_count": 80, "result": 1, "reason": "EGGS_LAID", "trapdoors": [[3, 3], [3, 4]], "spawn_a": [7, 3], "spawn_b": [0, 3]}