{"pos": [[7, 4], [0, 4], [7, 3], [0, 3], [7, 2], [0, 2], [7, 1], [0, 1], [6, 1], [1, 1], [6, 2], [1, 0], [5, 2], [2, 0], [6, 2], [3, 0], [6, 3], [4, 0], [6, 4], [5, 0], [6, 5], [5, 1], [6, 6], [6, 1], [5, 6], [5, 1], [4, 6], [5, 2], [3, 6], [5, 1], [2, 6], [4, 1], [7, 5], [3, 1], [6, 5], [3, 2], [5, 5], [3, 1], [4, 5], [2, 1], [3, 5], [2, 2], [4, 5], [2, 3], [4, 4], [2, 2], [3, 4], [1, 2], [2, 4], [1, 1], [1, 4], [1, 0], [1, 5], [1, 1], [1, 6], [1, 0], [1, 7], [2, 0], [2, 7], [3, 0], [3, 7], [4, 0], [4, 7], [5, 0], [5, 7], [5, 1], [5, 6], [5, 0], [5, 5], [5, 1], [5, 4], [5, 0], [4, 4], [6, 0], [5, 4], [7, 0], [6, 4], [6, 0], [6, 3], [7, 0]], "a_eggs_laid": [1, 1, 1, 1, 2, 2, 2, 2, 3, 3, 3, 3, 4, 4, 4, 4, 4, 4, 4, 4, 5, 5, 5, 5, 6, 6, 6, 6, 7, 7, 7, 7, 8, 8, 8, 8, 8, 8, 9, 9, 9, 9, 10, 10, 10, 10, 11, 11, 11, 11, 12, 12, 12, 12, 13, 13, 13, 13, 14, 14, 14, 14, 15, 15, 15, 15, 16, 16, 16, 16, 16, 16, 16, 16, 16, 16, 16, 16, 16, 16], "b_eggs_laid": [0, 1, 1, 1, 1, 2, 2, 2, 2, 3, 3, 3, 3, 4, 4, 4, 4, 5, 5, 5, 5, 6, 6, 6, 6, 7, 7, 7, 7, 8, 8, 8, 8, 13, 13, 13, 13, 14, 14, 14, 14, 15, 15, 15, 15, 16, 16, 16, 16, 17, 17, 17, 17, 17, 17, 17, 17, 17, 17, 17, 17, 17, 17, 17, 17, 17, 17, 17, 17, 17, 17, 17, 17, 17, 17, 17, 17, 17, 17, 17], "a_turds_left": [5, 5, 5, 5, 5, 5, 5, 5, 5, 5, 5, 5, 5, 5, 5, 5, 5, 5, 5, 5, 5, 5, 5, 5, 5, 5, 5, 5, 5, 5, 5, 5, 5, 5, 5, 5, 5, 5, 5, 5, 5, 5, 5, 5, 5, 5, 5, 5, 4, 4, 4, 4, 3, 3, 3, 3, 3, 3, 3, 3, 3, 3, 3, 3, 3, 3, 3, 3, 3, 3, 3, 3, 3, 3, 3, 3, 3, 3, 3, 3], "b_turds_left": [5, 5, 5, 5, 5, 5, 5, 5, 5, 5, 5, 5, 5, 5, 5, 5, 5, 5, 5, 5, 5, 5, 5, 5, 5, 5, 5, 5, 5, 5, 5, 5, 5, 5, 5, 5, 5, 5, 5, 5, 5, 5, 5, 5, 5, 5, 5, 5, 5, 5, 5, 5, 5, 5, 5, 5, 5, 5, 5, 5, 5, 5, 5, 5, 5, 5, 5, 5, 5, 5, 5, 5, 5, 5, 5, 5, 5, 4, 4, 4], "a_time_left": [358.79550799995195, 358.79550799995195, 358.2548963749432, 358.2548963749432, 356.8499517919263, 356.8499517919263, 356.2756211249507, 356.2756211249507, 354.7500949999667, 354.7500949999667, 353.72318754094886, 353.72318754094886, 351.90123116597533, 351.90123116597533, 351.37311329098884, 351.37311329098884, 350.82487095700344, 350.82487095700344, 350.2969367480255, 350.2969367480255, 348.0689801229746, 348.0689801229746, 347.3978064979892, 347.3978064979892, 346.0476826649974, 346.0476826649974, 345.35494037298486, 345.35494037298486, 344.035771623021, 344.035771623021, 343.5661974559771, 343.5661974559771, 341.8094008729677, 341.8094008729677, 341.4825344149722, 341.4825344149722, 340.4697392900125, 340.4697392900125, 339.2890520400251, 339.2890520400251, 338.2038724150625, 338.2038724150625, 337.3954713320127, 337.3954713320127, 336.4811963730026, 336.4811963730026, 335.5426031650277, 335.5426031650277, 334.6626231650007, 334.6626231650007, 334.54276745702373, 334.54276745702373, 334.3829076230177, 334.3829076230177, 334.1780218729982, 334.1780218729982, 334.01424049795605, 334.01424049795605, 333.8032634559204, 333.8032634559204, 333.67308349790983, 333.67308349790983, 333.45712858089246, 333.45712858089246, 333.3191332059214, 333.3191332059214, 333.0845297059277, 333.0845297059277, 332.8925364558818, 332.8925364558818, 332.6552400808432, 332.6552400808432, 332.5055241228547, 332.5055241228547, 332.3925812058151, 332.3925812058151, 332.2517572467914, 332.2517572467914, 332.23953366378555, 332.23953366378555], "b_time_left": [360, 359.18176074995426, 359.18176074995426, 358.5794705419685, 358.5794705419685, 357.7448659170186, 357.7448659170186, 357.13675458403304, 357.13675458403304, 355.83687400101917, 355.83687400101917, 354.6501100010355, 354.6501100010355, 353.4337732089916, 353.4337732089916, 353.09730904200114, 353.09730904200114, 351.91673037502915, 351.91673037502915, 350.91570887499256, 350.91570887499256, 349.4678534169798, 349.4678534169798, 348.5532139589777, 348.5532139589777, 347.6234971669619, 347.6234971669619, 346.7840544579667, 346.7840544579667, 345.27144345798297, 345.27144345798297, 344.54941133299144, 344.54941133299144, 343.81668208300835, 343.81668208300835, 343.2115981670213, 343.2115981670213, 341.25325429200893, 341.25325429200893, 340.62303462502314, 340.62303462502314, 338.6057106250082, 338.6057106250082, 338.1947489170125, 338.1947489170125, 336.71813020901754, 336.71813020901754, 336.31227416702313, 336.31227416702313, 335.2626326670288, 335.2626326670288, 334.94486445805524, 334.94486445805524, 334.81417354109, 334.81417354109, 334.5841140411212, 334.5841140411212, 334.45802483311854, 334.45802483311854, 334.3391866661259, 334.3391866661259, 334.20115208317293, 334.20115208317293, 334.08274087513564, 334.08274087513564, 333.9729484161362, 333.9729484161362, 333.86587541608606, 333.86587541608606, 333.8076989570982, 333.8076989570982, 333.6216565821087, 333.6216565821087, 333.5671543321223, 333.5671543321223, 333.4451640401385, 333.4451640401385, 333.4076394571457, 333.4076394571457, 333.4043204151676], "a_moves_left": [39, 39, 38, 38, 37, 37, 36, 36, 35, 35, 34, 34, 33, 33, 32, 32, 31, 31, 30, 30, 29, 29, 28, 28, 27, 27, 26, 26, 25, 25, 24, 24, 23, 23, 22, 22, 21, 21, 20, 20, 19, 19, 18, 18, 17, 17, 16, 16, 15, 15, 14, 14, 13, 13, 12, 12, 11, 11, 10, 10, 9, 9, 8, 8, 7, 7, 6, 6, 5, 5, 4, 4, 3, 3, 2, 2, 1, 1, 0, 0], "b_moves_left": [40, 39, 39, 38, 38, 37, 37, 36, 36, 35, 35, 34, 34, 33, 33, 32, 32, 31, 31, 30, 30, 29, 29, 28, 28, 27, 27, 26, 26, 25, 25, 24, 24, 23, 23, 22, 22, 21, 21, 20, 20, 19, 19, 18, 18, 17, 17, 16, 16, 15, 15, 14, 14, 13, 13, 12, 12, 11, 11, 10, 10, 9, 9, 8, 8, 7, 7, 6, 6, 5, 5, 4, 4, 3, 3, 2, 2, 1, 1, 0], "trapdoor_triggered": [0, 0, 0, 0, 0, 0, 0, 0, 0, 0, 0, 0, 0, 0, 0, 0, 0, 0, 0, 0, 0, 0, 0, 0, 0, 0, 0, 0, 0, 0, 0, 0, 1, 0, 0, 0, 0, 0, 0, 0, 0, 0, 0, 0, 0, 0, 0, 0, 0, 0, 0, 0, 0, 0, 0, 0, 0, 0, 0, 0, 0, 0, 0, 0, 0, 0, 0, 0, 0, 0, 0, 0, 0, 0, 0, 0, 0, 0, 0, 0], "left_behind": ["egg", "egg", "plain", "plain", "egg", "egg", "plain", "plain", "egg", "egg", "plain", "plain", "egg", "egg", "plain", "plain", "plain", "egg", "plain", "plain", "egg", "egg", "plain", "plain", "egg", "egg", "plain", "plain", "egg", "egg", "plain", "plain", "egg", "egg", "plain", "plain", "plain", "egg", "egg", "plain", "plain", "egg", "egg", "plain", "plain", "egg", "egg", "plain", "turd", "egg", "egg", "plain", "turd", "plain", "egg", "plain", "plain", "plain", "egg", "plain", "plain", "plain", "egg", "plain", "plain", "plain", "egg", "plain", "plain", "plain", "plain", "plain", "plain", "plain", "plain", "plain", "plain", "turd", "plain", "plain"], "errlog_a": "", "errlog_b": "", "start_time": 360, "start_moves": 40, "turn_count": 80, "result": 1, "reason": "EGGS_LAID", "trapdoors": [[5, 3], [2, 5]], "spawn_a": [7, 5], "spawn_b": [0, 5]}