{"pos": [[7, 2], [0, 2], [7, 1], [0, 1], [6, 1], [1, 1], [6, 2], [1, 0], [6, 3], [2, 0], [6, 4], [3, 0], [6, 5], [4, 0], [6, 6], [5, 0], [5, 6], [5, 1], [4, 6], [6, 1], [3, 6], [5, 1], [2, 6], [0, 3], [2, 7], [0, 2], [1, 7], [1, 2], [1, 6], [1, 3], [0, 6], [1, 4], [1, 6], [1, 5], [2, 6], [2, 5], [2, 7], [3, 5], [3, 7], [4, 5], [4, 7], [5, 5], [5, 7], [6, 5], [6, 7], [7, 5], [7, 7], [7, 4], [6, 7], [7, 5], [5, 7], [7, 6], [4, 7], [7, 5], [3, 7], [7, 6], [2, 7], [7, 5], [1, 7], [7, 6], [0, 7], [7, 5], [1, 7], [7, 6], [0, 7], [7, 5], [1, 7], [7, 6], [2, 7], [7, 5], [3, 7], [7, 6], [4, 7], [7, 5], [5, 7], [7, 6], [4, 7], [7, 5], [5, 7], [7, 6]], "a_eggs_laid": [1, 1, 1, 1, 2, 2, 2, 2, 3, 3, 3, 3, 4, 4, 4, 4, 5, 5, 5, 5, 6, 6, 6, 6, 11, 11, 11, 11, 12, 12, 12, 12, 13, 13, 13, 13, 13, 13, 13, 13, 14, 14, 14, 14, 15, 15, 15, 15, 18, 18, 18, 18, 18, 18, 18, 18, 18, 18, 18, 18, 18, 18, 18, 18, 18, 18, 18, 18, 18, 18, 18, 18, 18, 18, 18, 18, 18, 18, 18, 18], "b_eggs_laid": [0, 1, 1, 1, 1, 2, 2, 2, 2, 3, 3, 3, 3, 4, 4, 4, 4, 5, 5, 5, 5, 6, 6, 6, 6, 6, 6, 6, 6, 7, 7, 7, 7, 8, 8, 8, 8, 9, 9, 9, 9, 10, 10, 10, 10, 11, 11, 11, 11, 12, 12, 12, 12, 12, 12, 12, 12, 12, 12, 12, 12, 12, 12, 12, 12, 12, 12, 12, 12, 12, 12, 12, 12, 12, 12, 12, 12, 12, 12, 12], "a_turds_left": [5, 5, 5, 5, 5, 5, 5, 5, 5, 5, 5, 5, 5, 5, 5, 5, 5, 5, 5, 5, 5, 5, 5, 5, 5, 5, 5, 5, 5, 5, 5, 5, 5, 5, 5, 5, 5, 5, 5, 5, 5, 5, 5, 5, 5, 5, 5, 5, 5, 5, 5, 5, 5, 5, 5, 5, 5, 5, 5, 5, 5, 5, 5, 5, 5, 5, 5, 5, 5, 5, 5, 5, 5, 5, 5, 5, 5, 5, 5, 5], "b_turds_left": [5, 5, 5, 5, 5, 5, 5, 5, 5, 5, 5, 5, 5, 5, 5, 5, 5, 5, 5, 5, 5, 5, 5, 5, 5, 5, 5, 5, 5, 5, 5, 5, 5, 5, 5, 4, 4, 4, 4, 3, 3, 3, 3, 2, 2, 2, 2, 2, 2, 2, 2, 2, 2, 2, 2, 2, 2, 2, 2, 2, 2, 2, 2, 2, 2, 2, 2, 2, 2, 2, 2, 2, 2, 2, 2, 2, 2, 1, 1, 1], "a_time_left": [358.71893008303596, 358.71893008303596, 358.135835541063, 358.135835541063, 356.52418229106115, 356.52418229106115, 355.57718633307377, 355.57718633307377, 353.59906337509165, 353.59906337509165, 352.59793225012254, 352.59793225012254, 350.5716417921358, 350.5716417921358, 349.6313785831444, 349.6313785831444, 347.82190395815996, 347.82190395815996, 346.94761629216373, 346.94761629216373, 345.605068458186, 345.605068458186, 344.90452162519796, 344.90452162519796, 344.2497240002267, 344.2497240002267, 343.89751975022955, 343.89751975022955, 342.58877800020855, 342.58877800020855, 341.88355616718763, 341.88355616718763, 340.7893332922249, 340.7893332922249, 340.681923292228, 340.681923292228, 340.49418704223353, 340.49418704223353, 340.2090423752088, 340.2090423752088, 339.50914879125776, 339.50914879125776, 339.3394100822625, 339.3394100822625, 339.19640674826223, 339.19640674826223, 339.1562763322727, 339.1562763322727, 339.09450537431985, 339.09450537431985, 339.07420045731124, 339.07420045731124, 339.0510014993488, 339.0510014993488, 339.025428291352, 339.025428291352, 338.99837437435053, 338.99837437435053, 338.97325437434483, 338.97325437434483, 338.95317512436304, 338.95317512436304, 338.9388030823902, 338.9388030823902, 338.9160178324091, 338.9160178324091, 338.90157724841265, 338.90157724841265, 338.8757343314355, 338.8757343314355, 338.85320141440025, 338.85320141440025, 338.82563274743734, 338.82563274743734, 338.8024332054774, 338.8024332054774, 338.7828830385115, 338.7828830385115, 338.7722071635653, 338.7722071635653], "b_time_left": [360, 359.0785678329994, 359.0785678329994, 358.41259891702794, 358.41259891702794, 357.00537387502845, 357.00537387502845, 355.7540974160074, 355.7540974160074, 354.6202330410015, 354.6202330410015, 353.6526089159888, 353.6526089159888, 352.01851887401426, 352.01851887401426, 351.2648052080185, 351.2648052080185, 349.4492475830484, 349.4492475830484, 348.5950074160355, 348.5950074160355, 347.67115187400486, 347.67115187400486, 346.79118774901144, 346.79118774901144, 346.526031914982, 346.526031914982, 345.99018991494086, 345.99018991494086, 344.61700441490393, 344.61700441490393, 343.8072910818737, 343.8072910818737, 343.2450820398517, 343.2450820398517, 343.0202719978406, 343.0202719978406, 342.61194349784637, 342.61194349784637, 342.05160074779997, 342.05160074779997, 341.7490453728242, 341.7490453728242, 341.31183212285396, 341.31183212285396, 341.17871995584574, 341.17871995584574, 341.058422580827, 341.058422580827, 341.0144106648513, 341.0144106648513, 340.9464294978534, 340.9464294978534, 340.9097975808545, 340.9097975808545, 340.85219749686075, 340.85219749686075, 340.81648808089085, 340.81648808089085, 340.76343899790663, 340.76343899790663, 340.73681912291795, 340.73681912291795, 340.6786110809189, 340.6786110809189, 340.6424563729088, 340.6424563729088, 340.5895072479034, 340.5895072479034, 340.55274066491984, 340.55274066491984, 340.48913012392586, 340.48913012392586, 340.4503628319362, 340.4503628319362, 340.38008962397, 340.38008962397, 340.3603902080213, 340.3603902080213, 340.35799233301077], "a_moves_left": [39, 39, 38, 38, 37, 37, 36, 36, 35, 35, 34, 34, 33, 33, 32, 32, 31, 31, 30, 30, 29, 29, 28, 28, 27, 27, 26, 26, 25, 25, 24, 24, 23, 23, 22, 22, 21, 21, 20, 20, 19, 19, 18, 18, 17, 17, 16, 16, 15, 15, 14, 14, 13, 13, 12, 12, 11, 11, 10, 10, 9, 9, 8, 8, 7, 7, 6, 6, 5, 5, 4, 4, 3, 3, 2, 2, 1, 1, 0, 0], "b_moves_left": [40, 39, 39, 38, 38, 37, 37, 36, 36, 35, 35, 34, 34, 33, 33, 32, 32, 31, 31, 30, 30, 29, 29, 28, 28, 27, 27, 26, 26, 25, 25, 24, 24, 23, 23, 22, 22, 21, 21, 20, 20, 19, 19, 18, 18, 17, 17, 16, 16, 15, 15, 14, 14, 13, 13, 12, 12, 11, 11, 10, 10, 9, 9, 8, 8, 7, 7, 6, 6, 5, 5, 4, 4, 3, 3, 2, 2, 1, 1, 0], "trapdoor_triggered": [0, 0, 0, 0, 0, 0, 0, 0, 0, 0, 0, 0, 0, 0, 0, 0, 0, 0, 0, 0, 0, 0, 0, 1, 0, 0, 0, 0, 0, 0, 0, 0, 0, 0, 0, 0, 0, 0, 0, 0, 0, 0, 0, 0, 0, 0, 0, 0, 0, 0, 0, 0, 0, 0, 0, 0, 0, 0, 0, 0, 0, 0, 0, 0, 0, 0, 0, 0, 0, 0, 0, 0, 0, 0, 0, 0, 0, 0, 0, 0], "left_behind": ["egg", "egg", "plain", "plain", "egg", "egg", "plain", "plain", "egg", "egg", "plain", "plain", "egg", "egg", "plain", "plain", "egg", "egg", "plain", "plain", "egg", "egg", "plain", "plain", "egg", "plain", "plain", "plain", "egg", "egg", "plain", "plain", "egg", "egg", "plain", "turd", "plain", "egg", "plain", "turd", "egg", "egg", "plain", "turd", "egg", "egg", "plain", "plain", "egg", "egg", "plain", "plain", "plain", "plain", "plain", "plain", "plain", "plain", "plain", "plain", "plain", "plain", "plain", "plain", "plain", "plain", "plain", "plain", "plain", "plain", "plain", "plain", "plain", "plain", "plain", "plain", "plain", "turd", "plain", "plain"], "errlog_a": "", "errlog_b": "", "start_time": 360, "start_moves": 40, "turn_count": 80, "result": 0, "reason": "EGGS_LAID", "trapdoors": [[4, 4], [5, 2]], "spawn_a": [7, 3], "spawn_b": [0, 3]}