{"pos": [[1, 6], [7, 5], [1, 5], [7, 4], [2, 5], [7, 3], [2, 6], [7, 2], [3, 6], [7, 1], [3, 5], [7, 0], [3, 4], [7, 1], [3, 3], [6, 1], [3, 2], [5, 1], [4, 2], [5, 0], [3, 2], [5, 1], [2, 2], [5, 2], [2, 1], [5, 1], [3, 1], [4, 1], [2, 1], [4, 0], [2, 0], [3, 0], [2, 1], [4, 0], [1, 1], [5, 0], [1, 2], [6, 0], [0, 2], [6, 1], [1, 2], [6, 2], [1, 3], [6, 3], [0, 3], [6, 4], [0, 4], [6, 5], [0, 3], [6, 6], [1, 3], [6, 7], [1, 2], [6, 6], [1, 1], [5, 6], [1, 0], [5, 5], [0, 0], [5, 4], [1, 0], [5, 3], [1, 1], [7, 6], [2, 1], [7, 5], [3, 1], [7, 4], [3, 2], [7, 3], [3, 3], [6, 3], [3, 2], [5, 3], [3, 3], [7, 6], [0, 6], [7, 5], [0, 5], [7, 4]], "a_eggs_laid": [1, 1, 1, 1, 2, 2, 2, 2, 3, 3, 3, 3, 4, 4, 4, 4, 5, 5, 5, 5, 6, 6, 6, 6, 7, 7, 7, 7, 8, 8, 8, 8, 9, 9, 9, 9, 10, 10, 10, 10, 11, 11, 11, 11, 12, 12, 12, 12, 13, 13, 13, 13, 13, 13, 13, 13, 13, 13, 13, 13, 16, 16, 16, 16, 20, 20, 20, 20, 20, 20, 20, 20, 20, 20, 20, 20, 24, 24, 24, 24], "b_eggs_laid": [0, 1, 1, 1, 1, 2, 2, 2, 2, 3, 3, 3, 3, 6, 6, 6, 6, 7, 7, 7, 7, 8, 8, 8, 8, 9, 9, 9, 9, 10, 10, 10, 10, 11, 11, 11, 11, 11, 11, 11, 11, 11, 11, 11, 11, 12, 12, 12, 12, 13, 13, 13, 13, 14, 14, 14, 14, 15, 15, 15, 15, 16, 16, 16, 16, 16, 16, 16, 16, 16, 16, 16, 16, 16, 16, 16, 16, 20, 20, 20], "a_turds_left": [5, 5, 4, 4, 4, 4, 3, 3, 3, 3, 2, 2, 2, 2, 1, 1, 1, 1, 1, 1, 1, 1, 1, 1, 1, 1, 1, 1, 1, 1, 1, 1, 1, 1, 1, 1, 1, 1, 1, 1, 1, 1, 1, 1, 1, 1, 1, 1, 1, 1, 1, 1, 1, 1, 1, 1, 1, 1, 1, 1, 1, 1, 1, 1, 1, 1, 1, 1, 1, 1, 1, 1, 1, 1, 1, 1, 1, 1, 1, 1], "b_turds_left": [5, 5, 5, 5, 5, 5, 5, 5, 5, 5, 5, 5, 5, 5, 5, 5, 5, 5, 5, 5, 5, 5, 5, 5, 5, 5, 5, 5, 5, 5, 5, 5, 5, 5, 5, 5, 5, 5, 5, 5, 5, 5, 5, 5, 5, 5, 5, 5, 5, 5, 5, 5, 5, 5, 5, 5, 5, 5, 5, 5, 5, 5, 5, 5, 5, 5, 5, 5, 5, 5, 5, 5, 5, 5, 5, 5, 5, 5, 5, 4], "a_time_left": [358.8457151670009, 358.8457151670009, 357.87888766702963, 357.87888766702963, 356.14653625001665, 356.14653625001665, 355.23516670800745, 355.23516670800745, 352.8746374990442, 352.8746374990442, 351.9751272490248, 351.9751272490248, 350.7702562910272, 350.7702562910272, 349.88612862402806, 349.88612862402806, 347.5556197910337, 347.5556197910337, 346.15174416603986, 346.15174416603986, 343.9915747080231, 343.9915747080231, 342.9645208330476, 342.9645208330476, 340.81941512506455, 340.81941512506455, 339.9679925000528, 339.9679925000528, 339.04999279108597, 339.04999279108597, 338.6687879160745, 338.6687879160745, 338.3595876240288, 338.3595876240288, 338.2072705409955, 338.2072705409955, 337.3703281240305, 337.3703281240305, 337.04842712398386, 337.04842712398386, 336.3250624149805, 336.3250624149805, 335.6545613729977, 335.6545613729977, 332.8032387479907, 332.8032387479907, 332.1559811649495, 332.1559811649495, 330.6683146649739, 330.6683146649739, 330.10885041498113, 330.10885041498113, 329.55962378997356, 329.55962378997356, 329.06558903999394, 329.06558903999394, 328.4699704149971, 328.4699704149971, 328.20650891494006, 328.20650891494006, 327.1905002479325, 327.1905002479325, 326.97426741488744, 326.97426741488744, 326.7413849149016, 326.7413849149016, 326.513747456891, 326.513747456891, 326.28024699894013, 326.28024699894013, 326.0690438739839, 326.0690438739839, 325.70032199902926, 325.70032199902926, 325.407469208003, 325.407469208003, 325.1584906660137, 325.1584906660137, 325.13444462500047, 325.13444462500047], "b_time_left": [360, 358.0635692079668, 358.0635692079668, 356.80992858298123, 356.80992858298123, 354.4558514159871, 354.4558514159871, 353.639542874007, 353.639542874007, 351.5566885820008, 351.5566885820008, 350.46675570699153, 350.46675570699153, 348.8352324569714, 348.8352324569714, 347.79119562299456, 347.79119562299456, 345.3542139569763, 345.3542139569763, 344.3140767069417, 344.3140767069417, 342.4682265408919, 342.4682265408919, 341.0765224568895, 341.0765224568895, 339.4362495818641, 339.4362495818641, 338.68126070691505, 338.68126070691505, 337.98485770693514, 337.98485770693514, 337.625717623916, 337.625717623916, 337.4889052078943, 337.4889052078943, 337.05618008290185, 337.05618008290185, 336.8390572498902, 336.8390572498902, 336.45521299989196, 336.45521299989196, 336.13784249988385, 336.13784249988385, 335.3907368328655, 335.3907368328655, 334.70444520784076, 334.70444520784076, 334.1556995828287, 334.1556995828287, 333.7220523747965, 333.7220523747965, 333.45535999984713, 333.45535999984713, 333.08899429184385, 333.08899429184385, 332.8312670828891, 332.8312670828891, 332.4280693748733, 332.4280693748733, 332.1442476249067, 332.1442476249067, 331.8925003329059, 331.8925003329059, 331.68406599987065, 331.68406599987065, 331.5969496248872, 331.5969496248872, 331.40239616687177, 331.40239616687177, 331.23920925089624, 331.23920925089624, 330.8970889179036, 330.8970889179036, 330.7058786259149, 330.7058786259149, 330.41524300095625, 330.41524300095625, 330.3540135429939, 330.3540135429939, 330.3449502509902], "a_moves_left": [39, 39, 38, 38, 37, 37, 36, 36, 35, 35, 34, 34, 33, 33, 32, 32, 31, 31, 30, 30, 29, 29, 28, 28, 27, 27, 26, 26, 25, 25, 24, 24, 23, 23, 22, 22, 21, 21, 20, 20, 19, 19, 18, 18, 17, 17, 16, 16, 15, 15, 14, 14, 13, 13, 12, 12, 11, 11, 10, 10, 9, 9, 8, 8, 7, 7, 6, 6, 5, 5, 4, 4, 3, 3, 2, 2, 1, 1, 0, 0], "b_moves_left": [40, 39, 39, 38, 38, 37, 37, 36, 36, 35, 35, 34, 34, 33, 33, 32, 32, 31, 31, 30, 30, 29, 29, 28, 28, 27, 27, 26, 26, 25, 25, 24, 24, 23, 23, 22, 22, 21, 21, 20, 20, 19, 19, 18, 18, 17, 17, 16, 16, 15, 15, 14, 14, 13, 13, 12, 12, 11, 11, 10, 10, 9, 9, 8, 8, 7, 7, 6, 6, 5, 5, 4, 4, 3, 3, 2, 2, 1, 1, 0], "trapdoor_triggered": [0, 0, 0, 0, 0, 0, 0, 0, 0, 0, 0, 0, 0, 0, 0, 0, 0, 0, 0, 0, 0, 0, 0, 0, 0, 0, 0, 0, 0, 0, 0, 0, 0, 0, 0, 0, 0, 0, 0, 0, 0, 0, 0, 0, 0, 0, 0, 0, 0, 0, 0, 0, 0, 0, 0, 0, 0, 0, 0, 0, 0, 0, 0, 1, 0, 0, 0, 0, 0, 0, 0, 0, 0, 0, 0, 1, 1, 0, 0, 0], "left_behind": ["egg", "egg", "turd", "plain", "egg", "egg", "turd", "plain", "egg", "egg", "turd", "plain", "egg", "egg", "turd", "plain", "egg", "egg", "plain", "plain", "egg", "egg", "plain", "plain", "egg", "egg", "plain", "plain", "egg", "egg", "plain", "plain", "egg", "egg", "plain", "plain", "egg", "plain", "plain", "plain", "egg", "plain", "plain", "plain", "egg", "egg", "plain", "plain", "egg", "egg", "plain", "plain", "plain", "egg", "plain", "plain", "plain", "egg", "plain", "plain", "egg", "egg", "plain", "plain", "plain", "plain", "plain", "plain", "plain", "plain", "plain", "plain", "plain", "plain", "plain", "plain", "plain", "plain", "plain", "turd"], "errlog_a": "", "errlog_b": "", "start_time": 360, "start_moves": 40, "turn_count": 80, "result": 0, "reason": "EGGS_LAID", "trapdoors": [[2, 4], [4, 3]], "spawn_a": [0, 6], "spawn_b": [7, 6]}