{"pos": [[0, 1], [7, 1], [0, 0], [7, 0], [1, 0], [7, 1], [2, 0], [6, 1], [1, 0], [6, 2], [1, 1], [6, 3], [1, 2], [6, 4], [1, 3], [7, 4], [2, 3], [7, 5], [2, 4], [7, 6], [3, 4], [7, 5], [4, 4], [6, 5], [4, 3], [6, 6], [3, 3], [6, 7], [3, 4], [6, 6], [3, 5], [5, 6], [2, 5], [5, 7], [2, 6], [4, 7], [2, 5], [4, 6], [1, 5], [4, 5], [1, 4], [7, 2], [0, 4], [7, 1], [0, 5], [7, 2], [0, 6], [7, 1], [1, 6], [7, 2], [1, 7], [7, 1], [2, 7], [7, 2], [3, 7], [7, 1], [2, 7], [7, 2], [3, 7], [7, 1], [2, 7], [7, 2], [3, 7], [7, 1], [2, 7], [7, 2], [1, 7], [7, 1], [1, 6], [7, 2], [1, 5], [7, 1], [1, 6], [7, 2], [2, 6], [7, 1], [1, 6], [7, 0], [1, 7], [7, 1]], "a_eggs_laid": [1, 1, 1, 1, 4, 4, 4, 4, 5, 5, 5, 5, 6, 6, 6, 6, 7, 7, 7, 7, 8, 8, 8, 8, 9, 9, 9, 9, 10, 10, 10, 10, 11, 11, 11, 11, 12, 12, 12, 12, 13, 13, 17, 17, 18, 18, 18, 18, 19, 19, 19, 19, 20, 20, 20, 20, 21, 21, 21, 21, 21, 21, 21, 21, 21, 21, 21, 21, 21, 21, 21, 21, 21, 21, 21, 21, 21, 21, 21, 21], "b_eggs_laid": [0, 1, 1, 1, 1, 4, 4, 4, 4, 5, 5, 5, 5, 6, 6, 6, 6, 7, 7, 7, 7, 8, 8, 8, 8, 9, 9, 9, 9, 10, 10, 10, 10, 11, 11, 11, 11, 12, 12, 12, 12, 13, 13, 13, 13, 13, 13, 13, 13, 13, 13, 13, 13, 13, 13, 13, 13, 13, 13, 13, 13, 13, 13, 13, 13, 13, 13, 13, 13, 13, 13, 13, 13, 13, 13, 13, 13, 13, 13, 13], "a_turds_left": [5, 5, 5, 5, 5, 5, 5, 5, 5, 5, 5, 5, 5, 5, 4, 4, 4, 4, 3, 3, 3, 3, 3, 3, 3, 3, 3, 3, 3, 3, 3, 3, 3, 3, 3, 3, 3, 3, 2, 2, 2, 2, 2, 2, 2, 2, 1, 1, 1, 1, 1, 1, 1, 1, 1, 1, 1, 1, 1, 1, 1, 1, 1, 1, 1, 1, 1, 1, 1, 1, 1, 1, 1, 1, 1, 1, 1, 1, 1, 1], "b_turds_left": [5, 5, 5, 5, 5, 5, 5, 5, 5, 5, 5, 5, 5, 5, 5, 5, 5, 5, 5, 5, 5, 5, 5, 5, 5, 5, 5, 5, 5, 5, 5, 5, 5, 5, 5, 5, 5, 5, 5, 5, 5, 5, 5, 5, 5, 5, 5, 5, 5, 5, 5, 5, 5, 5, 5, 5, 5, 5, 5, 5, 5, 5, 5, 5, 5, 5, 5, 5, 5, 5, 5, 5, 5, 5, 5, 5, 5, 4, 4, 4], "a_time_left": [358.6101542499964, 358.6101542499964, 357.7208487499738, 357.7208487499738, 356.9749518339522, 356.9749518339522, 356.2454583759536, 356.2454583759536, 353.7202667509555, 353.7202667509555, 352.70849841693416, 352.70849841693416, 349.53178583388217, 349.53178583388217, 348.00196441687876, 348.00196441687876, 345.4472407498979, 345.4472407498979, 344.3053526659496, 344.3053526659496, 341.9236657489091, 341.9236657489091, 340.9534432069049, 340.9534432069049, 338.3618874149397, 338.3618874149397, 337.01139378990047, 337.01139378990047, 335.5557414148934, 335.5557414148934, 334.7838720398722, 334.7838720398722, 332.2809816648951, 332.2809816648951, 331.74251499789534, 331.74251499789534, 330.2123399149277, 330.2123399149277, 329.7173804559279, 329.7173804559279, 328.1297313309042, 328.1297313309042, 327.6324690389447, 327.6324690389447, 326.9237263299292, 326.9237263299292, 326.6006886638934, 326.6006886638934, 326.1538596218452, 326.1538596218452, 325.7454350798507, 325.7454350798507, 325.22583157982444, 325.22583157982444, 324.96804470481584, 324.96804470481584, 324.6089578718529, 324.6089578718529, 324.3875122058671, 324.3875122058671, 324.26084466383327, 324.26084466383327, 324.0393394138082, 324.0393394138082, 323.9205954137724, 323.9205954137724, 323.69914416375104, 323.69914416375104, 323.5004264137824, 323.5004264137824, 323.1269137057825, 323.1269137057825, 322.8607213307405, 322.8607213307405, 322.5112494137138, 322.5112494137138, 322.23705720476573, 322.23705720476573, 322.22138012072537, 322.22138012072537], "b_time_left": [360, 358.7633899580105, 358.7633899580105, 358.05235583300237, 358.05235583300237, 356.92135512497043, 356.92135512497043, 355.8316377499723, 355.8316377499723, 353.9621449999977, 353.9621449999977, 352.12393945798976, 352.12393945798976, 349.2025366660091, 349.2025366660091, 348.0009413739899, 348.0009413739899, 345.1390291659627, 345.1390291659627, 344.08988358295755, 344.08988358295755, 342.26121954096016, 342.26121954096016, 341.1233605829766, 341.1233605829766, 338.3110675419448, 338.3110675419448, 336.9629640839412, 336.9629640839412, 335.81499345897464, 335.81499345897464, 334.1807723760139, 334.1807723760139, 331.7172860839637, 331.7172860839637, 330.77576004195726, 330.77576004195726, 329.74912433396094, 329.74912433396094, 328.4598794169724, 328.4598794169724, 327.7765804589726, 327.7765804589726, 327.2538017509505, 327.2538017509505, 326.90821329294704, 326.90821329294704, 326.5816063339589, 326.5816063339589, 326.26158866792684, 326.26158866792684, 325.94056491792435, 325.94056491792435, 325.73886654293165, 325.73886654293165, 325.49660212593153, 325.49660212593153, 325.3537186679314, 325.3537186679314, 325.2426895009703, 325.2426895009703, 325.0998440849944, 325.0998440849944, 324.98872308502905, 324.98872308502905, 324.8458935429808, 324.8458935429808, 324.7368803349673, 324.7368803349673, 324.57081358495634, 324.57081358495634, 324.4301838349202, 324.4301838349202, 324.2642122929683, 324.2642122929683, 324.08516504301224, 324.08516504301224, 324.021596917999, 324.021596917999, 324.0189119600109], "a_moves_left": [39, 39, 38, 38, 37, 37, 36, 36, 35, 35, 34, 34, 33, 33, 32, 32, 31, 31, 30, 30, 29, 29, 28, 28, 27, 27, 26, 26, 25, 25, 24, 24, 23, 23, 22, 22, 21, 21, 20, 20, 19, 19, 18, 18, 17, 17, 16, 16, 15, 15, 14, 14, 13, 13, 12, 12, 11, 11, 10, 10, 9, 9, 8, 8, 7, 7, 6, 6, 5, 5, 4, 4, 3, 3, 2, 2, 1, 1, 0, 0], "b_moves_left": [40, 39, 39, 38, 38, 37, 37, 36, 36, 35, 35, 34, 34, 33, 33, 32, 32, 31, 31, 30, 30, 29, 29, 28, 28, 27, 27, 26, 26, 25, 25, 24, 24, 23, 23, 22, 22, 21, 21, 20, 20, 19, 19, 18, 18, 17, 17, 16, 16, 15, 15, 14, 14, 13, 13, 12, 12, 11, 11, 10, 10, 9, 9, 8, 8, 7, 7, 6, 6, 5, 5, 4, 4, 3, 3, 2, 2, 1, 1, 0], "trapdoor_triggered": [0, 0, 0, 0, 0, 0, 0, 0, 0, 0, 0, 0, 0, 0, 0, 0, 0, 0, 0, 0, 0, 0, 0, 0, 0, 0, 0, 0, 0, 0, 0, 0, 0, 0, 0, 0, 0, 0, 0, 0, 0, 1, 0, 0, 0, 0, 0, 0, 0, 0, 0, 0, 0, 0, 0, 0, 0, 0, 0, 0, 0, 0, 0, 0, 0, 0, 0, 0, 0, 0, 0, 0, 0, 0, 0, 0, 0, 0, 0, 0], "left_behind": ["egg", "egg", "plain", "plain", "egg", "egg", "plain", "plain", "egg", "egg", "plain", "plain", "egg", "egg", "turd", "plain", "egg", "egg", "turd", "plain", "egg", "egg", "plain", "plain", "egg", "egg", "plain", "plain", "egg", "egg", "plain", "plain", "egg", "egg", "plain", "plain", "egg", "egg", "turd", "plain", "egg", "egg", "plain", "plain", "egg", "plain", "turd", "plain", "egg", "plain", "plain", "plain", "egg", "plain", "plain", "plain", "egg", "plain", "plain", "plain", "plain", "plain", "plain", "plain", "plain", "plain", "plain", "plain", "plain", "plain", "plain", "plain", "plain", "plain", "plain", "plain", "plain", "turd", "plain", "plain"], "errlog_a": "", "errlog_b": "", "start_time": 360, "start_moves": 40, "turn_count": 80, "result": 0, "reason": "EGGS_LAID", "trapdoors": [[5, 5], [5, 2]], "spawn_a": [0, 2], "spawn_b": [7, 2]}