{"pos": [[7, 4], [0, 2], [7, 5], [0, 1], [7, 4], [0, 0], [7, 5], [1, 0], [7, 4], [2, 0], [7, 5], [3, 0], [7, 4], [4, 0], [7, 5], [5, 0], [7, 6], [6, 0], [7, 5], [7, 0], [7, 6], [7, 1], [6, 6], [6, 1], [7, 6], [6, 0], [7, 5], [7, 0], [7, 6], [7, 1], [7, 5], [7, 0], [6, 5], [7, 1], [6, 6], [7, 0], [6, 5], [7, 1], [6, 4], [7, 0], [6, 3], [7, 1], [6, 2], [7, 0], [6, 3], [7, 1], [7, 3], [7, 0], [6, 3], [7, 1], [6, 4], [7, 0], [5, 4], [7, 1], [5, 3], [7, 0], [5, 2], [7, 1], [5, 1], [7, 0], [4, 1], [7, 1], [4, 2], [7, 0], [5, 2], [7, 1], [4, 2], [7, 0], [4, 1], [7, 1], [4, 0], [7, 0], [4, 1], [7, 1], [5, 1], [7, 0], [4, 1], [7, 1], [4, 2], [7, 0]], "a_eggs_laid": [0, 0, 0, 0, 0, 0, 0, 0, 0, 0, 0, 0, 0, 0, 0, 0, 0, 0, 0, 0, 0, 0, 0, 0, 0, 0, 0, 0, 0, 0, 0, 0, 0, 0, 0, 0, 1, 1, 1, 1, 2, 2, 2, 2, 2, 2, 2, 2, 2, 2, 2, 2, 2, 2, 2, 2, 3, 3, 3, 3, 3, 3, 3, 3, 3, 3, 3, 3, 4, 4, 4, 4, 4, 4, 4, 4, 5, 5, 5, 5], "b_eggs_laid": [0, 1, 1, 1, 1, 2, 2, 2, 2, 3, 3, 3, 3, 4, 4, 4, 4, 5, 5, 5, 5, 8, 8, 8, 8, 9, 9, 9, 9, 9, 9, 9, 9, 9, 9, 9, 9, 9, 9, 9, 9, 9, 9, 9, 9, 9, 9, 9, 9, 9, 9, 9, 9, 9, 9, 9, 9, 9, 9, 9, 9, 9, 9, 9, 9, 9, 9, 9, 9, 9, 9, 9, 9, 9, 9, 9, 9, 9, 9, 9], "a_turds_left": [4, 4, 3, 3, 2, 2, 2, 2, 2, 2, 2, 2, 2, 2, 2, 2, 2, 2, 1, 1, 1, 1, 1, 1, 1, 1, 1, 1, 1, 1, 1, 1, 1, 1, 0, 0, 0, 0, 0, 0, 0, 0, 0, 0, 0, 0, 0, 0, 0, 0, 0, 0, 0, 0, 0, 0, 0, 0, 0, 0, 0, 0, 0, 0, 0, 0, 0, 0, 0, 0, 0, 0, 0, 0, 0, 0, 0, 0, 0, 0], "b_turds_left": [5, 5, 5, 5, 5, 5, 5, 5, 5, 5, 5, 5, 5, 5, 5, 5, 5, 5, 5, 5, 5, 5, 5, 5, 5, 5, 5, 5, 5, 5, 5, 5, 5, 5, 5, 5, 5, 5, 5, 5, 5, 5, 5, 5, 5, 5, 5, 5, 5, 5, 5, 5, 5, 5, 5, 5, 5, 5, 5, 5, 5, 5, 5, 5, 5, 5, 5, 5, 5, 5, 5, 5, 5, 5, 5, 5, 5, 5, 5, 5], "a_time_left": [358.4738342089695, 358.4738342089695, 356.96834666794166, 356.96834666794166, 355.4628155429382, 355.4628155429382, 353.9572980009252, 353.9572980009252, 352.4518634179258, 352.4518634179258, 350.9463797099306, 350.9463797099306, 349.44089866796276, 349.44089866796276, 347.9354560849606, 347.9354560849606, 346.42994970997097, 346.42994970997097, 344.92445787601173, 344.92445787601173, 343.42345716804266, 343.42345716804266, 341.9179127510288, 341.9179127510288, 340.4123827930307, 340.4123827930307, 338.906886959041, 338.906886959041, 337.4014237090596, 337.4014237090596, 335.89596354204696, 335.89596354204696, 334.3904394590645, 334.3904394590645, 332.88489550107624, 332.88489550107624, 331.3794580420363, 331.3794580420363, 329.8739907510462, 329.8739907510462, 328.36847583402414, 328.36847583402414, 326.8630222090287, 326.8630222090287, 325.3575067090569, 325.3575067090569, 323.85210504208226, 323.85210504208226, 322.3466283340822, 322.3466283340822, 320.8411431260756, 320.8411431260756, 319.33566891704686, 319.33566891704686, 317.83032662502956, 317.83032662502956, 316.3248201669776, 316.3248201669776, 314.8194629169884, 314.8194629169884, 313.31399441696703, 313.31399441696703, 311.80858274997445, 311.80858274997445, 310.3030927919317, 310.3030927919317, 308.7976449588896, 308.7976449588896, 307.2921484168619, 307.2921484168619, 305.7867132918909, 305.7867132918909, 304.28126754192635, 304.28126754192635, 302.77585670893313, 302.77585670893313, 301.275234125962, 301.275234125962, 299.77452520892257, 299.77452520892257], "b_time_left": [360, 359.94490170798963, 359.94490170798963, 359.9118058740278, 359.9118058740278, 359.86935412406456, 359.86935412406456, 359.8575067910715, 359.8575067910715, 359.8145941660623, 359.8145941660623, 359.79578591609607, 359.79578591609607, 359.7497034990811, 359.7497034990811, 359.73170274909353, 359.73170274909353, 359.67896354111144, 359.67896354111144, 359.66402012412436, 359.66402012412436, 359.6398509571445, 359.6398509571445, 359.61037366610253, 359.61037366610253, 359.5642990411143, 359.5642990411143, 359.5501721241162, 359.5501721241162, 359.5395858321572, 359.5395858321572, 359.5308925821446, 359.5308925821446, 359.5159729991574, 359.5159729991574, 359.4998957901262, 359.4998957901262, 359.4867656651186, 359.4867656651186, 359.4707083731191, 359.4707083731191, 359.4630513730808, 359.4630513730808, 359.45260645705275, 359.45260645705275, 359.44584691605996, 359.44584691605996, 359.4399266660912, 359.4399266660912, 359.4323925410863, 359.4323925410863, 359.426301666128, 359.426301666128, 359.417869374156, 359.417869374156, 359.4028647071682, 359.4028647071682, 359.39585699816234, 359.39585699816234, 359.3852605811553, 359.3852605811553, 359.3779571651248, 359.3779571651248, 359.36048545717495, 359.36048545717495, 359.3523098321748, 359.3523098321748, 359.3367697072099, 359.3367697072099, 359.33023883221904, 359.33023883221904, 359.32288558222353, 359.32288558222353, 359.3157527492149, 359.3157527492149, 359.30650191620225, 359.30650191620225, 359.30491904122755, 359.30491904122755, 359.30437633319525], "a_moves_left": [39, 39, 38, 38, 37, 37, 36, 36, 35, 35, 34, 34, 33, 33, 32, 32, 31, 31, 30, 30, 29, 29, 28, 28, 27, 27, 26, 26, 25, 25, 24, 24, 23, 23, 22, 22, 21, 21, 20, 20, 19, 19, 18, 18, 17, 17, 16, 16, 15, 15, 14, 14, 13, 13, 12, 12, 11, 11, 10, 10, 9, 9, 8, 8, 7, 7, 6, 6, 5, 5, 4, 4, 3, 3, 2, 2, 1, 1, 0, 0], "b_moves_left": [40, 39, 39, 38, 38, 37, 37, 36, 36, 35, 35, 34, 34, 33, 33, 32, 32, 31, 31, 30, 30, 29, 29, 28, 28, 27, 27, 26, 26, 25, 25, 24, 24, 23, 23, 22, 22, 21, 21, 20, 20, 19, 19, 18, 18, 17, 17, 16, 16, 15, 15, 14, 14, 13, 13, 12, 12, 11, 11, 10, 10, 9, 9, 8, 8, 7, 7, 6, 6, 5, 5, 4, 4, 3, 3, 2, 2, 1, 1, 0], "trapdoor_triggered": [0, 0, 0, 0, 0, 0, 0, 0, 0, 0, 0, 0, 0, 0, 0, 0, 0, 0, 0, 0, 0, 0, 0, 0, 0, 0, 0, 0, 0, 0, 0, 0, 0, 0, 0, 0, 0, 0, 0, 0, 0, 0, 0, 0, 0, 0, 0, 0, 0, 0, 0, 0, 0, 0, 0, 0, 0, 0, 0, 0, 0, 0, 0, 0, 0, 0, 0, 0, 0, 0, 0, 0, 0, 0, 0, 0, 0, 0, 0, 0], "left_behind": ["turd", "egg", "turd", "plain", "turd", "egg", "plain", "plain", "plain", "egg", "plain", "plain", "plain", "egg", "plain", "plain", "plain", "egg", "turd", "plain", "plain", "egg", "plain", "plain", "plain", "egg", "plain", "plain", "plain", "plain", "plain", "plain", "plain", "plain", "turd", "plain", "egg", "plain", "plain", "plain", "egg", "plain", "plain", "plain", "plain", "plain", "plain", "plain", "plain", "plain", "plain", "plain", "plain", "plain", "plain", "plain", "egg", "plain", "plain", "plain", "plain", "plain", "plain", "plain", "plain", "plain", "plain", "plain", "egg", "plain", "plain", "plain", "plain", "plain", "plain", "plain", "egg", "plain", "plain", "plain"], "errlog_a": "", "errlog_b": "", "start_time": 360, "start_moves": 40, "turn_count": 80, "result": 1, "reason": "EGGS_LAID", "trapdoors": [[4, 4], [2, 3]], "spawn_a": [7, 3], "spawn_b": [0, 3]}