{"pos": [[6, 5], [0, 4], [6, 4], [0, 3], [7, 4], [0, 2], [7, 5], [0, 1], [7, 4], [1, 1], [7, 5], [1, 0], [6, 5], [2, 0], [6, 6], [3, 0], [6, 5], [4, 0], [6, 6], [5, 0], [7, 6], [6, 0], [7, 5], [7, 0], [7, 6], [7, 1], [6, 6], [6, 1], [6, 5], [5, 1], [6, 6], [5, 2], [5, 6], [5, 1], [6, 6], [4, 1], [7, 6], [3, 1], [6, 6], [3, 2]], "a_eggs_laid": [0, 0, 0, 0, 0, 0, 0, 0, 0, 0, 0, 0, 0, 0, 0, 0, 0, 0, 0, 0, 1, 1, 1, 1, 1, 1, 1, 1, 1, 1, 1, 1, 1, 1, 1, 1, 1, 1, 1, 1], "b_eggs_laid": [0, 1, 1, 1, 1, 2, 2, 2, 2, 3, 3, 3, 3, 4, 4, 4, 4, 5, 5, 5, 5, 6, 6, 6, 6, 9, 9, 9, 9, 10, 10, 10, 10, 11, 11, 11, 11, 12, 12, 12], "a_turds_left": [5, 5, 5, 5, 4, 4, 3, 3, 2, 2, 2, 2, 2, 2, 2, 2, 2, 2, 1, 1, 1, 1, 1, 1, 1, 1, 0, 0, 0, 0, 0, 0, 0, 0, 0, 0, 0, 0, 0, 0], "b_turds_left": [5, 5, 5, 5, 5, 5, 5, 5, 5, 5, 5, 5, 5, 5, 5, 5, 5, 5, 5, 5, 5, 5, 5, 5, 5, 5, 5, 5, 5, 5, 5, 5, 5, 5, 5, 5, 5, 5, 5, 5], "a_time_left": [358.47597420797683, 358.47597420797683, 356.9704581249971, 356.9704581249971, 355.464908791997, 355.464908791997, 353.9593942509964, 353.9593942509964, 352.45385566801997, 352.45385566801997, 350.94836800103076, 350.94836800103076, 349.44282858405495, 349.44282858405495, 347.9373893760494, 347.9373893760494, 346.4317345430609, 346.4317345430609, 344.92626200208906, 344.92626200208906, 343.4207408350776, 343.4207408350776, 341.9152902100468, 341.9152902100468, 340.40981233504135, 340.40981233504135, 338.90427558502415, 338.90427558502415, 337.4036701270379, 337.4036701270379, 335.89824450202286, 335.89824450202286, 334.3927398350206, 334.3927398350206, 332.8874111690093, 332.8874111690093, 331.3819201270235, 331.3819201270235, 329.87647741800174, 329.87647741800174], "b_time_left": [360, 357.55768170801457, 357.55768170801457, 356.6078061250155, 356.6078061250155, 355.5137869589962, 355.5137869589962, 354.9003909169696, 354.9003909169696, 354.5905870839488, 354.5905870839488, 354.0193019999424, 354.0193019999424, 352.70549712493084, 352.70549712493084, 351.8444134159363, 351.8444134159363, 350.26028145692544, 350.26028145692544, 349.6386028729612, 349.6386028729612, 349.09947278891923, 349.09947278891923, 348.7640977059491, 348.7640977059491, 348.3483378729434, 348.3483378729434, 348.10292766499333, 348.10292766499333, 347.24344133096747, 347.24344133096747, 346.8733092469629, 346.8733092469629, 346.02179645496653, 346.02179645496653, 345.6813371629687, 345.6813371629687, 345.2469627879909, 345.2469627879909, 344.872570705018], "a_moves_left": [39, 39, 38, 38, 37, 37, 36, 36, 35, 35, 34, 34, 33, 33, 32, 32, 31, 31, 30, 30, 29, 29, 28, 28, 27, 27, 26, 26, 25, 25, 24, 24, 23, 23, 22, 22, 21, 21, 20, 20], "b_moves_left": [40, 39, 39, 38, 38, 37, 37, 36, 36, 35, 35, 34, 34, 33, 33, 32, 32, 31, 31, 30, 30, 29, 29, 28, 28, 27, 27, 26, 26, 25, 25, 24, 24, 23, 23, 22, 22, 21, 21, 20], "trapdoor_triggered": [0, 0, 0, 0, 0, 0, 0, 0, 0, 0, 0, 0, 0, 0, 0, 0, 0, 0, 0, 0, 0, 0, 0, 0, 0, 0, 0, 0, 0, 0, 0, 0, 0, 0, 0, 0, 0, 0, 0, 0], "left_behind": ["plain", "egg", "plain", "plain", "turd", "egg", "turd", "plain", "turd", "egg", "plain", "plain", "plain", "egg", "plain", "plain", "plain", "egg", "turd", "plain", "egg", "egg", "plain", "plain", "plain", "egg", "turd", "plain", "plain", "egg", "plain", "plain", "plain", "egg", "plain", "plain", "plain", "egg", "plain", "plain"], "errlog_a": "Timeout", "errlog_b": "", "start_time": 360, "start_moves": 40, "turn_count": 40, "result": 1, "reason": "CODE_CRASH", "trapdoors": [[4, 4], [3, 4]], "spawn_a": [7, 5], "spawn_b": [0, 5]}