{"pos": [[6, 3], [0, 2], [6, 4], [0, 1], [6, 5], [1, 1], [7, 5], [1, 0], [6, 5], [2, 0], [6, 6], [3, 0], [5, 6], [4, 0], [5, 5], [5, 0], [5, 6], [6, 0], [4, 6], [7, 0], [4, 5], [7, 1], [3, 5], [7, 2], [3, 6], [7, 1], [2, 6], [6, 1], [2, 5], [5, 1], [2, 4], [0, 3], [3, 4], [0, 2], [4, 4], [1, 2], [5, 4], [1, 1], [5, 3], [2, 1], [7, 3], [3, 1], [6, 3], [4, 1], [6, 2], [3, 1], [7, 3], [3, 2], [6, 3], [4, 2], [6, 4], [0, 3], [7, 4], [1, 3], [6, 4], [2, 3], [7, 4], [1, 3], [6, 4], [1, 4], [6, 5], [1, 5], [6, 6], [2, 5], [5, 6], [1, 5], [5, 7], [1, 6], [4, 7], [1, 7], [3, 7], [0, 7], [3, 6], [0, 6], [2, 6], [0, 5], [3, 6], [0, 4], [3, 5], [0, 5]], "a_eggs_laid": [1, 1, 1, 1, 2, 2, 2, 2, 3, 3, 3, 3, 4, 4, 4, 4, 5, 5, 5, 5, 6, 6, 6, 6, 7, 7, 7, 7, 8, 8, 8, 8, 13, 13, 13, 13, 14, 14, 14, 14, 15, 15, 15, 15, 15, 15, 16, 16, 16, 16, 16, 16, 20, 20, 20, 20, 20, 20, 20, 20, 20, 20, 20, 20, 20, 20, 20, 20, 21, 21, 21, 21, 22, 22, 22, 22, 22, 22, 22, 22], "b_eggs_laid": [0, 1, 1, 1, 1, 2, 2, 2, 2, 3, 3, 3, 3, 4, 4, 4, 4, 5, 5, 5, 5, 8, 8, 8, 8, 9, 9, 9, 9, 10, 10, 10, 10, 10, 10, 10, 10, 11, 11, 11, 11, 16, 16, 16, 16, 17, 17, 21, 21, 22, 22, 22, 22, 22, 22, 22, 22, 23, 23, 23, 23, 24, 24, 24, 24, 25, 25, 25, 25, 26, 26, 26, 26, 29, 29, 29, 29, 29, 29, 29], "a_turds_left": [5, 5, 5, 5, 5, 5, 5, 5, 5, 5, 5, 5, 5, 5, 5, 5, 5, 5, 4, 4, 4, 4, 3, 3, 3, 3, 3, 3, 3, 3, 3, 3, 3, 3, 3, 3, 3, 3, 3, 3, 3, 3, 3, 3, 3, 3, 3, 3, 3, 3, 2, 2, 2, 2, 2, 2, 2, 2, 2, 2, 2, 2, 2, 2, 2, 2, 2, 2, 2, 2, 1, 1, 1, 1, 1, 1, 1, 1, 1, 1], "b_turds_left": [5, 5, 5, 5, 5, 5, 5, 5, 5, 5, 5, 5, 5, 5, 5, 5, 5, 5, 5, 5, 5, 5, 5, 5, 5, 5, 5, 5, 5, 5, 5, 5, 5, 5, 5, 5, 5, 5, 5, 5, 5, 5, 5, 5, 5, 5, 5, 5, 5, 5, 5, 5, 5, 5, 5, 5, 5, 5, 5, 5, 5, 5, 5, 5, 5, 5, 5, 5, 5, 5, 5, 5, 5, 5, 5, 5, 5, 4, 4, 4], "a_time_left": [358.3613464170485, 358.3613464170485, 357.38942670903634, 357.38942670903634, 355.4913237920264, 355.4913237920264, 354.10926633304916, 354.10926633304916, 352.49776241602376, 352.49776241602376, 351.5855242080288, 351.5855242080288, 349.34883904102026, 349.34883904102026, 348.4377597079729, 348.4377597079729, 346.1643732499797, 346.1643732499797, 345.50570954196155, 345.50570954196155, 343.9672067919746, 343.9672067919746, 343.1236352919368, 343.1236352919368, 341.42349066690076, 341.42349066690076, 340.6643500839127, 340.6643500839127, 337.3640609589056, 337.3640609589056, 336.3531690838863, 336.3531690838863, 335.47452766785864, 335.47452766785864, 334.693695001828, 334.693695001828, 332.94125537684886, 332.94125537684886, 332.2893503768719, 332.2893503768719, 329.894031501899, 329.894031501899, 329.5087649608613, 329.5087649608613, 328.2592569188564, 328.2592569188564, 327.4383527938626, 327.4383527938626, 326.84367329388624, 326.84367329388624, 326.4214035018813, 326.4214035018813, 326.2024201268796, 326.2024201268796, 325.6813957518898, 325.6813957518898, 324.95531779387966, 324.95531779387966, 324.5270540858619, 324.5270540858619, 323.9320600858773, 323.9320600858773, 323.2603541688877, 323.2603541688877, 322.98735600191867, 322.98735600191867, 322.67203195992624, 322.67203195992624, 321.5249756259145, 321.5249756259145, 321.2490322929225, 321.2490322929225, 320.6927300008829, 320.6927300008829, 320.5081974588684, 320.5081974588684, 320.28132095886394, 320.28132095886394, 320.25026537588565, 320.25026537588565], "b_time_left": [360, 357.9605993340374, 357.9605993340374, 356.7851502090343, 356.7851502090343, 354.6499101680238, 354.6499101680238, 353.1431697930675, 353.1431697930675, 351.5241327510448, 351.5241327510448, 350.4280850850628, 350.4280850850628, 348.49510271003237, 348.49510271003237, 346.9094435850275, 346.9094435850275, 344.9561574180261, 344.9561574180261, 344.0590922520496, 344.0590922520496, 342.8259687520913, 342.8259687520913, 341.86229425208876, 341.86229425208876, 340.84780487709213, 340.84780487709213, 340.00334916909924, 340.00334916909924, 337.7522678771056, 337.7522678771056, 336.1092911271262, 336.1092911271262, 335.7139420021558, 335.7139420021558, 334.91267946118023, 334.91267946118023, 333.8227483772207, 333.8227483772207, 332.629836627224, 332.629836627224, 332.1407515022438, 332.1407515022438, 331.7631797102513, 331.7631797102513, 330.51852000225335, 330.51852000225335, 330.2273363362765, 330.2273363362765, 329.72193471126957, 329.72193471126957, 329.4497945862822, 329.4497945862822, 329.33840271126246, 329.33840271126246, 329.08013283624314, 329.08013283624314, 328.7651853362913, 328.7651853362913, 328.5193481692695, 328.5193481692695, 328.0768932942301, 328.0768932942301, 327.74085191922495, 327.74085191922495, 327.54580766923027, 327.54580766923027, 326.81998246128205, 326.81998246128205, 326.0885357532534, 326.0885357532534, 325.8559254622669, 325.8559254622669, 325.69753433723236, 325.69753433723236, 325.5661629202077, 325.5661629202077, 325.4180303362082, 325.4180303362082, 325.41308512719115], "a_moves_left": [39, 39, 38, 38, 37, 37, 36, 36, 35, 35, 34, 34, 33, 33, 32, 32, 31, 31, 30, 30, 29, 29, 28, 28, 27, 27, 26, 26, 25, 25, 24, 24, 23, 23, 22, 22, 21, 21, 20, 20, 19, 19, 18, 18, 17, 17, 16, 16, 15, 15, 14, 14, 13, 13, 12, 12, 11, 11, 10, 10, 9, 9, 8, 8, 7, 7, 6, 6, 5, 5, 4, 4, 3, 3, 2, 2, 1, 1, 0, 0], "b_moves_left": [40, 39, 39, 38, 38, 37, 37, 36, 36, 35, 35, 34, 34, 33, 33, 32, 32, 31, 31, 30, 30, 29, 29, 28, 28, 27, 27, 26, 26, 25, 25, 24, 24, 23, 23, 22, 22, 21, 21, 20, 20, 19, 19, 18, 18, 17, 17, 16, 16, 15, 15, 14, 14, 13, 13, 12, 12, 11, 11, 10, 10, 9, 9, 8, 8, 7, 7, 6, 6, 5, 5, 4, 4, 3, 3, 2, 2, 1, 1, 0], "trapdoor_triggered": [0, 0, 0, 0, 0, 0, 0, 0, 0, 0, 0, 0, 0, 0, 0, 0, 0, 0, 0, 0, 0, 0, 0, 0, 0, 0, 0, 0, 0, 0, 0, 1, 0, 0, 0, 0, 0, 0, 0, 0, 1, 0, 0, 0, 0, 0, 1, 0, 0, 0, 0, 1, 0, 0, 0, 0, 0, 0, 0, 0, 0, 0, 0, 0, 0, 0, 0, 0, 0, 0, 0, 0, 0, 0, 0, 0, 0, 0, 0, 0], "left_behind": ["egg", "egg", "plain", "plain", "egg", "egg", "plain", "plain", "egg", "egg", "plain", "plain", "egg", "egg", "plain", "plain", "egg", "egg", "turd", "plain", "egg", "egg", "turd", "plain", "egg", "egg", "plain", "plain", "egg", "egg", "plain", "plain", "egg", "plain", "plain", "plain", "egg", "egg", "plain", "plain", "egg", "egg", "plain", "plain", "plain", "egg", "egg", "plain", "plain", "egg", "turd", "plain", "plain", "plain", "plain", "plain", "plain", "egg", "plain", "plain", "plain", "egg", "plain", "plain", "plain", "egg", "plain", "plain", "egg", "egg", "turd", "plain", "egg", "egg", "plain", "plain", "plain", "turd", "plain", "plain"], "errlog_a": "", "errlog_b": "", "start_time": 360, "start_moves": 40, "turn_count": 80, "result": 1, "reason": "EGGS_LAID", "trapdoors": [[3, 3], [5, 2]], "spawn_a": [7, 3], "spawn_b": [0, 3]}