{"pos": [[0, 1], [7, 1], [0, 0], [7, 0], [1, 0], [7, 1], [2, 0], [6, 1], [2, 1], [6, 2], [0, 2], [6, 3], [1, 2], [6, 4], [1, 3], [6, 5], [1, 4], [5, 5], [1, 5], [5, 6], [1, 6], [4, 6], [1, 7], [3, 6], [1, 6], [2, 6], [0, 6], [2, 7], [0, 5], [3, 7], [0, 4], [4, 7], [0, 3], [4, 6], [0, 2], [4, 5], [0, 1], [4, 4], [1, 1], [5, 4], [1, 2], [5, 3], [1, 1], [5, 2], [1, 2], [4, 2], [1, 3], [4, 1], [2, 3], [4, 0], [3, 3], [3, 0], [3, 4], [4, 0], [2, 4], [5, 0], [1, 4], [6, 0], [1, 5], [6, 1], [1, 4], [7, 1], [1, 3], [7, 2], [1, 4], [7, 3], [2, 4], [7, 4], [1, 4], [7, 5], [2, 4], [7, 6], [1, 4], [7, 7], [2, 4], [6, 7], [1, 4], [5, 7], [0, 4], [4, 7]], "a_eggs_laid": [1, 1, 1, 1, 4, 4, 4, 4, 5, 5, 5, 5, 5, 5, 5, 5, 6, 6, 6, 6, 7, 7, 7, 7, 8, 8, 8, 8, 9, 9, 9, 9, 10, 10, 10, 10, 10, 10, 10, 10, 11, 11, 11, 11, 11, 11, 11, 11, 11, 11, 11, 11, 12, 12, 12, 12, 13, 13, 13, 13, 13, 13, 13, 13, 13, 13, 13, 13, 13, 13, 13, 13, 13, 13, 13, 13, 13, 13, 13, 13], "b_eggs_laid": [0, 1, 1, 1, 1, 4, 4, 4, 4, 5, 5, 9, 9, 10, 10, 10, 10, 11, 11, 11, 11, 12, 12, 12, 12, 13, 13, 13, 13, 14, 14, 14, 14, 15, 15, 15, 15, 16, 16, 16, 16, 17, 17, 17, 17, 18, 18, 18, 18, 19, 19, 19, 19, 20, 20, 20, 20, 21, 21, 21, 21, 21, 21, 21, 21, 21, 21, 21, 21, 22, 22, 22, 22, 23, 23, 23, 23, 23, 23, 23], "a_turds_left": [5, 5, 5, 5, 5, 5, 5, 5, 5, 5, 5, 5, 5, 5, 5, 5, 5, 5, 5, 5, 5, 5, 5, 5, 5, 5, 5, 5, 5, 5, 5, 5, 5, 5, 5, 5, 5, 5, 5, 5, 5, 5, 5, 5, 5, 5, 4, 4, 4, 4, 4, 4, 4, 4, 4, 4, 4, 4, 4, 4, 4, 4, 4, 4, 4, 4, 4, 4, 4, 4, 4, 4, 4, 4, 4, 4, 4, 4, 4, 4], "b_turds_left": [5, 5, 5, 5, 5, 5, 5, 5, 5, 5, 5, 5, 5, 5, 5, 5, 5, 5, 5, 5, 5, 5, 5, 5, 5, 5, 5, 4, 4, 4, 4, 4, 4, 4, 4, 4, 4, 4, 4, 4, 4, 4, 4, 4, 4, 4, 4, 3, 3, 3, 3, 3, 3, 3, 3, 3, 3, 3, 3, 3, 3, 3, 3, 3, 3, 3, 3, 3, 3, 3, 3, 3, 3, 3, 3, 3, 3, 3, 3, 2], "a_time_left": [358.82111887499923, 358.82111887499923, 358.415681708022, 358.415681708022, 357.89036829100223, 357.89036829100223, 357.4502389569534, 357.4502389569534, 355.48459724895656, 355.48459724895656, 354.4074562069727, 354.4074562069727, 353.69889833196066, 353.69889833196066, 352.2458704569726, 352.2458704569726, 349.61081033194205, 349.61081033194205, 348.60944078996545, 348.60944078996545, 346.80040278995875, 346.80040278995875, 345.7167220399715, 345.7167220399715, 344.4466013739584, 344.4466013739584, 344.29480728995986, 344.29480728995986, 344.1076917479513, 344.1076917479513, 343.89738970593316, 343.89738970593316, 343.04060062294593, 343.04060062294593, 342.74435787298717, 342.74435787298717, 342.29958149802405, 342.29958149802405, 341.7973367480445, 341.7973367480445, 340.55153845704626, 340.55153845704626, 340.15771220700117, 340.15771220700117, 339.67085562396096, 339.67085562396096, 339.15802370692836, 339.15802370692836, 338.6430275819148, 338.6430275819148, 338.40315978991566, 338.40315978991566, 337.8726609569276, 337.8726609569276, 337.69803933193907, 337.69803933193907, 336.5227923739585, 336.5227923739585, 336.41923591599334, 336.41923591599334, 336.36832149897236, 336.36832149897236, 336.28766704100417, 336.28766704100417, 336.19020691601327, 336.19020691601327, 336.04419387399685, 336.04419387399685, 335.7496723320219, 335.7496723320219, 335.60146428999724, 335.60146428999724, 335.36274287395645, 335.36274287395645, 335.23850374895846, 335.23850374895846, 335.0476400819607, 335.0476400819607, 335.0300766649307, 335.0300766649307], "b_time_left": [360, 359.2324709579698, 359.2324709579698, 358.68650254094973, 358.68650254094973, 357.7358428739826, 357.7358428739826, 357.0304640819668, 357.0304640819668, 353.9561474570073, 353.9561474570073, 353.6002730820328, 353.6002730820328, 351.09705337299965, 351.09705337299965, 349.81868008099264, 349.81868008099264, 347.9808746219496, 347.9808746219496, 346.69970841298345, 346.69970841298345, 344.943319287966, 344.943319287966, 344.0131534959655, 344.0131534959655, 343.0324918709812, 343.0324918709812, 342.7079762459616, 342.7079762459616, 342.33826103794854, 342.33826103794854, 341.8232611629646, 341.8232611629646, 341.503247496963, 341.503247496963, 341.21399091393687, 341.21399091393687, 340.52168587292545, 340.52168587292545, 339.3092344569741, 339.3092344569741, 338.42534612398595, 338.42534612398595, 338.0717867909698, 338.0717867909698, 337.15567216597265, 337.15567216597265, 336.7373702499899, 336.7373702499899, 336.0085215829895, 336.0085215829895, 335.5085017909878, 335.5085017909878, 335.0018837079988, 335.0018837079988, 334.44980762398336, 334.44980762398336, 334.1760091239703, 334.1760091239703, 334.07339770696126, 334.07339770696126, 333.9145293729962, 333.9145293729962, 333.70298112300225, 333.70298112300225, 333.57483958097873, 333.57483958097873, 333.3440074969549, 333.3440074969549, 332.961228413973, 332.961228413973, 332.7293815809535, 332.7293815809535, 332.3421218309668, 332.3421218309668, 332.2129774139612, 332.2129774139612, 332.1376919139875, 332.1376919139875, 332.13479549699696], "a_moves_left": [39, 39, 38, 38, 37, 37, 36, 36, 35, 35, 34, 34, 33, 33, 32, 32, 31, 31, 30, 30, 29, 29, 28, 28, 27, 27, 26, 26, 25, 25, 24, 24, 23, 23, 22, 22, 21, 21, 20, 20, 19, 19, 18, 18, 17, 17, 16, 16, 15, 15, 14, 14, 13, 13, 12, 12, 11, 11, 10, 10, 9, 9, 8, 8, 7, 7, 6, 6, 5, 5, 4, 4, 3, 3, 2, 2, 1, 1, 0, 0], "b_moves_left": [40, 39, 39, 38, 38, 37, 37, 36, 36, 35, 35, 34, 34, 33, 33, 32, 32, 31, 31, 30, 30, 29, 29, 28, 28, 27, 27, 26, 26, 25, 25, 24, 24, 23, 23, 22, 22, 21, 21, 20, 20, 19, 19, 18, 18, 17, 17, 16, 16, 15, 15, 14, 14, 13, 13, 12, 12, 11, 11, 10, 10, 9, 9, 8, 8, 7, 7, 6, 6, 5, 5, 4, 4, 3, 3, 2, 2, 1, 1, 0], "trapdoor_triggered": [0, 0, 0, 0, 0, 0, 0, 0, 0, 0, 1, 0, 0, 0, 0, 0, 0, 0, 0, 0, 0, 0, 0, 0, 0, 0, 0, 0, 0, 0, 0, 0, 0, 0, 0, 0, 0, 0, 0, 0, 0, 0, 0, 0, 0, 0, 0, 0, 0, 0, 0, 0, 0, 0, 0, 0, 0, 0, 0, 0, 0, 0, 0, 0, 0, 0, 0, 0, 0, 0, 0, 0, 0, 0, 0, 0, 0, 0, 0, 0], "left_behind": ["egg", "egg", "plain", "plain", "egg", "egg", "plain", "plain", "egg", "egg", "plain", "plain", "plain", "egg", "plain", "plain", "egg", "egg", "plain", "plain", "egg", "egg", "plain", "plain", "egg", "egg", "plain", "turd", "egg", "egg", "plain", "plain", "egg", "egg", "plain", "plain", "plain", "egg", "plain", "plain", "egg", "egg", "plain", "plain", "plain", "egg", "turd", "turd", "plain", "egg", "plain", "plain", "egg", "egg", "plain", "plain", "egg", "egg", "plain", "plain", "plain", "plain", "plain", "plain", "plain", "plain", "plain", "plain", "plain", "egg", "plain", "plain", "plain", "egg", "plain", "plain", "plain", "plain", "plain", "turd"], "errlog_a": "", "errlog_b": "", "start_time": 360, "start_moves": 40, "turn_count": 80, "result": 1, "reason": "EGGS_LAID", "trapdoors": [[2, 2], [2, 5]], "spawn_a": [0, 2], "spawn_b": [7, 2]}