{"pos": [[0, 3], [7, 3], [0, 2], [7, 2], [0, 3], [7, 1], [1, 3], [7, 0], [1, 2], [7, 1], [2, 2], [6, 1], [3, 2], [6, 2], [3, 1], [5, 2], [2, 1], [6, 2], [2, 0], [6, 3], [1, 0], [6, 4], [0, 0], [6, 5], [0, 1], [6, 6], [1, 1], [7, 6], [1, 0], [6, 6], [2, 0], [6, 7], [3, 0], [6, 6], [4, 0], [5, 6], [4, 1], [4, 6], [5, 1], [7, 4], [4, 1], [6, 4], [4, 2], [5, 4], [4, 1], [5, 3], [3, 1], [4, 3], [4, 1], [5, 3], [3, 1], [5, 2], [2, 1], [6, 2], [3, 1], [6, 3], [3, 0], [6, 2], [4, 0], [6, 1], [3, 0], [6, 0], [3, 1], [5, 0], [3, 0], [6, 0], [4, 0], [6, 1], [3, 0], [6, 0], [3, 1], [6, 1], [2, 1], [6, 2], [2, 2], [6, 1], [2, 3], [6, 0], [2, 4], [7, 0]], "a_eggs_laid": [1, 1, 1, 1, 2, 2, 2, 2, 3, 3, 3, 3, 4, 4, 4, 4, 5, 5, 5, 5, 6, 6, 6, 6, 9, 9, 9, 9, 10, 10, 10, 10, 10, 10, 10, 10, 11, 11, 11, 11, 16, 16, 16, 16, 17, 17, 17, 17, 17, 17, 17, 17, 17, 17, 17, 17, 17, 17, 17, 17, 17, 17, 17, 17, 17, 17, 17, 17, 17, 17, 17, 17, 17, 17, 17, 17, 17, 17, 17, 17], "b_eggs_laid": [0, 1, 1, 1, 1, 2, 2, 2, 2, 5, 5, 5, 5, 6, 6, 6, 6, 7, 7, 7, 7, 8, 8, 8, 8, 9, 9, 9, 9, 10, 10, 10, 10, 11, 11, 11, 11, 12, 12, 12, 12, 12, 12, 12, 12, 13, 13, 13, 13, 14, 14, 14, 14, 14, 14, 14, 14, 14, 14, 14, 14, 14, 14, 14, 14, 15, 15, 15, 15, 15, 15, 15, 15, 15, 15, 15, 15, 15, 15, 15], "a_turds_left": [5, 5, 5, 5, 5, 5, 4, 4, 4, 4, 4, 4, 4, 4, 3, 3, 3, 3, 3, 3, 3, 3, 3, 3, 3, 3, 2, 2, 2, 2, 2, 2, 2, 2, 2, 2, 2, 2, 2, 2, 2, 2, 2, 2, 2, 2, 2, 2, 2, 2, 2, 2, 2, 2, 1, 1, 1, 1, 1, 1, 1, 1, 1, 1, 1, 1, 1, 1, 1, 1, 1, 1, 1, 1, 1, 1, 1, 1, 1, 1], "b_turds_left": [5, 5, 5, 5, 5, 5, 5, 5, 5, 5, 5, 5, 5, 5, 5, 5, 5, 5, 5, 5, 5, 5, 5, 5, 5, 5, 5, 5, 5, 5, 5, 5, 5, 5, 5, 5, 5, 5, 5, 5, 5, 5, 5, 5, 5, 5, 5, 5, 5, 5, 5, 5, 5, 5, 5, 5, 5, 5, 5, 5, 5, 5, 5, 5, 5, 5, 5, 5, 5, 5, 5, 5, 5, 5, 5, 5, 5, 5, 5, 4], "a_time_left": [358.62722795899026, 358.62722795899026, 357.8843522089883, 357.8843522089883, 356.3355771260103, 356.3355771260103, 355.7391571260523, 355.7391571260523, 354.4213045850629, 354.4213045850629, 353.5320846690447, 353.5320846690447, 350.55843812803505, 350.55843812803505, 349.2249631690793, 349.2249631690793, 347.2678673780756, 347.2678673780756, 346.3875054611126, 346.3875054611126, 344.0715384191135, 344.0715384191135, 343.16853041911963, 343.16853041911963, 341.86914925213205, 341.86914925213205, 340.9540447940817, 340.9540447940817, 339.31535104406066, 339.31535104406066, 338.5978047530516, 338.5978047530516, 338.2342231280636, 338.2342231280636, 337.72206196107436, 337.72206196107436, 336.45373075205134, 336.45373075205134, 335.50365325203165, 335.50365325203165, 335.15666837705066, 335.15666837705066, 334.48234441905515, 334.48234441905515, 333.1041424610885, 333.1041424610885, 332.7444306690595, 332.7444306690595, 332.41337537707295, 332.41337537707295, 332.1528317940538, 332.1528317940538, 331.9955387940281, 331.9955387940281, 331.82070296100574, 331.82070296100574, 331.6142955860123, 331.6142955860123, 331.48447500303155, 331.48447500303155, 331.38206633605296, 331.38206633605296, 331.21959246107144, 331.21959246107144, 331.0482841701014, 331.0482841701014, 330.9544287950848, 330.9544287950848, 330.8199407121283, 330.8199407121283, 330.72591371217277, 330.72591371217277, 330.51661054615397, 330.51661054615397, 330.348964254139, 330.348964254139, 330.1422174621257, 330.1422174621257, 330.09791846212465, 330.09791846212465], "b_time_left": [360, 358.3656938750064, 358.3656938750064, 357.34309300000314, 357.34309300000314, 356.20304995798506, 356.20304995798506, 355.0136787079973, 355.0136787079973, 353.62446833297145, 353.62446833297145, 352.16559370799223, 352.16559370799223, 348.68493937398307, 348.68493937398307, 347.2865053740097, 347.2865053740097, 345.98765262396773, 345.98765262396773, 345.06692179100355, 345.06692179100355, 343.99049470800674, 343.99049470800674, 343.4455657500075, 343.4455657500075, 342.41478262498276, 342.41478262498276, 341.32459420897067, 341.32459420897067, 341.0678863339708, 341.0678863339708, 340.814946458966, 340.814946458966, 340.1492998339818, 340.1492998339818, 339.15070462599397, 339.15070462599397, 337.67107645899523, 337.67107645899523, 336.67814583401196, 336.67814583401196, 336.37386104196776, 336.37386104196776, 335.32641824992606, 335.32641824992606, 334.8347679999424, 334.8347679999424, 334.4853492079419, 334.4853492079419, 334.23342204093933, 334.23342204093933, 333.9291177909472, 333.9291177909472, 333.801029456954, 333.801029456954, 333.49069512297865, 333.49069512297865, 333.36343649798073, 333.36343649798073, 333.06890353997005, 333.06890353997005, 332.9561459989636, 332.9561459989636, 332.75118183298036, 332.75118183298036, 332.64164979197085, 332.64164979197085, 332.5270803749445, 332.5270803749445, 332.41846854094183, 332.41846854094183, 332.22848120791605, 332.22848120791605, 332.12554387393175, 332.12554387393175, 331.73442524892744, 331.73442524892744, 331.67851574893575, 331.67851574893575, 331.67184429091867], "a_moves_left": [39, 39, 38, 38, 37, 37, 36, 36, 35, 35, 34, 34, 33, 33, 32, 32, 31, 31, 30, 30, 29, 29, 28, 28, 27, 27, 26, 26, 25, 25, 24, 24, 23, 23, 22, 22, 21, 21, 20, 20, 19, 19, 18, 18, 17, 17, 16, 16, 15, 15, 14, 14, 13, 13, 12, 12, 11, 11, 10, 10, 9, 9, 8, 8, 7, 7, 6, 6, 5, 5, 4, 4, 3, 3, 2, 2, 1, 1, 0, 0], "b_moves_left": [40, 39, 39, 38, 38, 37, 37, 36, 36, 35, 35, 34, 34, 33, 33, 32, 32, 31, 31, 30, 30, 29, 29, 28, 28, 27, 27, 26, 26, 25, 25, 24, 24, 23, 23, 22, 22, 21, 21, 20, 20, 19, 19, 18, 18, 17, 17, 16, 16, 15, 15, 14, 14, 13, 13, 12, 12, 11, 11, 10, 10, 9, 9, 8, 8, 7, 7, 6, 6, 5, 5, 4, 4, 3, 3, 2, 2, 1, 1, 0], "trapdoor_triggered": [0, 0, 0, 0, 0, 0, 0, 0, 0, 0, 0, 0, 0, 0, 0, 0, 0, 0, 0, 0, 0, 0, 0, 0, 0, 0, 0, 0, 0, 0, 0, 0, 0, 0, 0, 0, 0, 0, 0, 1, 0, 0, 0, 0, 0, 0, 0, 0, 0, 0, 0, 0, 0, 0, 0, 0, 0, 0, 0, 0, 0, 0, 0, 0, 0, 0, 0, 0, 0, 0, 0, 0, 0, 0, 0, 0, 0, 0, 0, 0], "left_behind": ["egg", "egg", "plain", "plain", "egg", "egg", "turd", "plain", "egg", "egg", "plain", "plain", "egg", "egg", "turd", "plain", "egg", "egg", "plain", "plain", "egg", "egg", "plain", "plain", "egg", "egg", "turd", "plain", "egg", "egg", "plain", "plain", "plain", "egg", "plain", "plain", "egg", "egg", "plain", "plain", "egg", "plain", "plain", "plain", "egg", "egg", "plain", "plain", "plain", "egg", "plain", "plain", "plain", "plain", "turd", "plain", "plain", "plain", "plain", "plain", "plain", "plain", "plain", "plain", "plain", "egg", "plain", "plain", "plain", "plain", "plain", "plain", "plain", "plain", "plain", "plain", "plain", "plain", "plain", "turd"], "errlog_a": "", "errlog_b": "", "start_time": 360, "start_moves": 40, "turn_count": 80, "result": 0, "reason": "EGGS_LAID", "trapdoors": [[4, 4], [4, 5]], "spawn_a": [0, 4], "spawn_b": [7, 4]}