{"pos": [[6, 1], [1, 1], [6, 2], [1, 0], [5, 2], [2, 0], [5, 1], [3, 0], [5, 2], [3, 1], [5, 3], [4, 1], [6, 3], [3, 1], [7, 3], [3, 2], [6, 3], [3, 1], [6, 4], [2, 1], [6, 5], [2, 2], [7, 5], [2, 3], [6, 5], [2, 2], [6, 6], [1, 2], [5, 6], [1, 3], [5, 5], [1, 4], [5, 6], [1, 5], [5, 7], [2, 5], [6, 7], [2, 6], [7, 7], [3, 6], [7, 6], [2, 6], [7, 7], [2, 7], [7, 6], [2, 6], [7, 7], [1, 6], [7, 6], [1, 5], [7, 7], [0, 5], [7, 6], [0, 4], [6, 6], [0, 3], [5, 6], [0, 2], [4, 6], [0, 1], [4, 5], [1, 1], [3, 5], [1, 0], [7, 1], [2, 0], [6, 1], [3, 0], [6, 0], [3, 1], [7, 0], [3, 0], [6, 0], [3, 1], [6, 1], [3, 0], [6, 2], [2, 0], [7, 2], [1, 0]], "a_eggs_laid": [1, 1, 1, 1, 2, 2, 2, 2, 3, 3, 3, 3, 4, 4, 4, 4, 5, 5, 5, 5, 6, 6, 6, 6, 7, 7, 7, 7, 8, 8, 8, 8, 9, 9, 9, 9, 10, 10, 10, 10, 13, 13, 13, 13, 13, 13, 13, 13, 13, 13, 13, 13, 13, 13, 13, 13, 13, 13, 13, 13, 14, 14, 14, 14, 15, 15, 15, 15, 15, 15, 16, 16, 16, 16, 16, 16, 16, 16, 16, 16], "b_eggs_laid": [0, 1, 1, 1, 1, 2, 2, 2, 2, 3, 3, 3, 3, 4, 4, 4, 4, 5, 5, 5, 5, 6, 6, 6, 6, 7, 7, 7, 7, 8, 8, 8, 8, 9, 9, 9, 9, 10, 10, 10, 10, 11, 11, 11, 11, 12, 12, 12, 12, 13, 13, 13, 13, 14, 14, 14, 14, 15, 15, 15, 15, 15, 15, 15, 15, 19, 19, 19, 19, 19, 19, 19, 19, 19, 19, 19, 19, 19, 19, 19], "a_turds_left": [5, 5, 5, 5, 5, 5, 5, 5, 5, 5, 4, 4, 4, 4, 4, 4, 4, 4, 3, 3, 3, 3, 3, 3, 3, 3, 2, 2, 2, 2, 2, 2, 2, 2, 1, 1, 1, 1, 1, 1, 1, 1, 1, 1, 1, 1, 1, 1, 1, 1, 1, 1, 1, 1, 1, 1, 1, 1, 1, 1, 1, 1, 1, 1, 1, 1, 1, 1, 1, 1, 1, 1, 1, 1, 1, 1, 1, 1, 1, 1], "b_turds_left": [5, 5, 5, 5, 5, 5, 5, 5, 5, 5, 5, 5, 5, 5, 5, 5, 5, 5, 5, 5, 5, 5, 5, 5, 5, 5, 5, 5, 5, 5, 5, 5, 5, 5, 5, 5, 5, 5, 5, 5, 5, 5, 5, 5, 5, 5, 5, 5, 5, 5, 5, 5, 5, 5, 5, 5, 5, 5, 5, 5, 5, 5, 5, 5, 5, 5, 5, 5, 5, 5, 5, 5, 5, 5, 5, 5, 5, 5, 5, 4], "a_time_left": [358.44468862499343, 358.44468862499343, 356.4511322499602, 356.4511322499602, 354.42832124995766, 354.42832124995766, 353.1045463749324, 353.1045463749324, 351.41468124988023, 351.41468124988023, 350.150590166857, 350.150590166857, 348.07376420882065, 348.07376420882065, 346.9876191248186, 346.9876191248186, 344.5817722498323, 344.5817722498323, 343.6640759577858, 343.6640759577858, 339.58897233282914, 339.58897233282914, 338.205630165874, 338.205630165874, 335.4714789988939, 335.4714789988939, 334.4561091659125, 334.4561091659125, 330.8836776239332, 330.8836776239332, 329.2062603329541, 329.2062603329541, 324.9760665829526, 324.9760665829526, 323.43147249892354, 323.43147249892354, 321.01828229095554, 321.01828229095554, 320.27647699892987, 320.27647699892987, 319.44803704094375, 319.44803704094375, 318.847054832906, 318.847054832906, 318.6411834579194, 318.6411834579194, 318.3055895419093, 318.3055895419093, 318.07581987488084, 318.07581987488084, 317.75180745788384, 317.75180745788384, 317.56708287488436, 317.56708287488436, 317.3470853328472, 317.3470853328472, 316.94068766589044, 316.94068766589044, 316.8536225408898, 316.8536225408898, 316.5983813328785, 316.5983813328785, 316.4180111658643, 316.4180111658643, 316.3060298739001, 316.3060298739001, 316.2472779158852, 316.2472779158852, 315.7621704158955, 315.7621704158955, 315.3005982079194, 315.3005982079194, 315.1322064989363, 315.1322064989363, 314.9960757489316, 314.9960757489316, 314.74073329090606, 314.74073329090606, 314.72302791586844, 314.72302791586844], "b_time_left": [360, 357.8208206249983, 357.8208206249983, 355.95221583300736, 355.95221583300736, 353.93222120800056, 353.93222120800056, 352.5245712500182, 352.5245712500182, 350.3958278330392, 350.3958278330392, 348.806772666052, 348.806772666052, 347.35806220705854, 347.35806220705854, 346.13227920705685, 346.13227920705685, 344.85290058207465, 344.85290058207465, 343.4116002910305, 343.4116002910305, 339.7859376660199, 339.7859376660199, 338.49807579105254, 338.49807579105254, 335.4722314160899, 335.4722314160899, 334.5059529991122, 334.5059529991122, 331.3287583331112, 331.3287583331112, 329.4222839160939, 329.4222839160939, 326.2305002080975, 326.2305002080975, 325.3795679160976, 325.3795679160976, 324.4872598320944, 324.4872598320944, 323.79394887405215, 323.79394887405215, 323.2626934570726, 323.2626934570726, 322.8482729570824, 322.8482729570824, 322.4313221240882, 322.4313221240882, 322.14388304110616, 322.14388304110616, 321.6240567070781, 321.6240567070781, 321.34220095706405, 321.34220095706405, 320.9753197480459, 320.9753197480459, 320.71234991407255, 320.71234991407255, 320.1983778720605, 320.1983778720605, 319.7769240810303, 319.7769240810303, 319.50160470599076, 319.50160470599076, 318.8615283310064, 318.8615283310064, 318.7434293719707, 318.7434293719707, 318.40444083098555, 318.40444083098555, 317.76366616395535, 317.76366616395535, 317.52182645496214, 317.52182645496214, 317.39666345494334, 317.39666345494334, 317.1217869959073, 317.1217869959073, 317.0569850789034, 317.0569850789034, 317.05182766291546], "a_moves_left": [39, 39, 38, 38, 37, 37, 36, 36, 35, 35, 34, 34, 33, 33, 32, 32, 31, 31, 30, 30, 29, 29, 28, 28, 27, 27, 26, 26, 25, 25, 24, 24, 23, 23, 22, 22, 21, 21, 20, 20, 19, 19, 18, 18, 17, 17, 16, 16, 15, 15, 14, 14, 13, 13, 12, 12, 11, 11, 10, 10, 9, 9, 8, 8, 7, 7, 6, 6, 5, 5, 4, 4, 3, 3, 2, 2, 1, 1, 0, 0], "b_moves_left": [40, 39, 39, 38, 38, 37, 37, 36, 36, 35, 35, 34, 34, 33, 33, 32, 32, 31, 31, 30, 30, 29, 29, 28, 28, 27, 27, 26, 26, 25, 25, 24, 24, 23, 23, 22, 22, 21, 21, 20, 20, 19, 19, 18, 18, 17, 17, 16, 16, 15, 15, 14, 14, 13, 13, 12, 12, 11, 11, 10, 10, 9, 9, 8, 8, 7, 7, 6, 6, 5, 5, 4, 4, 3, 3, 2, 2, 1, 1, 0], "trapdoor_triggered": [0, 0, 0, 0, 0, 0, 0, 0, 0, 0, 0, 0, 0, 0, 0, 0, 0, 0, 0, 0, 0, 0, 0, 0, 0, 0, 0, 0, 0, 0, 0, 0, 0, 0, 0, 0, 0, 0, 0, 0, 0, 0, 0, 0, 0, 0, 0, 0, 0, 0, 0, 0, 0, 0, 0, 0, 0, 0, 0, 0, 0, 0, 0, 0, 1, 0, 0, 0, 0, 0, 0, 0, 0, 0, 0, 0, 0, 0, 0, 0], "left_behind": ["egg", "egg", "plain", "plain", "egg", "egg", "plain", "plain", "egg", "egg", "turd", "plain", "egg", "egg", "plain", "plain", "egg", "egg", "turd", "plain", "egg", "egg", "plain", "plain", "egg", "egg", "turd", "plain", "egg", "egg", "plain", "plain", "egg", "egg", "turd", "plain", "egg", "egg", "plain", "plain", "egg", "egg", "plain", "plain", "plain", "egg", "plain", "plain", "plain", "egg", "plain", "plain", "plain", "egg", "plain", "plain", "plain", "egg", "plain", "plain", "egg", "plain", "plain", "plain", "egg", "plain", "plain", "plain", "plain", "plain", "egg", "plain", "plain", "plain", "plain", "plain", "plain", "plain", "plain", "turd"], "errlog_a": "", "errlog_b": "", "start_time": 360, "start_moves": 40, "turn_count": 80, "result": 1, "reason": "EGGS_LAID", "trapdoors": [[4, 4], [3, 4]], "spawn_a": [7, 1], "spawn_b": [0, 1]}