{"pos": [[7, 2], [1, 1], [7, 3], [2, 1], [7, 4], [3, 1], [6, 4], [4, 1], [6, 5], [4, 0], [6, 6], [5, 0], [5, 6], [6, 0], [4, 6], [6, 1], [3, 6], [5, 1], [2, 6], [5, 2], [2, 5], [4, 2], [2, 4], [3, 2], [1, 4], [3, 1], [1, 3], [3, 0], [1, 4], [2, 0], [1, 5], [1, 0], [1, 6], [1, 1], [1, 7], [1, 2], [2, 7], [0, 2], [3, 7], [0, 3], [4, 7], [0, 4], [5, 7], [0, 5], [5, 6], [0, 6], [5, 5], [0, 7], [6, 5], [0, 6], [7, 5], [1, 6], [7, 6], [0, 6], [7, 7], [0, 5], [7, 6], [0, 4], [6, 6], [0, 3], [5, 6], [0, 2], [4, 6], [0, 1], [4, 5], [1, 1], [3, 5], [2, 1], [3, 4], [2, 0], [4, 4], [3, 0], [5, 4], [4, 0], [5, 3], [5, 0], [6, 3], [4, 0], [6, 4], [3, 0]], "a_eggs_laid": [1, 1, 1, 1, 2, 2, 2, 2, 3, 3, 3, 3, 4, 4, 4, 4, 5, 5, 5, 5, 6, 6, 6, 6, 7, 7, 7, 7, 8, 8, 8, 8, 9, 9, 9, 9, 10, 10, 10, 10, 11, 11, 11, 11, 12, 12, 12, 12, 13, 13, 13, 13, 14, 14, 14, 14, 17, 17, 17, 17, 17, 17, 17, 17, 17, 17, 17, 17, 18, 18, 18, 18, 19, 19, 19, 19, 20, 20, 20, 20], "b_eggs_laid": [0, 1, 1, 1, 1, 2, 2, 2, 2, 3, 3, 3, 3, 4, 4, 4, 4, 5, 5, 5, 5, 6, 6, 6, 6, 7, 7, 7, 7, 8, 8, 8, 8, 9, 9, 9, 9, 10, 10, 10, 10, 11, 11, 11, 11, 12, 12, 12, 12, 15, 15, 15, 15, 15, 15, 15, 15, 15, 15, 15, 15, 15, 15, 15, 15, 15, 15, 15, 15, 15, 15, 15, 15, 15, 15, 15, 15, 15, 15, 15], "a_turds_left": [5, 5, 5, 5, 5, 5, 5, 5, 5, 5, 5, 5, 5, 5, 5, 5, 5, 5, 5, 5, 5, 5, 5, 5, 5, 5, 5, 5, 5, 5, 5, 5, 5, 5, 5, 5, 5, 5, 5, 5, 5, 5, 5, 5, 5, 5, 5, 5, 5, 5, 5, 5, 5, 5, 5, 5, 5, 5, 5, 5, 5, 5, 5, 5, 5, 5, 5, 5, 5, 5, 5, 5, 5, 5, 5, 5, 5, 5, 5, 5], "b_turds_left": [5, 5, 5, 5, 5, 5, 5, 5, 5, 5, 5, 5, 5, 5, 5, 5, 5, 5, 5, 5, 5, 5, 5, 4, 4, 4, 4, 4, 4, 4, 4, 4, 4, 4, 4, 4, 4, 4, 4, 4, 4, 4, 4, 4, 4, 4, 4, 4, 4, 4, 4, 4, 4, 4, 4, 4, 4, 4, 4, 4, 4, 4, 4, 4, 4, 4, 4, 4, 4, 4, 4, 4, 4, 4, 4, 4, 4, 4, 4, 3], "a_time_left": [358.75263399997493, 358.75263399997493, 357.93175633397186, 357.93175633397186, 355.44763020897517, 355.44763020897517, 354.41711920895614, 354.41711920895614, 351.6886646259809, 351.6886646259809, 350.94623150100233, 350.94623150100233, 349.07933766796486, 349.07933766796486, 348.3984086679411, 348.3984086679411, 346.05534579296364, 346.05534579296364, 345.2493046259624, 345.2493046259624, 342.74501175095793, 342.74501175095793, 341.5513152919593, 341.5513152919593, 339.72077720897505, 339.72077720897505, 339.1044357930077, 339.1044357930077, 337.2711290430161, 337.2711290430161, 336.80862321006134, 336.80862321006134, 334.4702156680869, 334.4702156680869, 333.98011416808004, 333.98011416808004, 332.8217803760781, 332.8217803760781, 332.58710070909, 332.58710070909, 332.1018218760728, 332.1018218760728, 331.9230564600439, 331.9230564600439, 331.4764920020243, 331.4764920020243, 331.1786622519721, 331.1786622519721, 330.63499850197695, 330.63499850197695, 330.53240504395217, 330.53240504395217, 330.2187462519505, 330.2187462519505, 330.1207518769661, 330.1207518769661, 329.9594323769561, 329.9594323769561, 329.8387660019216, 329.8387660019216, 329.7313699609367, 329.7313699609367, 329.5869885858847, 329.5869885858847, 329.47180612786906, 329.47180612786906, 329.1994621278718, 329.1994621278718, 328.4310693368898, 328.4310693368898, 328.28804791986477, 328.28804791986477, 327.8449456698145, 327.8449456698145, 327.73222858679947, 327.73222858679947, 327.5062008367968, 327.5062008367968, 327.48131246177945, 327.48131246177945], "b_time_left": [360, 359.012390666001, 359.012390666001, 358.0068724580342, 358.0068724580342, 356.167010166042, 356.167010166042, 354.8309720410616, 354.8309720410616, 352.68532670807326, 352.68532670807326, 351.64685933309374, 351.64685933309374, 349.769923041109, 349.769923041109, 348.9441688330844, 348.9441688330844, 347.0538797501358, 347.0538797501358, 345.6862205421785, 345.6862205421785, 342.3370801261626, 342.3370801261626, 341.52102725120494, 341.52102725120494, 340.58855279319687, 340.58855279319687, 339.46837512619095, 339.46837512619095, 337.9688260841649, 337.9688260841649, 336.89751854218775, 336.89751854218775, 335.5050877511967, 335.5050877511967, 334.511202918191, 334.511202918191, 333.81784758518916, 333.81784758518916, 333.2975848761853, 333.2975848761853, 332.8916824592161, 332.8916824592161, 332.431561709207, 332.431561709207, 331.8180181251955, 331.8180181251955, 331.29511291719973, 331.29511291719973, 331.0938542081858, 331.0938542081858, 330.8035570422071, 330.8035570422071, 330.7049892092473, 330.7049892092473, 330.57841445924714, 330.57841445924714, 330.52943954325747, 330.52943954325747, 330.40713291824795, 330.40713291824795, 330.3347752932459, 330.3347752932459, 330.18440937722335, 330.18440937722335, 329.98027687723516, 329.98027687723516, 329.3933537102421, 329.3933537102421, 329.2329455012223, 329.2329455012223, 328.7761404591729, 328.7761404591729, 328.62436470919056, 328.62436470919056, 328.34745312522864, 328.34745312522864, 328.2950388332247, 328.2950388332247, 328.29115191620076], "a_moves_left": [39, 39, 38, 38, 37, 37, 36, 36, 35, 35, 34, 34, 33, 33, 32, 32, 31, 31, 30, 30, 29, 29, 28, 28, 27, 27, 26, 26, 25, 25, 24, 24, 23, 23, 22, 22, 21, 21, 20, 20, 19, 19, 18, 18, 17, 17, 16, 16, 15, 15, 14, 14, 13, 13, 12, 12, 11, 11, 10, 10, 9, 9, 8, 8, 7, 7, 6, 6, 5, 5, 4, 4, 3, 3, 2, 2, 1, 1, 0, 0], "b_moves_left": [40, 39, 39, 38, 38, 37, 37, 36, 36, 35, 35, 34, 34, 33, 33, 32, 32, 31, 31, 30, 30, 29, 29, 28, 28, 27, 27, 26, 26, 25, 25, 24, 24, 23, 23, 22, 22, 21, 21, 20, 20, 19, 19, 18, 18, 17, 17, 16, 16, 15, 15, 14, 14, 13, 13, 12, 12, 11, 11, 10, 10, 9, 9, 8, 8, 7, 7, 6, 6, 5, 5, 4, 4, 3, 3, 2, 2, 1, 1, 0], "trapdoor_triggered": [0, 0, 0, 0, 0, 0, 0, 0, 0, 0, 0, 0, 0, 0, 0, 0, 0, 0, 0, 0, 0, 0, 0, 0, 0, 0, 0, 0, 0, 0, 0, 0, 0, 0, 0, 0, 0, 0, 0, 0, 0, 0, 0, 0, 0, 0, 0, 0, 0, 0, 0, 0, 0, 0, 0, 0, 0, 0, 0, 0, 0, 0, 0, 0, 0, 0, 0, 0, 0, 0, 0, 0, 0, 0, 0, 0, 0, 0, 0, 0], "left_behind": ["egg", "egg", "plain", "plain", "egg", "egg", "plain", "plain", "egg", "egg", "plain", "plain", "egg", "egg", "plain", "plain", "egg", "egg", "plain", "plain", "egg", "egg", "plain", "turd", "egg", "egg", "plain", "plain", "egg", "egg", "plain", "plain", "egg", "egg", "plain", "plain", "egg", "egg", "plain", "plain", "egg", "egg", "plain", "plain", "egg", "egg", "plain", "plain", "egg", "egg", "plain", "plain", "egg", "plain", "plain", "plain", "egg", "plain", "plain", "plain", "plain", "plain", "plain", "plain", "plain", "plain", "plain", "plain", "egg", "plain", "plain", "plain", "egg", "plain", "plain", "plain", "egg", "plain", "plain", "turd"], "errlog_a": "", "errlog_b": "", "start_time": 360, "start_moves": 40, "turn_count": 80, "result": 0, "reason": "EGGS_LAID", "trapdoors": [[3, 3], [4, 3]], "spawn_a": [7, 1], "spawn_b": [0, 1]}